exam_file,id,stem,option_A,option_B,option_C,option_D,correct_option
ertegha_1403.jsonl,OBGYN-1403-CAT-218,مدیریت نفخ و اتساع شکم پس از جراحی سرطان تخمدان خانم ۴۶ ساله‌ای پس از جراحی طولانی سرطان تخمدان، دو روز بعد دچار نفخ و اتساع شکم شده و تب ندارد. اقدام مناسب کدام است؟ * الف) هر چه زودتر تغذیه وریدی شروع شود,null,بررسی الکترولیت‌ها و عکس‌برداری شکم,آنتی‌بیوتیک با دوز بالا شروع شود,مسکن نارکوتیک و آنتی‌بیوتیک,
ertegha_1403.jsonl,OBGYN-1403-CAT-275,خانمی باردار ۲۸ هفته و سابقه افسردگی پس از زایمان با علائم کاهش اشتها، احساس گناه و ناامیدی، اختلال در تمرکز و بی‌خوابی به شما مراجعه کرده است. علائم حیاتی طبیعی است. داروی خط اول کدام است؟ * الف) هالوپریدول,null,الانزاپین,سیتالوپرام,دوکسپین,
ertegha_1403.jsonl,OBGYN-1403-CAT-276,آقای ۵۵ ساله‌ای است که برای نمونه‌برداری پروستات بستری شده است. وقتی همسر بیمار به صورت موقت بخش را ترک می‌کند، بیمار پرستار خود را صدا زده و به ایشان می‌گوید که سه سال است که به هپاتیت C مبتلا شده ولی همسرش چیزی در این رابطه نمی‌داند و از پرستار می‌خواهد که اگر این بیماری بر روند نمونه‌برداری تأثیر دارد به متخصص اورولوژی اطلاع دهد و همچنین مراقبت کند که این راز از همراهانش مخفی بماند. کدام گزینه در رابطه با این مورد تصمیم بهتر است؟ * الف) با توجه به احتمال آسیب به همسر لازم است پزشک معالج ابتدا بیمار را آگاه کند و سپس به همسرش اطلاع دهد.,null,لازم نیست پرستار موضوع را به پزشک منتقل کند و نمونه‌برداری پروستات به صورت عادی انجام گیرد.,به صورت غیرمستقیم به همسر بیمار می‌فهمانیم که آزمایش بدهد و در صورت نیاز درمان را آغاز کند.,چنانچه بیمار تحت نظر پزشک متخصص عفونی است اقدام خاصی لازم نیست و نمونه‌برداری انجام می‌شود.,
ertegha_1403.jsonl,OBGYN-1403-CAT-277,خانمی ۳۷ ساله است که به دلیل خونریزی گوارشی در بخش داخلی گوارش بستری شده است. در راند آموزشی بعد از معاینه مقعدی توسط استاد و یکی از دانشجویان دختر، بیمار اجازه معاینه توسط سایر دانشجویان پزشکی را نمی‌دهد. بهترین برخورد با وی کدام است؟ * الف) تنها در صورتی مخالفت بیمار قابل قبول است که عدم رضایت به معاینه نقاط حساس بدن را در فرم رضایتنامه کلی که در بدو ورود به بیمارستان آموزشی اخذ می‌شود، اعلام کرده باشد.,null,تنها در صورتی می‌توان بیمار را مجبور به معاینه نمود که طبق تشخیص استاد، مخالفت او باعث اختلال در یادگیری دانشجویان و به هم ریختن نظم بخش شده باشد.,اگر بیمار برای دفعات بعدی رضایت به انجام معاینه توسط دانشجویان را نداشت، اقدامات تشخیصی و درمانی بر اساس امکانات موجود انجام می‌شود.,اگر بیمار راضی به انجام معاینه توسط دانشجویان نشد، موضوع در پرونده وی ثبت شده و به او کمک می‌کنیم تا به یک بیمارستان آموزشی یا غیر آموزشی دیگر منتقل شود.,
ertegha_1403.jsonl,OBGYN-1403-CAT-281,خانم با سن حاملگی ۴۰ هفته به دلیل دردهای زایمانی مراجعه کرده است. در بدو ورود معاینه واژینال: سر جنین در موقعیت سفالیک، کیسه آب پاره، مایع آمنیوتیک شفاف، دیلاتاسیون سرویکس ۳ سانتی‌متر، افاسمان ۶۰٪ می‌باشد. در معاینه یک ساعت بعد دیلاتاسیون سرویکس کمتر از ۱ سانتی‌متر پیشرفت داشته است. انقباضات رحمی مناسب است. اقدام مناسب بعدی کدام است؟ * الف) تحت نظر گرفتن,null,تجویز اکسی‌توسین,انجام سزارین,تجویز مسکن,
ertegha_1403.jsonl,OBGYN-1403-CAT-340,خانم بارداری امروز با کودک مبتلا به آبله مرغان (VZV) تماس داشته است. سابقه ابتلا قبلی را به یاد نمی‌آورد. اقدام مناسب بعدی کدام است؟ - الف) بررسی سرولوژی VZV,null,دریافت ایمونوگلوبولین,تحت نظر گرفتن مادر,شروع درمان با آسیکلوویر,
ertegha_1403.jsonl,OBGYN-1403-CAT-353,دختر خانم ۱۴ ساله و پست منارک با سونوگرافی دال بر کیست تخمدان چند حفره‌ای ۷ سانتی‌متری مراجعه کرده است. علیرغم ۲ ماه مصرف قرص کنتراسپتیو، کیست ثابت باقی مانده است. اقدام بعدی کدام است؟ - الف) جراحی لاپاروسکوپی,null,تکرار سونوگرافی ۳ ماه بعد,بررسی AFP و hCG,سی‌تی اسکن لگن و شکم,
ertegha_1403.jsonl,OBGYN-1403-CAT-444,بیمار ده روز بعد از سزارین سوم با حال عمومی بد، توکسیک و تب مراجعه کرده است. با احتمال پریتونیت شدید بستری شده است. کدامیک از اقدامات تشخیصی زیر ارجح است؟ * الف) سونوگرافی کامل شکم و لگن,null,سی‌تی اسکن شکم و لگن,پاراسنتز شکم,لاپاراسکوپی تشخیصی,
ertegha_1403.jsonl,OBGYN-1403-CAT-472,خانم ۴۰ ساله به علت بدخیمی تخمدان کاندید جراحی هیسترکتومی و سالپنگو اوفورکتومی و staging شده است. حین جراحی یکی از شاخه‌های قدامی شریان ایلیاک داخلی، دچار خونریزی ضربان‌دار شده است. صحیح‌ترین اقدام جهت کنترل خونریزی کدام است؟ الف) بستن لومن شریان با بخیه یا کلیپس,null,تامپون کردن رگ,مشاوره فوری با متخصص جراحی عروق,استفاده از عوامل هموستاتیک,
ertegha_1403.jsonl,OBGYN-1403-CAT-484,سوال: خانمی ۳۵ ساله با بارداری ۳۶ هفته G3L2 و سابقه دو JL سزارین و پلاسنتا اینکرتا بستری شده است. یکی از اقدامات زیر صحیح است؟ - الف) بیهوشی بیمار حتماً آنستزی جنرال باشد.,null,سیستوسکوپی جهت تعبیه کاتتر حالب بعد از هیسترکتومی انجام شود.,محل برش سزارین دورتر از جفت باشد.,قبل از شروع هیسترکتومی نیازی به ترمیم میومتر نمی‌باشد.,
ertegha_1403.jsonl,OBGYN-1403-CAT-508,بیمار خانم ۳۲ ساله باردار با شکایت سردرد و ترشحات پشت حلق و تنفس بدبو از سه روز قبل مراجعه کرده است. سابقه بیماری خاصی ندارد. درمان مناسب چیست؟ - الف) سودوافدرین,null,آنتی‌هیستامین,آموکسی‌سیلین,نووفلوکساسین,
ertegha_1403.jsonl,OBGYN-1403-CAT-509,کدام عصب در معاینه پرینه نرمال، احتمال آسیب دارد؟ * عصب اوبتوراتور * پودندال * عصب فمورال * سوپریور گلوتئال,null,null,null,null,
ertegha_1403.jsonl,OBGYN-1403-CAT-528,هنگام سیستوسکوپی در حین جراحی اسلینگ مید یورترا به روش رتروپوبیک (TVT) متوجه عبور تروکار از داخل مثانه می‌شویم. اقدام بعدی کدام است؟ الف) جاگذاری مجدد تروکار و ترمیم محل پارگی مثانه,null,کنسل کردن جراحی و ترمیم محل پارگی مثانه,جاگذاری مجدد تروکار و نگه داشتن سوند به مدت یک هفته,کنسل کردن جراحی TVT و نگه داشتن سوند به مدت ۲ هفته,
ertegha_1403.jsonl,OBGYN-1403-CAT-651,شما به عنوان پزشک مسئول اورژانس، با یک بیمار مولتی ترومای غیرهوشیار به دنبال تصادف شدید رانندگی مواجه هستید. بیمار به سوالات شما پاسخ نمی‌دهد اما خانواده او حضور دارند و بیمار نیاز به مداخله فوری دارد. اولین چالش اخلاقی که تیم ترومای ممکن است در ارائه مراقبت از بیمار مولتی ترومای غیرهوشیار در اورژانس با آن مواجه شود، کدام است؟ * الف) برقراری ارتباط مؤثر با خانواده بیمار و کسب رضایت آگاهانه از نزدیکان بیمار,null,اولویت‌بندی و انجام اقدامات درمانی بر اساس شدت آسیب,تعیین خواسته‌ها و ترجیحات بیمار برای درمان,اطمینان از رازداری و حریم خصوصی بیمار,
ertegha_1403.jsonl,OBGYN-1403-CAT-652,بیماری در وضعیت بحرانی و تحت حمایت حیاتی قرار دارد. پیش‌آگهی بیمار بسیار ضعیف است. خانواده بیمار درخواست می‌کنند که درمان‌های نگهدارنده حیات ادامه یابد، در حالی که تیم پزشکی معتقد است درمان بیشتر تنها باعث طولانی شدن رنج بیمار می‌شود و وضعیت بیمار را به میزان قابل توجهی بهبود نمی‌بخشد. به عنوان مراقب اصلی سلامتی بیمار، شما با این دوراهی اخلاقی مواجه هستید که آیا باید به خواسته‌های خانواده احترام بگذارید یا از توصیه‌های پزشکی پیروی کنید. کدام یک از اقدامات زیر در این شرایط مناسب‌تر است؟ * الف) بدون توجه به اندیکاسیون بالینی، خواسته‌های خانواده را بپذیرید.,null,خواسته خانواده را نادیده بگیرید و به توصیه تیم پزشکی تمرکز کنید.,با دستیابی به توافق، با خانواده و همکاران بالینی و بیمارستان جلسه مشترک ترتیب دهید.,بیمار را بدون گفتگو با خانواده به بخش دیگری منتقل کنید.,
ertegha_1404.jsonl,OBGYN-1404-ERTEGHA-GENERAL-001,کدام یک از داروهای زیر را تا زمان عمل جراحی می‌توان ادامه داد؟,دیگوکسین,دیورتیک‌ها,کلوپیدوگرل,وارفارین,
ertegha_1404.jsonl,OBGYN-1404-ERTEGHA-GENERAL-002,کدام یک از برش‌های عرضی شکم از نظر زیبایی و امنیت زخم و ترمیم، گزینه مناسب‌تری در جراحی‌های تحتانی شکم است؟,Kustner,Pfannenstiel,Maylard,Cherney,
ertegha_1404.jsonl,OBGYN-1404-ERTEGHA-GENERAL-003,کدام شریان بین دو عضله internal oblique و transversus abdominis قرار دارد؟,Deep circumflex iliac,Inferior epigastric,Superficial epigastric,Superior epigastric,
ertegha_1404.jsonl,OBGYN-1404-ERTEGHA-GENERAL-004,"خانم ۲۷ ساله‌ای با شکایت درد شکم ناگهانی، در معاینه علائم تحریک پریتوئن دارد. در سونوگرافی، آسیت و Rokitansky nodule و الگوی ""dash-dot"" رویت شده است. در CT scan کلسیفیکاسیون داخل توده تخمدانی رویت شد. محتمل‌ترین تشخیص کدام است؟",Yolk sac tumor,Dysgerminoma,Mature teratoma,Ovarian lymphoma,
ertegha_1404.jsonl,OBGYN-1404-ERTEGHA-GENERAL-005,خانم ۳۵ ساله تحت جراحی لاپاراتومی اندومتریوز پیشرفته لگن قرار گرفته است. بعد از عمل بیمار اختلال در خم کردن ران و باز کردن زانو دارد. از دشواری در بلند شدن از حالت نشسته، بیرون آمدن از رختخواب یا بالا رفتن از پله‌ها شاکی است. در معاینه پارستزی در قسمت قدامی ران و فقدان رفلکس کشکک دارد. آسیب کدام عصب مطرح است؟,Femoral,Obturator,Common peroneal,Pudendal,
ertegha_1404.jsonl,OBGYN-1404-ERTEGHA-GENERAL-006,برای گرفتن بافت‌های ظریف و عروق، کدام یک از فورسپس‌های زیر به کار می‌رود؟,Adson,De Bakey,Russian,Ring,
ertegha_1404.jsonl,OBGYN-1404-ERTEGHA-GENERAL-007,خانم ۴۵ ساله متعاقب هیسترکتومی ابدومینال، ۶ ساعت بعد از عمل حجم ادرار 20cc در ساعت بوده است. حین عمل حجم خونریزی بیشتر از انتظار بوده است و برای بیمار جایگزینی با مایعات انجام شد. هموگلوبین بیمار ۴ ساعت بعد از عمل یک و نیم واحد افت داشته است. کراتینین ادرار و سرم اندازه‌گیری شد. FENa = 3.5% (کسر ترشح سدیم) است. اولین اقدام چیست؟,تعویض کاتتر فولیس,ترانسفوزیون خون و جایگزینی بیشتر مایعات,قطع NSAID,اندازه‌گیری سطح سدیم ادرار,
ertegha_1404.jsonl,OBGYN-1404-ERTEGHA-GENERAL-008,"خانم ۳۶ ساله با سابقه میوم و اندومتریوز و درد لگنی تحت جراحی هیسترکتومی و اوفورکتومی دوطرفه قرار گرفته و تحت درمان HRT می‌باشد. یک سال بعد از عمل با توده ۳ سانتی‌متر در کف لگن مراجعه می‌کند. FSH = 16, E2 = 45, CA125 = 16 می‌باشد. اولین اقدام کدام است؟",قطع HRT سپس تکرار FSH و E2,لاپاراتومی مجدد جهت برداشتن توده,درمان با دینوجست,لاپاراسکوپی جهت برداشتن توده,
ertegha_1404.jsonl,OBGYN-1404-ERTEGHA-GENERAL-009,خانم ۶۵ ساله به دلیل وجود ضایعه‌ای در ولو مراجعه کرده است. در معاینه در لبیا ماژور سمت چپ یک توده به ابعاد حدود یک و نیم سانتی‌متر و تیره رنگ که قسمتی از آن اولسراتیو بوده و احتمال ملانوم مطرح می‌باشد. بهترین روش تشخیصی کدام یک از موارد زیر است؟ (صفحه ۲ از ۲۰),Excisional Biopsy,Punch Biopsy,Shave Biopsy,Needle Biopsy,
ertegha_1404.jsonl,OBGYN-1404-ERTEGHA-GENERAL-010,خانم ۷۵ ساله به دلیل کانسر اندومتر کاندید هیسترکتومی می‌باشد. در سابقه، دیابت و فشارخون را ذکر می‌کند. هموگلوبین فعلی ۱۱.۵ گرم در دسی‌لیتر است. بیمار اظهار می‌دارد که در جراحی قبلی امکان دریافت خون به دلیل وجود آنتی‌بادی گلبول قرمز را نداشته است. کدام یک از موارد زیر مانع از تزریق خون اتولوگ می‌شود؟,ابتلا به فشارخون,سن بیمار,ابتلا به دیابت,میزان هموگلوبین بیمار,
ertegha_1404.jsonl,OBGYN-1404-ERTEGHA-GENERAL-011,بیماری حین انجام میومکتومی با هیستروسکوپ، دچار خونریزی شدید واژینال شده است. لاپاراسکوپی انجام شده و پارگی رحم رد شده است. اولین اقدام کدام است؟,Intracervical vasopressin,Intrauterine Foley catheter,Uterine artery embolization,Hysterectomy,
ertegha_1404.jsonl,OBGYN-1404-ERTEGHA-GENERAL-012,خانم ۴۷ ساله مولتی پار با BMI = 28 به علت خونریزی غیرطبیعی و درد مزمن لگنی مراجعه کرده است. در معاینه ولو، واژن و سرویکس نرمال و رحم حدود ۱۶ هفته و فیکس است. در معاینه آدنکس‌ها قابل ارزیابی نیست. برای بررسی وضعیت حالب و آدنکس‌ها کدام یک از اقدامات زیر پیش از عمل مناسب‌تر است؟,CT scan,سونوگرافی آبدومینال + واژینال,MRI,سیستوسکوپی و تعبیه stent حالب,
ertegha_1404.jsonl,OBGYN-1404-ERTEGHA-GENERAL-013,خانم ۵۰ ساله که یک هفته قبل هیسترکتومی واژینال شده با درد شدید لگن و تب مراجعه کرده و در معاینه واژینال توده‌ای در بالای کاف واژن لمس می‌شود. با تشخیص بالینی سلولیت کاف واژن تحت درمان با آنتی‌بیوتیک تزریقی قرار گرفته است. در سونوگرافی انجام شده هماتوم ۶×۶ سانتی‌متر بالای کاف واژن گزارش شده است. در آزمایشات افت هموگلوبین 1g/dL دارد. اقدام مناسب کدام است؟,آمبولیزاسیون,درناژ,لاپاراتومی,ارزیابی مجدد بعد از ۴۸ ساعت,
ertegha_1404.jsonl,OBGYN-1404-ERTEGHA-GENERAL-014,بیماری ۴۰ ساله با ظاهر غیرطبیعی دهانه رحم که کولپوسکوپی شده است. کولپوسکوپی رضایت‌بخش نبوده است. بیوپسی سرویکس و کورتاژ اندوسرویکال CIN II بوده است. بهترین اقدام درمانی کدام است؟,لیزر ابلیشن,ترمال ابلیشن,کونیزاسیون با cold knife,کرایوتراپی,
ertegha_1404.jsonl,OBGYN-1404-ERTEGHA-GENERAL-015,بیمار ۵۶ ساله‌ای با ضایعه لبیا مینور راست مراجعه کرده است. در معاینه سایز ۱.۵ سانتی‌متر دارد، در بیوپسی SCC با عمق تهاجم کمتر از ۱ میلی‌متر و درگیری فضای لنفو عروقی گزارش شده است. در معاینه و تصویربرداری درگیری لنف نود ندارد. روش درمانی مناسب چیست؟,وولوکتومی کامل + لنفادنکتومی,برداشت موضعی وسیع + لنفادنکتومی,وولوکتومی کامل,کموتراپی و سپس وولوکتومی,
ertegha_1404.jsonl,OBGYN-1404-ERTEGHA-GENERAL-016,خانم ۴۳ ساله G2P2 با سابقه دو بار سزارین به علت AUB تحت D&C قرار گرفته و با جواب پاتولوژی EIN/CAH (هایپرپلازی آتیپیک آندومتر) ارجاع شده است. اقدام مناسب کدام است؟ (صفحه ۳ از ۲۰),توتال هیسترکتومی,درمان با پروژسترون خوراکی,تعبیه IUD پروژسترونی,سوپراسرویکال هیسترکتومی,
ertegha_1404.jsonl,OBGYN-1404-ERTEGHA-GENERAL-017,دختر خانم ۱۶ ساله به دلیل درد شکم سونوگرافی انجام داده است. تومور بدخیم ژرم سل یک طرفه مطرح شده است. در بررسی تومورمارکرها فقط AFP بالا گزارش شده است. کدام روش جراحی صحیح است؟,سالپنگواوفورکتومی دوطرفه,سیستکتومی,سالپنگواوفورکتومی یکطرفه و بیوپسی تخمدان مقابل,سالپنگواوفورکتومی یکطرفه,
ertegha_1404.jsonl,OBGYN-1404-ERTEGHA-GENERAL-018,خانم ۳۸ ساله‌ای تحت ساسپنشن لیگامان یوتروساکرال با بخیه‌های قابل جذب تأخیری قرار می‌گیرد. سه ماه پس از عمل، از دیس‌پارونی شاکی است و در معاینه بخیه‌ها در واژن لمس می‌شود. مناسب‌ترین اقدام کدام است؟,تجویز کرم موضعی استروژن,برداشتن جراحی بخیه‌ها تحت بیهوشی,کشیدن بخیه‌ها در مطب,اطمینان دادن و بررسی مجدد,
ertegha_1404.jsonl,OBGYN-1404-ERTEGHA-GENERAL-019,کدام یک از تکنیک‌های ترمیم کمپارتمان خلفی شانس عود بالاتری دارد؟,Sacrocolpoperineopexy,Graft Augmented,Vaginal Approach,Transanal Approach,
ertegha_1404.jsonl,OBGYN-1404-ERTEGHA-GENERAL-020,در زمان انجام جراحی لوفورت در یک خانم ۷۲ ساله، پریتوئن باز می‌شود. کدام اقدام مناسب است؟,بستن نقص به صورت interrupted و ادامه جراحی,لاپاراتومی تشخیصی,کارگذاری مش جهت بستن نقص پریتوئن,تبدیل جراحی لوفورت به ترمیم کمپارتمان قدامی و خلفی,
ertegha_1404.jsonl,OBGYN-1404-ERTEGHA-GENERAL-021,کدام روش جراحی زیر از نظر ساسپنشن و حمایت اورترا در درمان بی‌اختیاری استرسی ادراری با بقیه متفاوت است؟,Marshall-Marchetti,Burch Urethropexy,Pubovaginal sling,Trans obturator sling,
ertegha_1404.jsonl,OBGYN-1404-ERTEGHA-GENERAL-022,در حین جراحی هیسترکتومی رادیکال در کانسر سرویکس مرحله IB2، جراح با غدد لنفاوی بزرگ پاراآورتیک مواجه می‌شود. مناسب‌ترین اقدام بعدی چیست؟,هیسترکتومی رادیکال,اتمام جراحی و ارجاع برای پرتودرمانی,فروزن بیوپسی از غدد لنفاوی و تصمیم‌گیری بر اساس نتیجه پاتولوژی,هیسترکتومی رادیکال و لنفادنکتومی لگنی و پاراآورتیک,
ertegha_1404.jsonl,OBGYN-1404-ERTEGHA-GENERAL-023,خانم ۳۱ ساله پس از میومکتومی لاپاروسکوپیک در یک ساعت اول بعد عمل با علائم تاکیکاردی 126/min، فشار خون ۹۶/۴۴، و Hb = 6.2g/dL تحت نظر می‌باشد. پس از دریافت ۱ لیتر رینگر لاکتات، فشار خون افزایش نیافته و تاکیکاردی شدت یافته است و سونوگرافی در بالین بیمار مایع در شکم را گزارش کرده است. با توجه به داده‌های بالینی و ABG نرمال، کدام اقدام مناسب است؟ (صفحه ۴ از ۲۰),تجویز مایعات بیشتر به صورت کریستالوئید,شروع وازوپرسور و ادامه سرم درمانی,انتقال فوری به اتاق عمل و تزریق ۲ واحد خون,ادامه‌ی مانیتورینگ در ICU,
ertegha_1404.jsonl,OBGYN-1404-ERTEGHA-GENERAL-024,خانم ۴۰ ساله با وزن ۱۲۲ کیلوگرم کاندید عمل سزارین می‌باشد. جهت کاهش ریسک عفونت بعد از عمل کدام اقدام زیر صحیح است؟,تجویز ۲ گرم سفازولین قبل از عمل,نزدیک کردن بافت زیر جلدی در صورت عمق ۳.۵ سانتی‌متر,برداشتن پانیکولوس حین جراحی,استحمام با کلرهگزیدین شب قبل از عمل,
ertegha_1404.jsonl,OBGYN-1404-ERTEGHA-GENERAL-025,خانم ۲۲ ساله، ۴ روز پس از ترمیم پارگی درجه ۳ به دنبال زایمان واژینال، با شکایت درد، بازشدگی زخم و ترشحات چرکی مراجعه می‌کند. پس از شروع آنتی‌بیوتیک و دبریدمان زخم، کدام اقدام در زمان ترمیم زخم صحیح است؟,NPO تا ۴۸ ساعت بعد از ترمیم,آمادگی مکانیکی روده,آزادسازی بافت جهت ترمیم بدون کشش,مصرف نرم‌کننده مدفوع جهت ایجاد اسهال,
ertegha_1404.jsonl,OBGYN-1404-ERTEGHA-GENERAL-026,خانم ۴۳ ساله به دلیل خروج توده از واژن تحت جراحی هیسترکتومی واژینال و High uterosacral suspension قرار می‌گیرد. ۱۰ روز پس از جراحی با شکایت خروج ادرار از واژن بررسی می‌شود و در CT با کنتراست وریدی، آسیب حالب مشخص می‌گردد. روش ترمیمی مناسب کدام است؟,Primary repair over ureteral stent,Ureteroureterostomy over ureteral stent,Uretero ileal interposition,Ureter neo cystostomy with psoas hitch over ureteral stent,
ertegha_1404.jsonl,OBGYN-1404-ERTEGHA-GENERAL-027,دختر ۲۱ ساله با تشخیص تورشن تخمدان دو طرفه با کیست ۵ و ۶ سانتی‌متری درموئید تحت جراحی لاپاراتومی سیستکتومی و اوفوروپکسی تخمدان راست قرار می‌گیرد. بیمار سابقه جراحی سیستکتومی تخمدان راست بدون تورشن ۲ سال قبل داشته. کدام ویژگی این بیمار، توجیه‌کننده انجام اوفوروپکسی است؟,سن بیمار,سابقه جراحی قبلی سیستکتومی تخمدان راست,تورشن دو طرفه,درموئید بودن کیست,
ertegha_1404.jsonl,OBGYN-1404-ERTEGHA-GENERAL-028,خانم ۲۸ ساله، G2P2، دو ساعت پس از انجام زایمان واژینال طبیعی بدون عارضه، دچار درد مبهم در قسمت پایین و چپ شکم شده است. علائم حیاتی پایدار است. هموگلوبین اولیه ۱۱ گرم در دسی‌لیتر است. در معاینه شکم، حساسیت خفیف لوکالیزه در ناحیه لگنی و در معاینه دودستی، توده‌ای بدون نبض در سمت چپ رحم لمس می‌شود. در سونوگرافی یک توده هیپواکو با اندازه ۶×۴ سانتی‌متر در کنار رحم دیده می‌شود که هماتوم broad ligament را مطرح کرده است. بهترین اقدام کدام است؟,انتقال فوری به اتاق عمل جهت جراحی,انجام CT scan لگن با ماده حاجب,شروع آنتی‌بیوتیک وسیع‌الطیف و جراحی اورژانسی,پایش دقیق علائم حیاتی، CBC,
ertegha_1404.jsonl,OBGYN-1404-ERTEGHA-GENERAL-029,کدام آنومالی رحمی در بروز آندومتریوز نقش دارد؟,Bicornuate,Didelphys,Unicornuate,Septate,
ertegha_1404.jsonl,OBGYN-1404-ERTEGHA-GENERAL-030,برای اندازه‌گیری قابل اعتماد AMH کدام مورد صحیح است؟,باید در فاز فولیکولار انجام شود.,مقدار آن تحت تاثیر گنادوتروپین‌ها قرار می‌گیرد.,مقدار آن تحت تاثیر هورمون‌های جنسی قرار می‌گیرد.,سرکوب طولانی‌مدت تخمدان‌ها بطور کاذب سطح آن را کاهش می‌دهد.,
ertegha_1404.jsonl,OBGYN-1404-ERTEGHA-GENERAL-031,میوز دوم اووسیت در چه زمانی تکمیل می‌شود؟ (صفحه ۵ از ۲۰),در دوران جنینی,در شروع بلوغ,در زمان تخمک‌گذاری,در زمان لقاح,
ertegha_1404.jsonl,OBGYN-1404-ERTEGHA-GENERAL-032,دختر بچه ۶ ساله‌ای با شکایت رشد موهای زهار در چند ماه اخیر به درمانگاه آورده شده است. در معاینه رشد جوانه های پستان دیده نمی‌شود. در آزمایشات DHEA-S نرمال است و سن استخوانی بر اساس X-Ray مچ دست متناسب با سن تقویمی است. کدام اقدام درست است؟,MRI سر,تست تحریکی با ACTH,درمان انتظاری با بررسی مجدد ۶ ماه بعد,شروع درمان با متفورمین,
ertegha_1404.jsonl,OBGYN-1404-ERTEGHA-GENERAL-033,کدامیک از داروهای زیر در فرایند لانه گزینی تأثیر منفی دارد؟,انوکساپارین,پروژسترون,ایندومتاسین,داکسی سیکلین,
ertegha_1404.jsonl,OBGYN-1404-ERTEGHA-GENERAL-034,کدام عارضه بارداری در بیمار چاق مبتلا به PCOS شیوع کمتری دارد؟,سقط,دیابت بارداری,پره اکلامپسی,وزن کم هنگام تولد,
ertegha_1404.jsonl,OBGYN-1404-ERTEGHA-GENERAL-035,در خانمی با شکایت آمنوره و سابقه کانسر تیروئید که تحت درمان با ید رادیواکتیو بوده است، انتظار داریم آمنوره بیمار بعد از چه مدت از اتمام یددرمانی برطرف شود؟,۲ تا ۳ ماه,۳ تا ۶ ماه,۶ تا ۱۸ ماه,۲۴ ماه,
ertegha_1404.jsonl,OBGYN-1404-ERTEGHA-GENERAL-036,خانم ۲۵ ساله با تشخیص PMS با علائم جسمی با ارجحیت حساسیت پستان و نفخ شکم، خواهان درمان دارویی است. کدام درمان دارویی را به‌عنوان خط اول توصیه می‌کنید؟,قرص ترکیبی ضد بارداری حاوی دروسپیرنون,استفاده از استروژن و پروژسترون در فاز لوتئال,آگونیست GnRH و درمان add back,آنتاگونیست خوراکی GnRH,
ertegha_1404.jsonl,OBGYN-1404-ERTEGHA-GENERAL-037,در ارزیابی بیمار مبتلا به هیرسوتیسم شدید، سطح DHEA-S بالا است. برای تشخیص ضایعه آدرنال اولین روش تصویربرداری کدام است؟,سونوگرافی,MRI,PET اسکن,سی تی اسکن,
ertegha_1404.jsonl,OBGYN-1404-ERTEGHA-GENERAL-038,خانم ۴۹ ساله که بدلیل خونریزی نامنظم و طولانی واژینال تحت نمونه‌گیری با پایپل قرار گرفته است با گزارش پاتولوژی مبنی بر هایپرپلازی مراجعه کرده است. اقدام بعدی چیست؟,شروع پروژسترون,هیسترکتومی,درمان با داروهای افزاینده انعقاد خون,نمونه برداری آندومتر تحت کورتاژ,
ertegha_1404.jsonl,OBGYN-1404-ERTEGHA-GENERAL-039,در خانم مبتلا به هیپوتیروئیدی و تحت درمان با لووتیروکسین دوز دارو را به علت کنترل نشدن میزان TSH افزایش داده‌ایم، حداقل زمان لازم برای چک مجدد TSH بعد از افزایش دوز دارو، چند هفته است؟,۱۰,۸,۶,۴,
ertegha_1404.jsonl,OBGYN-1404-ERTEGHA-GENERAL-040,در تشخیص سندرم متابولیک همه معیارهای بالینی و پاراکلینیکی زیر توصیه می‌گردد بجز:,هیپرتانسیون 130/85 یا بالاتر,TG ≥ 150mg/dl و کلسترول HDL کمتر از 50mg/dl,نسبت قند ناشتا به انسولین ناشتا,2hGTT با ۷۵ گرم گلوکز بالاتر از 140mg/dl,
ertegha_1404.jsonl,OBGYN-1404-ERTEGHA-GENERAL-041,در کمبود ۵-آلفا ردکتاز کدام یک از هورمون‌های زیر کاهش می‌یابد؟,دی هیدرو تستوسترون,آندرستندیون,پرگننولون,آلدوسترون,
ertegha_1404.jsonl,OBGYN-1404-ERTEGHA-GENERAL-042,در کدامیک از بیماران زیر در صورت تجویز هورمون درمانی یائسگی، مصرف پروژسترون لازم نیست؟ (صفحه ۶ از ۲۰),خانمی که به علت اندومتریوز پیشرفته TAH - BSO شده است.,خانم ۵۷ ساله‌ای که به علت میوم بزرگ رحمی هیسترکتومی سوپراسرویکال شده است.,خانم ۴۰ ساله‌ای که به علت خونریزی رحمی کاواترم شده و FSH = 100 دارد.,خانم ۴۵ ساله‌ای که به علت هایپرپلازی آندومتر TAH - BSO شده است.,
ertegha_1404.jsonl,OBGYN-1404-ERTEGHA-GENERAL-043,خانم ۴۲ ساله با ناباروری اولیه دو ساله مراجعه کرده است. همسر ایشان ۴۹ ساله است و اسپرموگرام نرمال دارد. مهم‌ترین عامل در احتمال موفقیت ART در این زوج کدام است؟,سن بیمار,سن همسر بیمار,سطح AMH,تعداد فولیکول‌های آنترال,
ertegha_1404.jsonl,OBGYN-1404-ERTEGHA-GENERAL-044,جهت درمان ناباروری، خانم ۳۰ ساله‌ای کاندید IUI شده است. بهتر است چند ساعت بعد از تجویز HCG، IUI انجام شود؟,۶-۲۴,۱۲-۲۴,۳۴-۴۰,۴۰-۷۲,
ertegha_1404.jsonl,OBGYN-1404-ERTEGHA-GENERAL-045,مکانیسم اثر کدامیک از داروهای زیر اتصال طولانی مدت به گیرنده‌های استروژنی و کاهش غلظت این گیرنده‌ها در سطح هیپوتالاموس است؟,لتروزول,کلومیفن سیترات,گونادوتروپین برون‌زا,آگونیست GnRH,
ertegha_1404.jsonl,OBGYN-1404-ERTEGHA-GENERAL-046,در خانمی در سیکل IVF، روز دهم تحریک تخمک‌گذاری با گونادوتروپین و آنتاگونیست GnRH، حدود ۵ فولیکول ۱۷ تا ۱۸ میلی‌متری و ۱۰ فولیکول ۱۲ تا ۱۴ میلی‌متری در هر تخمدان داریم. سطح استرادیول 6000 pg/ml است. همه اقدامات زیر توصیه می‌شود بجز:,تریگر تخمک‌گذاری با HCG,تریگر تخمک‌گذاری با آگونیست GnRH,فریز همه جنین‌ها,تزریق آنتاگونیست GnRH تا ۵ روز بعد از پانکچر,
ertegha_1404.jsonl,OBGYN-1404-ERTEGHA-GENERAL-047,خانمی ۳۲ ساله با سابقه ۳ سقط سه ماهه اول که دو مورد آن بدون ضربان قلب و یکی با ضربان قلب بوده، مراجعه کرده است. قاعدگی‌های بیمار منظم و آزمایشات هورمونی نرمال است. در سونوگرافی یک میوم منفرد FIGO 5 به قطر ۴ سانت دارد. اقدام مناسب جهت بارداری بعدی کدام است؟,بررسی‌های بیشتر زوجین,لاپاراتومی میومکتومی,هیستروسکوپی و میومکتومی,تجویز داروی GnRH برای کاهش سایز میوم,
ertegha_1404.jsonl,OBGYN-1404-ERTEGHA-GENERAL-048,خانم ۳۶ ساله به علت کانسر پستان تحت عمل جراحی قرار گرفته است. طبق نظر انکولوژیست طی ۲-۳ هفته آینده کموتراپی وی شروع می‌گردد. جهت حفظ باروری با شما مشاوره می‌شود. بیمار هفته قبل پریود شده است. کدام گزینه صحیح است؟,تحریک تخمدان‌ها در شروع سیکل قاعدگی بعدی آغاز شود.,با توجه به کانسر پستان استفاده از گونادوتروپین‌ها ممنوع است.,سیکل تحریک تخمدان را بلافاصله شروع می‌کنیم.,توصیه به برداشتن یک تخمدان و فریز آن می‌کنیم.,
ertegha_1404.jsonl,OBGYN-1404-ERTEGHA-GENERAL-049,بیماری مبتلا به اندومتریوز که خواهان کنتراسپشن نیز می‌باشد با تجویز قرص ضدبارداری مداوم به مدت ۶ ماه، دچار خونریزی واژینال شده است. کدام درمان را توصیه می‌کنید؟,تجویز استروژن کونژوگه به مدت ۷ تا ۱۰ روز,قطع قرص ضد بارداری به مدت سه ماه,تجویز مدروکسی پروژسترون به مدت ۱۰ تا ۱۴ روز,قطع قرص ضد بارداری به مدت ۷ روز,
ertegha_1404.jsonl,OBGYN-1404-ERTEGHA-GENERAL-050,در خانمی با حاملگی ۶ هفته سطح βHCG = 3000IU/ml است ولی در سونوگرافی ساک حاملگی داخل و یا خارج رحمی دیده نمی‌شود، در آزمایش βHCG سه روز بعد سطح این هورمون ۳۲۰۰ واحد است. در سونوگرافی مجدد واژینال حاملگی داخلی یا خارج رحمی دیده نمی‌شود. برای ایشان کورتاژ انجام می‌شود اما ویلوزیته جفتی دیده نمی‌شود. یک روز بعد از کورتاژ میزان βHCG به ۱۰۰۰ واحد می‌رسد، اقدام بعدی چیست؟ (صفحه ۷ از ۲۰),فالو آپ,جراحی با لاپاراسکوپ,تجویز متوتروکسات,کورتاژ مجدد,
ertegha_1404.jsonl,OBGYN-1404-ERTEGHA-GENERAL-051,بیوپسی از رویان جهت انجام تست ژنتیک پیش از لانه گزینی یا PGT در کدام مرحله دقیق‌تر است؟,تشکیل اجسام قطبی,کلیواژ,مورولا,بلاستوسیست,
ertegha_1404.jsonl,OBGYN-1404-ERTEGHA-GENERAL-052,خانمی که چند ماه پیش عمل sacrospinous ligament fixation برایشان انجام شده است با شکایت درد نواحی کلیتوریس، لبیا، پرینه و آنوس مراجعه کرده است. در معاینه در این نواحی بی‌حسی ندارد. متخصص بیهوشی پیشنهاد بلوک عصبی برای کاهش درد داده است. احتمال ترومای کدام یک از عروق زیر در هنگام بلوک عصبی وجود دارد؟,ورید پودندال خارجی,ورید clitoris dorsal,شریان پودندال داخلی,شریان inferior rectal,
ertegha_1404.jsonl,OBGYN-1404-ERTEGHA-GENERAL-053,در یک خانم PG در حین انجام سزارین بدلیل پرزنتاسیون بریچ و درد زایمانی در هفته ۳۲، متوجه رحم تک شاخ می‌شویم. در اکسپلور یک شاخ ابتدایی واضح، غیرمتصل به شاخ اصلی رویت می‌شود. اقدام مناسب کدام است؟,برداشتن لوله فالوپ شاخ فرعی,اوفورکتومی در سمت شاخ فرعی,عدم نیاز به دستکاری,انجام سرکلاژ شکمی,
ertegha_1404.jsonl,OBGYN-1404-ERTEGHA-GENERAL-054,خانم حامله ۲۸ هفته با شکایت دیس‌پپسی و سوزش سر دل از دو هفته قبل مراجعه کرده است. فشار خون BP = 100/60 می‌باشد و آزمایش کلیوی و کبدی نرمال است. بیشترین احتمال در مورد مشکل فوق کدام است؟,کوچک شدن حجم معده,کوتاه شدن زمان تخلیه معده,ریفلاکس ترشحات اسیدی معده,پره اکلامپسی,
ertegha_1404.jsonl,OBGYN-1404-ERTEGHA-GENERAL-055,در گزارش سونوگرافی یک جنین ۲۰ هفته یافته‌های زیر مشاهده می‌شود. سن بارداری ۲۰ هفته و ۳ روز و مایع آمنیوتیک نرمال می‌باشد. در بررسی انجام شده یک باند اکوژن مشاهده می‌شود که ضخامت آن حدود ۳ میلی‌متر می‌باشد. پایه پهن و نمای shelf-like دارد و از کاویته رحم عبور می‌کند. کدام تشخیص صحیح می‌باشد؟,باند آمنیوتیک,جفت circumvallate,سپتوم رحمی,Uterine synechiae,
ertegha_1404.jsonl,OBGYN-1404-ERTEGHA-GENERAL-056,در هیپوکسی جنین وجود کدامیک از موارد زیر سبب دفع مکونیوم در مایع آمنیوتیک جنین ترم با پرزنتاسیون بریچ می‌شود؟,حاملگی ترم,تحریک عصب واگ در جنین,آرژنین - وازوپرسین,پرزنتاسیون بریچ,
ertegha_1404.jsonl,OBGYN-1404-ERTEGHA-GENERAL-057,کدام یک از موارد زیر می‌تواند منجر به مثبت شدن کاذب نتیجه Cell free DNA شود؟,چاقی مادر,کمبود ویتامین B12,مصرف LMWH,موزاییسم جفتی (جفت نرمال، جنین آنوپلویید),
ertegha_1404.jsonl,OBGYN-1404-ERTEGHA-GENERAL-058,در صورت دیدن کدام یک از موارد زیر در آنومالی اسکن توصیه به انجام تست تهاجمی برای بررسی کاریوتایپ می‌شود؟,Choroid plexus cyst,Echogenic Bowel,Endocardial cushion defect,Pyelectasis,
ertegha_1404.jsonl,OBGYN-1404-ERTEGHA-GENERAL-059,خانم حامله ۲۸ هفته با گروه خونی B منفی و همسرش B مثبت با تیتر کومبس غیرمستقیم ۱ به ۳۲ مراجعه کرده است. برای بررسی آنمی جنین کدام یک از عروق زیر را باید بررسی کرد؟ (صفحه ۸ از ۲۰),شریان بند ناف,ورید بند ناف,شریان رحمی,شریان مغزی میانی,
ertegha_1404.jsonl,OBGYN-1404-ERTEGHA-GENERAL-060,در سونوگرافی خانم بارداری با سابقه دو بار سزارین یک ساک حاملگی ۸ هفته با یک جنین بدون ضربان قلب گزارش شده است. محل ساک حاملگی در قدام و پایین کورپوس رحم، میومتر روی آن 2mm و عروق پرخون در اطراف آن دیده می‌شود. تشخیص شما چیست؟,حاملگی اسکار سزارین,حاملگی سرویکال,ساک حاملگی در حال دفع,محل ساک حاملگی نرمال و همراه با آکرتا است,
ertegha_1404.jsonl,OBGYN-1404-ERTEGHA-GENERAL-061,خانم ۳۲ ساله G1 18 هفته در آنومالی اسکن انجام شده، جنین پلورال افیوژن شدید یک‌طرفه دارد. مایع پلور درناژ و تشخیص chylothorax داده شد، پس از درناژ مجددا پلورال افیوژن عود می‌کند. اقدام صحیح کدام است؟,توراکوسنتز سریال,گذاشتن شنت توراسیک,جراحی باز روی عروق لنفاوی جنین,ختم حاملگی,
ertegha_1404.jsonl,OBGYN-1404-ERTEGHA-GENERAL-062,خانم ۲۸ ساله G3Ab2، با سابقه دو مورد از دست رفتن حاملگی در هفته‌های ۱۷ و ۱۹ مراجعه کرده است. هر دو بار، علائم زایمان نداشته و دفع جنین با دهانه رحم باز و بدون انقباضات رحمی رخ داده است. در بارداری فعلی در هفته ۱۵، سونوگرافی واژینال انجام شده و طول سرویکس ۲۴ میلی‌متر گزارش شده است. گزینه صحیح کدام است؟,ویزیت هفتگی,شروع پروژسترون واژینال,سرکلاژ سرویکس,سونوگرافی سریال طول سرویکس,
ertegha_1404.jsonl,OBGYN-1404-ERTEGHA-GENERAL-063,خانم ۳۵ ساله G1، بدون شکایت اصلی، با سونوگرافی مبنی بر angular pregnancy مراجعه کرده است. اقدام بعدی پس از تایید تشخیص با سونوگرافی مجدد چیست؟,Cornuostomy,Cornual resection,Chemoembolization,تحت نظر برای ادامه بارداری,
ertegha_1404.jsonl,OBGYN-1404-ERTEGHA-GENERAL-064,خانم ۲۸ هفته با BMI = 40، در سونوگرافی جفت پره‌ویا دارد. کدام گزینه در مورد پیشنهاد فعالیت فیزیکی وی صحیح است؟,اجتناب از ورزش و محدودیت فعالیت فیزیکی توصیه می‌شود.,می‌تواند فعالیت فیزیکی منظم روزانه داشته باشد.,فقط اگر قبل از بارداری ورزش می‌کرده است می‌تواند ادامه یابد.,زندگی پرتحرک بدون محدودیت فیزیکی برای وی مفید است.,
ertegha_1404.jsonl,OBGYN-1404-ERTEGHA-GENERAL-065,در سونوگرافی انجام شده از یک جنین ۱۹ هفته تصویر یک ضایعه‌ی سالید با حدود مشخص همراه با ضایعات کیستیک کوچک به диаметر کمتر از ۵ میلی‌متر در لوب تحتانی ریه‌ی راست رویت می‌شود که در بررسی با داپلر، خونرسانی آن از شریان پولمونر انجام می‌شود. در مورد ضایعه‌ی فوق، کدام گزینه صحیح است؟ (صفحه ۹ از ۲۰),احتمال افزایش سریع سایز ضایعه بعد از هفته ۲۶,تعبیه‌ی شنت تراکوآمنیوتیک جهت درمان,ضایعه بافت غیر فانکشنال ریه است,درمان با کورتیکواستروئید در ضایعات منجر به هیدروپس,
ertegha_1404.jsonl,OBGYN-1404-ERTEGHA-GENERAL-066,خانم ۳۰ ساله، باردار ۳۳ هفته به علت کاهش حرکت جنین مراجعه کرده است. معاینه و علائم حیاتی مادر نرمال است. بهترین تست ارزیابی سلامت جنین کدام است؟,NST,Modified BPP,Doppler ultrasound and fetus growth assessment,Reassurance and follow up,
ertegha_1404.jsonl,OBGYN-1404-ERTEGHA-GENERAL-067,خانم ۴۳ ساله با سابقه یک زایمان ترم در ۸ ماه قبل به دلیل خونریزی غیرطبیعی واژینال مراجعه کرده است. در سونوگرافی ضخامت آندومتر ۸ میلی‌متر و نکته پاتولوژیک دیگری ندارد. در آزمایش‌های انجام شده تیتر Beta HCG بیمار ۸۰۰۰۰ گزارش شده است. در رادیوگرافی ریه ندول‌های متعدد گزارش شده است، اقدام درمانی مناسب کدام است؟,کموتراپی تک دارویی با متوتروکسات,کموتراپی چند دارویی,کموتراپی پروفیلاکسی با متوتروکسات و سپس هیسترکتومی,هیسترکتومی و سپس کموتراپی چند دارویی,
ertegha_1404.jsonl,OBGYN-1404-ERTEGHA-GENERAL-068,خانم ۳۵ ساله مولتی پار با سابقه دو نوبت NVD در هفته ۳۴ بارداری به علت شکستگی گردن فمور در شرایط علایم حیاتی پایدار تحت جراحی فیکساسیون داخلی فمور قرار گرفته و در هفته ۳۶ با آبریزش واژینال و دردهای زایمانی مراجعه کرده است. جنین سفالیک و دیلاتاسیون ۴ سانت می‌باشد. اقدام مناسب کدام است؟,سزارین اورژانس,عکس ساده لگن جهت ارزیابی اقطار لگن,سزارین در صورت نیاز به تجویز سنتوسینون,کنترل لیبر و انجام وکیوم جهت کاهش زمان زایمان,
ertegha_1404.jsonl,OBGYN-1404-ERTEGHA-GENERAL-069,در حین لیبر خانم G1 الگوی زیر از ۲۰ دقیقه قبل مشاهده می‌شود. کدام مورد زیر صحیح است؟ (تصویر نوار قلب جنین / FHR),Absent variability,Marked variability,Pseudo sinusoidal,Sinusoidal,
ertegha_1404.jsonl,OBGYN-1404-ERTEGHA-GENERAL-070,در زایمان نوزاد ترم، کدام یک از جملات زیر در مورد بستن تأخیری بند ناف صحیح است؟,در تمامی نوزادان توصیه می‌شود.,به مدت ۳۰ تا ۶۰ ثانیه پس از تولد به تعویق می‌افتد.,تنها در زایمان‌های سزارین کاربرد دارد.,باعث کاهش خطر یرقان نوزادی می‌شود.,
ertegha_1404.jsonl,OBGYN-1404-ERTEGHA-GENERAL-071,بالاترین ریسک برای کورد پرولاپس در طی زایمان با کدام پرزنتاسیون همراهی دارد؟,Footling breech,Complete breech,Frank breech,Cephalic,
ertegha_1404.jsonl,OBGYN-1404-ERTEGHA-GENERAL-072,"در خانمی ۳۲ هفته G2P1 با سابقه یکبار زایمان واژینال، با معاینه دیلاتاسیون Full با پارگی کیسه آب، Cephalic, 100% افاسمان, station: +2, FHR: 90-100/min, EFW: 3800 gr, pelvic size: NL اقدام به وکیوم‌گذاری شده است. فاصله لبه کاپ تا فونتانل قدامی ۱/۵ سانتی‌متر است. علیرغم پایین‌تر آمدن جنین با کشش، جنین خارج نمی‌شود. اقدام مناسب کدام است؟ (صفحه ۱۰ از ۲۰)",برداشتن وکیوم و کمک به زایمان از طریق فشار روی شکم,ادامه سیر زایمانی با مانیتورینگ,تغییر محل کاپ و استفاده مجدد از وکیوم,استفاده از فورسپس,
ertegha_1404.jsonl,OBGYN-1404-ERTEGHA-GENERAL-073,خانم باردار کاندید سزارین الکتیو با وزن ۹۰ کیلوگرم، در زایمان قبلی به دنبال مصرف دسته آنتی‌بیوتیک‌های بتالاکتام دچار کهیر و دیسترس تنفسی شده است. کدام رژیم را جهت پروفیلاکسی توصیه می‌کنید؟,۹۰۰ میلی‌گرم کلیندامایسین + ۴۵۰ میلی‌گرم جنتامایسین,۶۰۰ میلی‌گرم کلیندامایسین,۲ گرم سفازولین,۵۰۰ میلی‌گرم آزیترومایسین + ۱ گرم سفازولین,
ertegha_1404.jsonl,OBGYN-1404-ERTEGHA-GENERAL-074,کدامیک از موارد زیر به طور معمول در TOLAC (Trial of labor after cesarean delivery) توصیه می‌شود؟,آماده‌سازی سرویکس با استفاده از میزوپروستول,بی‌دردی اپیدورال,معاینه روتین اسکار سزارین,ترمیم هر گونه پارگی اسکار سزارین با لاپاراتومی,
ertegha_1404.jsonl,OBGYN-1404-ERTEGHA-GENERAL-075,نوزادی ترم بدون ریسک خاصی به دنبال زایمان واژینال متولد می‌شود. بعد از تولد گریه می‌کند، تون و تنفس طبیعی دارد. در بررسی اولیه، وضعیت عمومی پایدار به نظر می‌رسد. برای انجام مراقبت‌های اولیه کدام یک از گزینه‌های زیر صحیح می‌باشد؟,بریدن سریع بند ناف برای جلوگیری از کم‌خونی,پاک کردن مکرر ترشحات دهانی برای پیشگیری از آسپیراسیون,خشک کردن نوزاد و حفظ گرمای بدن با حوله گرم,دادن اکسیژن روتین با ماسک برای نوزادان,
ertegha_1404.jsonl,OBGYN-1404-ERTEGHA-GENERAL-076,در معاینه‌ی نوزاد ۴۵۰۰ گرمی حاصل زایمان طبیعی که در حین زایمان آن دیستوشی شانه رخ داده است، دست راست نوزاد در حالت مستقیم قرار دارد و به سمت داخل چرخیده است؛ آرنج در حالت اکستنشن و مچ دست و انگشتان در حالت فلکشن می‌باشند. احتمال آسیب کدام ریشه‌های شبکه‌ی بازویی وجود دارد؟,فلج کلامپه با آسیب ریشه‌های C8-T1,فلج دوشن با آسیب کل ریشه‌های شبکه‌ی بازویی,فلج ارب با آسیب ریشه‌های C5-C6,سندروم هورنر با آسیب کل ریشه‌های شبکه‌ی بازویی,
ertegha_1404.jsonl,OBGYN-1404-ERTEGHA-GENERAL-077,خانمی ۲۵ ساله، ۳۹ هفته گراوید یک، بدون سابقه بیماری خاصی به اورژانس زنان مراجعه کرده است. معاینه واژینال دیلاتاسیون ۳ سانتی‌متر و افاسمان ۶۰ درصد و پرزنتاسیون سفالیک و کیسه آب سالم می‌باشد. انجام کدام گزینه در این فاز زایمانی صحیح می‌باشد؟,تجویز آمپی‌سیلین,آمنیوتومی,گذاشتن سوند ادراری,تجویز سالین - دکستروز ۵٪,
ertegha_1404.jsonl,OBGYN-1404-ERTEGHA-GENERAL-078,دریافت دوز مکرر کورتیکواسترویید در طی بارداری ریسک کدام عارضه را در نوزاد افزایش می‌دهد؟ (صفحه ۱۱ از ۲۰),وزن کم هنگام تولد,اختلالات شناختی,فلج مغزی,خونریزی داخل بطنی گرید ۱,
ertegha_1404.jsonl,OBGYN-1404-ERTEGHA-GENERAL-079,خانم ۴۰ ساله گروید ۱ که به علت پرزنتاسیون بریچ ۲۴ ساعت قبل تحت سزارین با بی‌حسی اسپاینال قرار گرفته است؛ در حال حاضر از سردردی شاکی است که با ایستادن و نشستن بدتر می‌شود. جهت درمان بیمار موثرترین اقدام کدام است؟,تجویز کافئین,تزریق ۲۰ سی‌سی خون وریدی اتولوگ در فضای اپیدورال,تجویز سرم وریدی,استفاده از NSAIDs,
ertegha_1404.jsonl,OBGYN-1404-ERTEGHA-GENERAL-080,خانم نولی‌پار با سن حاملگی ۳۸ هفته و پارگی کیسه آب از ۲ ساعت قبل، به اورژانس مراجعه کرده است. در معاینه انقباض نداشته و FHR = 140 و Bishop score = 7 و پرزنتاسیون سفالیک و معاینه لگن نرمال می‌باشد. حداقل زمانی که پس از اینداکشن عدم پاسخ اطلاق می‌شود، کدامیک از موارد زیر است؟,۱۲ ساعت,۱۵ ساعت,۱۸ ساعت,۲۴ ساعت,
ertegha_1404.jsonl,OBGYN-1404-ERTEGHA-GENERAL-081,در خانمی با سابقه Stillbirth قبلی، در سن حاملگی ۳۷ هفته با پرزنتاسیون سفالیک ارزیابی‌های سونوگرافیک و تست ارزیابی سلامت جنین نرمال، اقدام مناسب کدام است؟,ختم بارداری در هفته ۳۹,سزارین بعد از ۳۹ هفته,سزارین با شروع دردها,ادامه بارداری تا شروع خودبخودی دردهای زایمانی,
ertegha_1404.jsonl,OBGYN-1404-ERTEGHA-GENERAL-082,خانم بارداری که ۵ روز قبل زایمان کرده است، دچار فیشر نیپل نسبتاً شدید شده است، اقدام صحیح کدام است؟,قطع شیردهی به طور کامل به مدت ۲۴ ساعت,شروع شیردهی ابتدا از پستان سالم و سپس از پستان مبتلا,تخلیه با پمپ و شیردهی با پستان سالم,شستشوی آرئول با آب و صابون ملایم قبل از شیردهی,
ertegha_1404.jsonl,OBGYN-1404-ERTEGHA-GENERAL-083,وجود کدام ریسک‌فاکتور بالینی زیر بیشترین شانس ابتلا به پره‌اکلامپسی را دارد؟,حاملگی چندقلو,سابقه پره اکلامپسی,فشارخون مزمن,سابقه Stillbirth,
ertegha_1404.jsonl,OBGYN-1404-ERTEGHA-GENERAL-084,خانم G2 در سن حاملگی W14 با سابقه یکبار زایمان زودرس در W28 مراجعه کرده است. سابقه مصرف شیاف پروژسترون را از W12 ذکر می‌کند. اقدام صحیح کدام است؟,معاینه واژینال سرویکس هر دو هفته تا W30,ارزیابی سونوگرافی واژینال سرویکس از W16,سرکلاژ,تزریق عضلانی پروژسترون کاپروآت هفتگی,
ertegha_1404.jsonl,OBGYN-1404-ERTEGHA-GENERAL-085,خانمی ۲۲ ساله با BMI = 30 و حاملگی ۲۸ هفته با تشخیص Severe sepsis نیاز به انتقال به بیمارستان سطح ۳ دارد. حداقل اقدام لازم در طی انتقال بیمار کدام است؟,اینتوبه کردن بیمار,مانیتورینگ مداوم قلب جنین,پالس اکسی متری مداوم,تعبیه CV line,
ertegha_1404.jsonl,OBGYN-1404-ERTEGHA-GENERAL-086,در بیماری به دنبال خونریزی پس از زایمان، Ebb balloons تعبیه شده و یک دوز آنتی‌بیوتیک دریافت کرده است. دستور خروج بالون ۱۲ ساعت بعد گذاشته شده است. جهت کاهش ریسک آندومتریت اقدام صحیح کدام است؟ (صفحه ۱۲ از ۲۰),عدم نیاز به ادامه آنتی‌بیوتیک پروفیلاکسی با توجه به مدت کوتاه باقی ماندن بالون,کلیندامایسین IV / 600mg هر ۸ ساعت تا ۴۸ ساعت پس از تعبیه بالون,آزیترومایسین 2gr خوراکی تک دوز پس از Po شدن بیمار,سفازولین IV / 1gr هر ۸ ساعت تا زمان خروج بالون,
ertegha_1404.jsonl,OBGYN-1404-ERTEGHA-GENERAL-087,خانم باردار ۳۲ ساله، G2P1L1، ۳۶ هفته با گزارش سونوگرافی زیر مراجعه کرده است. جنین در وضعیت سفالیک، جفت پوستریور، و مایع آمنیوتیک ۱۰ سانتی‌متر می‌باشد. وزن جنین ۲٪ پرسنتیل و کالر داپلر شریان‌های نافی و مغزی میانی نرمال می‌باشد. گزینه صحیح در مورد زمان ختم بارداری کدام است؟,۳۶,۳۷,۳۸,۳۹,
ertegha_1404.jsonl,OBGYN-1404-ERTEGHA-GENERAL-088,خانمی ۳۵ ساله G2P2 که ۳ هفته پیش زایمان کرده است با شکایت تب و درد پستان راست و با احتمال آبسه سونوگرافی می‌شود. در سونوگرافی دو آبسه مجاور هم با ابعاد ۳ در ۴ و ۲ در ۵ سانتی‌متر مشاهده می‌شود. او به شدت در مورد امکان ایجاد اسکار حساس است ولی امکان مراجعات مکرر هم ندارد. علاوه بر درمان با آنتی‌بیوتیک اقدام صحیح کدام است؟,آسپیراسیون آبسه‌ها تحت گاید سونوگرافی,درناژ آبسه با یک انسزیون,درناژ آبسه با دو انسزیون,تهیه اسمیر و کشت از شیر پستان مبتلا و تصمیم‌گیری بر اساس نتیجه آن,
ertegha_1404.jsonl,OBGYN-1404-ERTEGHA-GENERAL-089,خانم باردار ۲۵ هفته با تشخیص کوله‌سیستیت حاد، توسط جراح در وضعیت supine و فشار دمندگی 12mmHg CO2 تحت لاپاراسکوپی قرار گرفته است. ورود اولیه با تکنیک Open انجام شده است. ایندکس قلبی مادر طی پنج دقیقه ۲۰ درصد کاهش یافته است. مناسب‌ترین اقدام کدام است؟,کاهش فشار گاز CO2,متوقف کردن عمل جراحی,تغییر پوزیشن بیمار به لترال,لاپاراتومی اورژانس با شک به آسیب عروقی,
ertegha_1404.jsonl,OBGYN-1404-ERTEGHA-GENERAL-090,"خانمی ۳۰ ساله گراوید یک با BMI = 32 با حاملگی ۳۲ هفته که بعلت پارگی زودرس کیسه آب از ۳ روز قبل در بخش بستری می‌باشد از تپش قلب ناگهانی شاکی است. در بررسی BP = 130/80, RR = 22, PR = 187 و سچوریشن اکسیژن ۹۵ درصد و تب ندارد. در EKG گرفته شده SVT مشاهده می‌شود. جهت کنترل SVT بلافاصله مانورهای واگال انجام شد که موثر نبود. اولین اقدام صحیح تجویز کدامیک از داروهای زیر است؟",آدنوزین,وراپامیل,آمیودارون,ایندرال,
ertegha_1404.jsonl,OBGYN-1404-ERTEGHA-GENERAL-091,"در آزمایش ادرار خانم ۲۵ ساله G2P1L1 با سن بارداری ۲۶ هفته با دیزوری، Epithelial: 2-3, RBC: 2-3, WBC: 25-30 گزارش شده است. کشت ادرار منفی می‌باشد. گزینه صحیح کدام است؟",درمان سه روزه با آمپی‌سیلین,درمان تک دوز با آموکسی‌سیلین,درمان با آزیترومایسین,کلوتریمازول واژینال,
ertegha_1404.jsonl,OBGYN-1404-ERTEGHA-GENERAL-092,در مورد خانم باردار ۹ هفته که با هایپرامزیس گرومیداروم شدید مراجعه کرده است، کدام مورد صحیح است؟,تجویز داکسی‌لامین یک عدد صبح یک عدد ظهر و دو قرص قبل از خواب,تجویز تیامین وریدی ۱۰۰ میلی‌گرم به مدت ۲ - ۳ روز,با توجه به سن بارداری نمی‌توان اندانسترون داد,تجویز ویتامین B12 تزریقی,
ertegha_1404.jsonl,OBGYN-1404-ERTEGHA-GENERAL-093,خانمی با سابقه یک بار ترومبوآمبولی وریدی و سه بار سقط سه ماهه اول، تحت بررسی قرار گرفته و در آزمایشات انجام شده آنتی‌کاردولیپین IgG مثبت است. برای تایید سندروم آنتی‌فسفولیپید کدام گزینه صحیح است؟,سندروم آنتی‌فسفولیپید برای ایشان مورد تایید است,درخواست لوپوس آنتی‌کواگولان,تکرار آزمایش ۱۲ هفته بعد,درخواست آنتی‌کاردولیپین IgM,
ertegha_1404.jsonl,OBGYN-1404-ERTEGHA-GENERAL-094,خانم باردار ۱۹ هفته در آنومالی اسکن انجام شده حاملگی دوقلو و جنس هر دو قل مشابه گزارش شده است ولی کوریونیسیتی دوقلو مشخص نشده است. بیمار تنها یک سونوگرافی در ۷ هفته دارد که رحم حاوی دو ساک و در هر ساک یک جنین مشاهده شده است. محتمل‌ترین نوع دوقلویی کدام است؟ (صفحه ۱۳ از ۲۰),دی کوریون دی آمنیون,دی کوریون منوآمنیون,منوکوریون دی آمنیون,منوکوریون منوآمنیون,
ertegha_1404.jsonl,OBGYN-1404-ERTEGHA-GENERAL-095,خانم گراوید ۱، ۳۴ ساله با BMI = 18.5 - 25.5، ۳۴ هفته در مراقبت پره‌ناتال فشارخون ۱۵۰/۹۰ دارد. تا به حال فشارخون بالا نداشته، و وزن‌گیری نرمال دارد. در اندازه‌گیری مجدد، فشارخون ۱۴۰/۸۰ می‌باشد. در ویزیت قبل نیز چنین بوده است. آزمایشات پره‌اکلامپسی نرمال است. اقدام صحیح کدام است؟,رژیم بی‌نمک,محدودیت فعالیت فیزیکی,کنترل فشار خون در منزل,مشاوره نفرولوژی,
ertegha_1404.jsonl,OBGYN-1404-ERTEGHA-GENERAL-096,"خانم ۳۲ ساله باردار G2P1L1، با سن بارداری ۲۴ هفته با سرفه خلط‌دار، تنگی نفس، درد پلورتیک قفسه سینه و ضعف و بی‌حالی مراجعه می‌کند. سابقه بیماری خاصی را ذکر نمی‌کند. در عکس قفسه سینه انجام شده شواهد پنومونی مشاهده می‌شود. BP: 110/70, PR: 86, T: 37.2°C, RR: 16 گزینه صحیح کدام است؟",لوفلوکساسین ۷۵۰ میلی‌گرم روزانه با اوسلتامیویر ۷۵ میلی‌گرم، ۲ بار در روز,کلاریترومایسین ۵۰۰ میلی‌گرم با اوسلتامیویر ۷۵ میلی‌گرم، ۲ بار در روز,آزیترومایسین ۱۰۰۰ میلی‌گرم روزانه با آمپی‌سیلین سولباکتام هر ۶ ساعت,کلاریترومایسین ۷۵۰ میلی‌گرم روزانه با آمپی‌سیلین سولباکتام هر ۶ ساعت,
ertegha_1404.jsonl,OBGYN-1404-ERTEGHA-GENERAL-097,"خانمی ۲۴ ساله گراوید یک با سن حاملگی ۳۳ هفته با شکایت خارش ژنرالیزه بدن بدون بثورات پوستی مراجعه کرده است. در معاینه علائم حیاتی مادر Stable است. NST اطمینان‌بخش و انقباض رحمی ندارد. FH = 34 سانتی‌متر است و در آزمایشات انجام شده: WBC = 14000/mm³, Hb = 12g/dl, PLT = 170000/µL, ALT = 300U/L, AST = 320U/L, Total bilirubin = 3mg/dl, bile acid = 20µMOL/L اقدام صحیح کدام است؟",ختم بارداری بعد از RDS پروفیلاکسی,شروع ursodeoxycholic acid,سزارین اورژانس,مراقبت روتین بارداری,
ertegha_1404.jsonl,OBGYN-1404-ERTEGHA-GENERAL-098,بیمار خانمی ۳۷ ساله با دیابت OVERT از ۱۲ سال قبل جهت کنترل فشار خون تحت درمان با لوزارتان می‌باشد. در بررسی‌های انجام شده نفروپاتی متوسط دارد. فشار خون بیمار با دارو 130/85 میلی‌متر جیوه می‌باشد. در مشاوره قبل از بارداری گزینه صحیح کدام است؟,حاملگی در بیمار فوق کنتراندیکه است,ممکن است حاملگی باعث پیشرفت نفروپاتی شود,دیالیز پروفیلاکتیک در طی حاملگی توصیه می‌شود,توصیه به بیوپسی کلیه قبل از حاملگی می‌شود,
ertegha_1404.jsonl,OBGYN-1404-ERTEGHA-GENERAL-099,خانم بارداری با سابقه آنمی داس شکل در سن حاملگی W8 با HB = 9g/dl مراجعه کرده است. جملات زیر در مورد مراقبت پره‌ناتال وی صحیح است بجز:,واکسیناسیون با پنوموکوک و مننگوکوک,مشاوره قلب,ترانسفوزیون خون پروفیلاکسی,مصرف روزانه فولیک اسید 4mg,
ertegha_1404.jsonl,OBGYN-1404-ERTEGHA-GENERAL-100,خانمی حامله ۲۶ ساله با سابقه هیپوتیروئیدی در خواهرش، مراجعه کرده است. در آزمایشات انجام شده Free T4 پایین‌تر از نرمال و TSH در محدوده نرمال و Total T4 بالاتر از نرمال است. ایشان علائم بالینی ندارد. تشخیص کدام است؟ (صفحه ۱۴ از ۲۰),هیپوتیروئیدی ساب‌کلینیکال,هایپوتیروئیدی,هیپوتیروکسینمی ایزوله,تغییرات فیزیولوژیک بارداری,
ertegha_1404.jsonl,OBGYN-1404-ERTEGHA-GENERAL-101,خانمی ۳۰ ساله دارای دو فرزند سالم، بیماری لوپوس و سندرم آنتی‌فسفولیپید دارد. بیماری وی با سیکلوسپورین تحت کنترل است. بهترین روش جهت جلوگیری از بارداری کدام است؟,Tubal Ligation,کنتراسپتیو خوراکی,implant پروژستینی,تعبیه IUD,
ertegha_1404.jsonl,OBGYN-1404-ERTEGHA-GENERAL-102,خانم ۲۹ ساله که تا به حال با درمان لوتیراستام کنترل بوده است برای مراقبت پریناتال در هفته ۲۰ مراجعه می‌کند. در ماه گذشته دو بار تشنج تونیک کلونیک داشته است. دوز دارو را کاملا رعایت می‌کند. قبل از بارداری سطح سرمی دارو در حد درمانی بوده است. گزینه صحیح کدام است؟,تغییر دارو به والپروات,تغییر دارو به کاربامازپین و فنی‌توئین,اندازه‌گیری سطح سرمی دارو,اضافه کردن فنوباربیتال به داروی فعلی,
ertegha_1404.jsonl,OBGYN-1404-ERTEGHA-GENERAL-103,اولین خط درمان، برای درمان دارویی افسردگی در حاملگی کدام است؟,فلوکستین,پاروکستین,پروپرانولول,کلرپرومازین,
ertegha_1404.jsonl,OBGYN-1404-ERTEGHA-GENERAL-104,خانم باردار ۱۲ هفته جهت سونوگرافی NT مراجعه کرده است. پزشک در سونوگرافی متوجه کیست ۷ سانتی‌متر در تخمدان راست می‌شود. یافته‌های کالر داپلر نرمال بوده و نمای کیست mature teratoma می‌باشد. اقدام مناسب بعدی کدام است؟,لاپاراتومی در ۱۲-۱۶ هفته,لاپاراسکوپی در ۱۲-۱۶ هفته,توصیه به MRI می‌شود.,Observe شود,
ertegha_1404.jsonl,OBGYN-1404-ERTEGHA-GENERAL-105,خانم باردار ۱۵ هفته دچار ضایعه ندولی ۳ سانتی‌متری در ناحیه اکستنسور پا شده است. ضایعه قرمز و تندر می‌باشد. کدام مورد در ارتباط با این ضایعه صحیح می‌باشد؟,این ضایعه ناشی از التهاب بافت همبند می‌باشد.,عامل آن می‌تواند یک عفونت باشد.,بعد از بهبودی اسکار هایپوپیگمانته بر جای می‌گذارد.,توصیه به تجویز کورتیکواسترویید می‌شود.,
ertegha_1404.jsonl,OBGYN-1404-ERTEGHA-GENERAL-106,خانم ۲۶ ساله گراوید ۱ که در سن بارداری ۴۱ هفته و ۵ روز با درد مراجعه کرده است، در سیر زایمان متوجه مکونیوم در مایع آمنیوتیک شده‌اید. کدام گزینه صحیح است؟,نوزاد در معرض دیس‌فونکسیون ریوی است.,ساکشن حلق بلافاصله بعد از خروج سر انجام شود.,آمنیواینفیوژن در سیر لیبر توصیه می‌شود.,در صورت انقباضات هایپوتون اکسی‌توسین شروع شود.,
ertegha_1404.jsonl,OBGYN-1404-ERTEGHA-GENERAL-107,در کدام یک از ناهنجاری‌های جنینی و جفتی زیر شروع خود به خود دردهای زایمانی با تأخیر رخ می‌دهد؟,کوریوآنژیوم جفتی,هیپوپلازی آدرنال,آژنزی کلیه,پلاسن Tomegaly,
ertegha_1404.jsonl,OBGYN-1404-ERTEGHA-GENERAL-108,خانم باردار در هفته ۱۴ دچار علایم مشابه مونونوکلئوز شده است. با شک به CMV بررسی سرولوژی انجام شد. نتیجه تست سرولوژیک مادر IgM (+) IgG (+) low IgG avidity بود. احتمال عفونت مادرزادی جنین چه میزان است؟,فعلا عفونتی وجود ندارد.,احتمال عفونت کم است.,احتمال عفونت زیاد است.,نمی‌توان عفونت را رد کرد.,
ertegha_1404.jsonl,OBGYN-1404-ERTEGHA-GENERAL-109,خانمی ۲۶ ساله، G1 با سن بارداری ۵ هفته با βhCG = 4000Iu/ml و سونو مبنی بر Cervical ectopic pregnancy مراجعه کرده است. ساک بارداری فاقد قلب است. خونریزی در حد لکه‌بینی است و علائم حیاتی stable می‌باشد. انتخاب اول درمان کدام است؟ (صفحه ۱۵ از ۲۰),suction evacuation,هیستروسکوپی,تزریق KCL در ساک بارداری,MTX تراپی,
ertegha_1404.jsonl,OBGYN-1404-ERTEGHA-GENERAL-110,"باردار ۳۵ ساله گراوید ۱ در هفته ۲۹ با سردرد مراجعه کرده است. فشار خون 165/110 داشت که با لابتالول تزریقی به 150/110 رسید و سردرد نیز بهبود یافت. آزمایشات کبدی SGOT = 65, SGPT = 50، کراتینین 0.9، پلاکت 152000 و پروتئین ادرار (++ ) دارد. در کدام یک از موارد زیر می‌توان برای پروفیلاکسی RDS، زایمان را ۴۸ ساعت به تعویق انداخت؟",پارگی زودرس کیسه آب بدون علائم شدید پره اکلامپسی,شروع مجدد سردرد,ادم ریه,عدم توانایی کنترل فشارخون,
ertegha_1404.jsonl,OBGYN-1404-ERTEGHA-GENERAL-111,مصرف کدام یک از داروهای ضد تشنج زیر در دوران بارداری اثرات تراتوژنیسیتی بیشتری دارد؟,گاباپنتین,لاموتریژین,والپروئیک اسید,فنی‌توئین,
ertegha_1404.jsonl,OBGYN-1404-ERTEGHA-GENERAL-112,خانم باردار ۲۸ هفته با شکایت ترشحات زردرنگ واژینال و سابقه حساسیت به مترونیدازول خوراکی مراجعه کرده است. اسمیر ترشحات واژینال حاوی ارگانیسم‌های متحرک است. درمان صحیح کدام است؟,تک دوز تینیدازول خوراکی ۲ گرم,ژل موضعی مترونیدازول 0.5% تا هفت شب,داکسی سیکلین 100mg هر ۱۲ ساعت به مدت ۷ روز,حساسیت‌زدایی مترونیدازول و تجویز 500mg هر ۱۲ ساعت,
ertegha_1404.jsonl,OBGYN-1404-ERTEGHA-GENERAL-113,خانم ۳۵ ساله با بارداری ۳۲ هفته و ۵ روز با شکایت درد و خونریزی مراجعه کرده است. در سونوگرافی جفت خلفی بوده و اندکس مایع آمنیوتیک ۷ سانتی‌متر و بدون شواهد هماتوم خلف جفت و آمنیوشور منفی است. سابقه خونریزی در هفته ۱۶ و ۲۴ را نیز ذکر می‌کند. انقباضات رحمی با شدت متوسط دارد. گزینه صحیح در اداره این بیمار کدام است؟,تجویز توکولیتیک,تحت نظر گرفتن و تجویز کورتون,تجویز سولفات منیزیم,بیوفیزیکال پروفایل روزانه,
ertegha_1404.jsonl,OBGYN-1404-ERTEGHA-GENERAL-114,خانمی سالم جهت مشاوره بارداری مراجعه کرده است. همسر ایشان مبتلا به هپاتیت C و تحت درمان با ribavirin از یک سال پیش است. جملات زیر در این مورد صحیح است بجز:,از دو روش جلوگیری از بارداری استفاده شود.,حاملگی ۶ ماه بعد از قطع دارو توصیه می‌شود.,این دارو تراتوژن است.,دارو یک ماه بعد از قطع مصرف در سرم باقی می‌ماند.,
ertegha_1404.jsonl,OBGYN-1404-ERTEGHA-GENERAL-115,خانمی دچار خونریزی بعد از زایمان شده است و در کنار سایر اقدامات اولیه تا قبل از حاضر شدن خون و فرآورده، مجبور به تزریق سرم شده‌ایم. برای پیشگیری از اسیدوز هایپرکلرمیک، از تزریق بیش از حد کدام سرم باید اجتناب کرد؟,رینگر لاکتات,رینگر,نرمال سالین,محلول کلوئیدی,
ertegha_1404.jsonl,OBGYN-1404-ERTEGHA-GENERAL-116,در حین معاینه‌ی لگن در خانم‌ها، کدام عبارت صحیح است؟,استفاده از بزرگ‌ترین سایز اسپکولوم,استفاده از مقادیر اندک لوبریکانت بدون اثر روی سیتولوژی,اطلاع دادن یافته غیرطبیعی به بیمار در حین معاینه روی تخت معاینه,استفاده از اسپکولوم Grave در افرادی که از نظر جنسی فعال هستند.,
ertegha_1404.jsonl,OBGYN-1404-ERTEGHA-GENERAL-117,کدامیک از انواع مطالعات بالینی برای بررسی ارتباط بین یک مواجهه نسبتاً شائع و یک بیماری نسبتاً نادر مناسب‌تر است؟ (صفحه ۱۶ از ۲۰),مقطعی,موردی - شاهدی,هم‌گروهی (Cohort),کارآزمایی بالینی,
ertegha_1404.jsonl,OBGYN-1404-ERTEGHA-GENERAL-118,در حین قراردادن تروکار نافی در لاپاراسکوپی، احتمال تروما به کدام یک از عروق وجود دارد؟,Inferior epigastric Artery,Deep circumflex Artery,Right common iliac artery and distal Aorta,Left common iliac vein and Artery,
ertegha_1404.jsonl,OBGYN-1404-ERTEGHA-GENERAL-119,پس از عمل هیسترکتومی به دلیل کانسر در خانمی با BMI = 42، به دنبال ایلئوس طول کشیده، گرافی ساده شکم انجام شده است که گزارش باقی ماندن یک گاز خط‌دار داده شده است. مناسب‌ترین توضیح به بیمار در مورد اقدام درمانی کدام است؟,اقدام به لاپاراتومی بدون ارائه توضیح به بیمار,پس از عمل اول، مشخص شد که با توجه به کانسر نیاز به عمل دوم دارد.,چاقی شدید وی باعث جا ماندن جسم خارجی شده که نیاز به عمل مجدد دارد.,خطای پزشکی رخ داده است و نیاز به لاپاراتومی مجدد دارد.,
ertegha_1404.jsonl,OBGYN-1404-ERTEGHA-GENERAL-120,در معاینه دختربچه ۵ ساله چسبندگی لبیا مشاهده می‌شود. کدام اقدام زیر صحیح است؟,بازکردن چسبندگی با کشش دست,استفاده از وازلین موضعی و جدا کردن محل چسبندگی با دست,استفاده از کرم استروژن موضعی به مدت ۲ تا ۶ هفته سپس جدا کردن چسبندگی با دست,تحت نظر با انجام آزمایش ادرار و تجویز آنتی‌بیوتیک,
ertegha_1404.jsonl,OBGYN-1404-ERTEGHA-GENERAL-121,خانم ۳۷ ساله با سابقه یک بار حاملگی موفق ۶ سال قبل، به دلیل تکرر ادرار و خونریزی قاعدگی شدید سونوگرافی انجام داده است و میوم ۸ سانتی‌متر گزارش شده است. با توجه به اینکه قصد بارداری مجدد دارد، کدام عبارت در مورد عمل آمبولیزاسیون شریان رحمی صحیح است؟,در صورت انجام آمبولیزاسیون، حاملگی تا سه سال به تعویق بیفتد.,به علت کاهش احتمالی عملکرد تخمدان، آمبولیزاسیون توصیه نمی‌شود.,در صورت بارداری، عوارض حاملگی نسبت به میومکتومی بالاتر است.,Integrity دیواره رحم در حاملگی بعدی به اثبات رسیده است.,
ertegha_1404.jsonl,OBGYN-1404-ERTEGHA-GENERAL-122,خانم ۴۰ ساله G3P3 با پاپ اسمیر H-ASC تحت کولپوسکوپی بیوپسی قرار گرفته است. کولپوسکوپی رضایت‌بخش نبوده و CIN 3 گزارش شده است. کدام اقدام صحیح است؟,ابلیشن با لیزر,هیسترکتومی,کونیزاسیون با LEEP,بررسی HPV,
ertegha_1404.jsonl,OBGYN-1404-ERTEGHA-GENERAL-123,خانم ۵۴ ساله با ترشحات واژینال و سوزش و خارش مراجعه کرده است که در معاینه colpitis Macularis رویت می‌شود و PH ترشحات واژن قلیایی است. درمان مناسب کدام گزینه است؟,کرم واژینال کلیندامایسین ۲٪ به مدت ۴ هفته,قرص کلیندامایسین ۱۵۰ میلی‌گرم هر ۸ ساعت به مدت ۱۰ روز,قرص مترونیدازول ۵۰۰ میلی‌گرم هر ۱۲ ساعت به مدت ۷ روز,ژل واژینال مترونیدازول به مدت ۱۴ روز,
ertegha_1404.jsonl,OBGYN-1404-ERTEGHA-GENERAL-124,خانم ۳۷ ساله‌ای که به فرزند سه ماهه خود شیر می‌دهد، به علت درد پستان چپ مراجعه کرده است. در معاینه تب ۳۸ درجه و تندرنس و اریتم پستان دارد. علاوه بر تجویز آنتی‌بیوتیک کدام اقدام صحیح است؟,ممانعت از شیردهی,ادامه شیردهی,دوشیدن شیر تا برطرف شدن علایم بالینی عفونت بیمار,تجویز کابرگولین برای پاسخ بهتر به درمان و ممانعت از شیردهی,
ertegha_1404.jsonl,OBGYN-1404-ERTEGHA-GENERAL-125,خانم ۴۰ ساله با شکایت خروج توده از واژن و اختلال عملکرد دفع و درد حین مدفوع کردن مراجعه کرده است. در معاینه ریکتوواژینال پرولاپس Stage II کمپارتمان خلفی، اسپاسم لواتور و اسفنکتر آنال مشهود است. درمان اولیه این بیمار کدام است؟ (صفحه ۱۷ از ۲۰),کولپورافی خلفی,بیوفیدبک,اسفنکروپلاستی آنال,تزریق بوتاکس به عضله لواتور,
ertegha_1404.jsonl,OBGYN-1404-ERTEGHA-GENERAL-126,خانم ۵۲ ساله با سابقه دو بار سزارین، به علت خونریزی مقاوم به درمان، تحت عمل جراحی هیسترکتومی لاپاراسکوپیک قرار گرفته است. در حین جداکردن مثانه پارگی در ناحیه تریگون مثانه با سایز ۵ میلی‌متر ایجاد شده است. اقدام مناسب کدام است؟,قراردادن سوند فولیس مثانه به مدت ۲ تا ۵ روز,ترمیم پارگی از طریق لاپاراسکوپی,قرار دادن سوند فولیس و ترمیم پارگی سه ماه بعد,ترمیم پارگی از طریق لاپاراتومی و قراردادن سوند فولیس مثانه بمدت ۱۰ تا ۱۴ روز,
ertegha_1404.jsonl,OBGYN-1404-ERTEGHA-GENERAL-127,خانم ۵۵ ساله مورد سرطان پستان با گیرنده هورمونی مثبت تحت درمان با لتروزول، با شکایت خشکی واژن و دیس‌پارونی و کاهش میل جنسی مراجعه کرده است. کدامیک از گزینه‌های زیر انتخاب ارجح در درمان این بیمار می‌باشد؟,کرم واژینال استروژن Low dose,استروژن خوراکی Very low dose,بوپروپیون خوراکی,استفاده از روغن زیتون واژینال,
ertegha_1404.jsonl,OBGYN-1404-ERTEGHA-GENERAL-128,خانم ۴۰ ساله با خونریزی غیرطبیعی، آنمی و گزارش پاتولوژی آندومتر پرولیفراتیو و توده ۵ سانتی‌متر در رحم تحت هیسترکتومی قرار گرفته است. پاتولوژی Smooth muscle tumors of uncertain malignant potential (STUMP) گزارش شده است. اقدام صحیح کدام است؟,کموتراپی,رادیوتراپی,تحت نظر گرفتن بیمار,تکمیل جراحی و برداشتن تخمدان‌ها,
ertegha_1404.jsonl,OBGYN-1404-ERTEGHA-GENERAL-129,کدامیک از توصیه‌های زیر در مورد انجام ورزش‌های Kegel در درمان بی‌اختیاری ادراری استرسی صحیح است؟,انجام انقباضات حین اجابت مزاج,انجام تمرینات با مثانه خالی,انقباض همزمان عضلات شکم,انقباض همزمان عضلات ران,
ertegha_1404.jsonl,OBGYN-1404-ERTEGHA-GENERAL-130,خانمی ۴۱ ساله G3P3 با گزارش کونیزاسیون آدنوکارسینومای درجا (In situ) یا AIS با حاشیه‌های منفی مراجعه کرده است. کدام روش جراحی صحیح است؟,هیسترکتومی با حفظ تخمدان‌ها,هیسترکتومی با برداشتن تخمدان‌ها,رادیکال هیسترکتومی با حفظ تخمدان‌ها,رادیکال تراکلکتومی با حفظ تخمدان‌ها,
ertegha_1404.jsonl,OBGYN-1404-ERTEGHA-GENERAL-131,خانمی ۲۱ ساله، مجرد و نولی گراوید با توده تخمدان ۱۴×۱۸×۱۱ سانتی‌متر در سونوگرافی و درد شکم ارجاع شده است. در ضمن جراحی سالپنگواوفورکتومی طرف مبتلا، staging انجام شده است، یافته دیگری در ضمن جراحی و در سی‌تی اسکن شکم و لگن قبل عمل نداشته است و اکنون با جواب پاتولوژی Immature Teratoma گرید یک بدون درگیری لنف‌نودها، و با Stage IA ارجاع شده است. جراح وجود ۳۰۰ سی‌سی آسیت را گزارش کرده است، سیتولوژی منفی بوده است. اقدام مناسب کدام است؟,اقدام خاصی لازم ندارد.,کموتراپی با رژیم BEP,Second look با لاپاروسکوپی,هیسترکتومی و سالپنگواوفورکتومی طرف مقابل,
ertegha_1404.jsonl,OBGYN-1404-ERTEGHA-GENERAL-132,دختر ۱۳ ساله قربانی تعرض جنسی در چند ساعت اخیر، با خونریزی واژینال خفیف و علائم حیاتی پایدار مراجعه می‌کند. اولین اقدام صحیح کدام است؟ (صفحه ۱۸ از ۲۰),معاینه زیر بیهوشی,جمع‌آوری نمونه و مستندسازی,شستشوی ناحیه,سونوگرافی,
ertegha_1404.jsonl,OBGYN-1404-ERTEGHA-GENERAL-133,خانمی با سابقه مول کامل و درمان موفق اکنون پس از یکسال با BHCG معادل 6800 IU/ml مراجعه کرده است. در صورت تایید حاملگی نرمال داخل رحمی با جفت نرمال سونوگرافی، کدام یک از اقدامات زیر لازم است؟,مراقبت روتین بارداری,چک βHCG در هر تریمستر,پروفیلاکسی پره اکلامپسی,انجام βHCG دوازده هفته پس از زایمان,
ertegha_1404.jsonl,OBGYN-1404-ERTEGHA-GENERAL-134,خانم ۳۰ ساله به دلیل ضایعه‌ای به اندازه یک و نیم سانتی‌متر در اطراف کلیتوریس بیوپسی شده و در جواب اسکوآموس سل کارسینوم گزارش شد. کدام روش درمانی صحیح است؟,ولوکتومی رادیکال,کمورادیوتراپی اولیه,ولوکتومی پارشیل,رادیوتراپی به تنهایی,
ertegha_1404.jsonl,OBGYN-1404-ERTEGHA-GENERAL-135,خانم ۳۵ ساله در سن ۸ سالگی به دلیل لنفوم هاچکین تحت رادیوتراپی قرار گرفته است. کدام عبارت در مورد غربالگری سرطان پستان در ایشان صحیح است؟,سونوگرافی پستان‌ها,ماموگرافی سالیانه و ام آر آی سالیانه پستان‌ها,ام آر آی پستان‌ها و زیر بغل‌ها,ماموگرافی و سونوگرافی سالیانه,
ertegha_1404.jsonl,OBGYN-1404-ERTEGHA-GENERAL-136,خانم ۳۰ ساله G2P2 به دنبال نزدیکی محافظت‌نشده شش روز قبل، جهت مشاوره جلوگیری از بارداری به شما مراجعه می‌کند. گزینه صحیح کدام است؟,گذاشتن IUD,تجویز کنتراسپتیو ترکیبی خوراکی,تجویز لوونورژسترل خوراکی تک دوز,تزریق پروژسترون عضلانی,
ertegha_1404.jsonl,OBGYN-1404-ERTEGHA-GENERAL-137,"خانم ۳۰ ساله با سابقه نازایی ۴ ساله به دنبال هیستروسالپنگوگرافی یک هفته قبل با درد شکم در ناحیه سوپراپوبیک و RLQ و تب مراجعه کرده است. علایم حیاتی موقع بستری: PR = 105, BP = 95/65, RR = 18, T = 38°C در معاینه واژینال توده سفت و فیکس و تندر لمس می‌شود و در معاینه شکم تندرنس بدون ریباند دارد. در سونوگرافی ترانس‌واژینال توده ۹ سانتی‌متر در آدنکس سمت راست گزارش شده است. محتمل‌ترین تشخیص چیست؟",اندومتریوما,آبسه توبواواریان,آبسه پری آپندیکولار,آبسه دیورتیکولار,
ertegha_1404.jsonl,OBGYN-1404-ERTEGHA-GENERAL-138,در کدام یک از موارد زیر غربالگری دیابت در بانوان غیرباردار توصیه می‌شود؟,سن بالای ۳۵ سال,شاخص توده بدنی بیشتر از ۲۵ کیلوگرم بر مترمربع,HDL کلسترول بیشتر از ۳۵ میلی‌گرم بر دسی‌لیتر,سطح تری گلیسرید مساوی یا بیشتر از ۱۵۰ میلی‌گرم بر دسی‌لیتر,
ertegha_1404.jsonl,OBGYN-1404-ERTEGHA-GENERAL-139,در خانمی ۳۲ ساله با پاپ اسمیر atypical endocervical cell not otherwise specified: NOS-AGC که تحت کولپوسکوپی و بیوپسی قرار گرفته و نکته پاتولوژیک نداشته، اقدام مناسب کدام است؟ (صفحه ۱۹ از ۲۰),کورتاژ اندومتر,Co-test یک سال بعد,کولپوسکوپی شش ماه بعد,انجام LEEP,
ertegha_1404.jsonl,OBGYN-1404-ERTEGHA-GENERAL-140,در صورت وجود benign-appearing endometrial cells (BEC) در گزارش سیتولوژی یک خانم یائسه، کدام اقدام توصیه می‌شود؟,ادامه غربالگری به‌صورت روتین,ارزیابی برای هایپرپلازی یا سرطان آندومتر,انجام فوری کولپوسکوپی,درمان با استروژن موضعی و سپس پاپ اسمیر مجدد,
ertegha_1404.jsonl,OBGYN-1404-ERTEGHA-GENERAL-141,با توجه به شواهد موجود، ختم بارداری در مادران بالای ۴۰ سال در چه سنی از بارداری پیشنهاد می‌شود؟,۳۹ هفته,۴۰ هفته,۴۱ هفته,۴۲ هفته,
ertegha_1404.jsonl,OBGYN-1404-ERTEGHA-GENERAL-142,خانم باردار ۳۳ ساله با حاملگی ۲۶ هفته در حال CPR به علت ایست قلبی در اورژانس می‌باشد. کدام یک از اقدامات زیر دارای اولویت است؟,تعبیه Line CV فمورال,مانیتورینگ قلب جنین,شیفت تخت بیمار ۴۵ درجه به لترال چپ,سزارین اورژانس در صورت عدم احیای موفق بعد از ۴ دقیقه,
ertegha_1404.jsonl,OBGYN-1404-ERTEGHA-GENERAL-143,خانم G1 با سن حاملگی ۳۶ هفته و کاهش حرکت به اورژانس مراجعه کرده است. در ارزیابی علائم حیاتی نرمال و تست‌های سلامت جنین نرمال است، در سونوگرافی شواهدی از IUGR وجود ندارد و مایع آمنیوتیک نرمال و جفت خلفی می‌باشد. علیرغم این مسئله هنوز از کاهش حرکت شاکی است، انجام تست‌های ارزیابی سلامت جنین با چه توالی صحیح است؟,روزانه,دو بار در هفته,هفته‌ای یک بار,دو هفته یک بار,
ertegha_1404.jsonl,OBGYN-1404-ERTEGHA-GENERAL-144,خانم باردار جهت درمان بی‌اختیاری مدفوع تحت درمان با لوپرامید می‌باشد. در کدام یک از تایپ‌های بریستول مدفوع، لوپرامید را قطع می‌کنید؟,۲,۳,۴,۵,
ertegha_1404.jsonl,OBGYN-1404-ERTEGHA-GENERAL-145,خانم ۳۰ ساله‌ای ۶ ساعت قبل زایمان کرده است. تعریق، تاکیکاردی حدود ۱۲۰ در دقیقه و افت فشار خون دارد. در معاینه هماتوم حدود ۵ سانتی‌متر در ولو لمس می‌شود. خونریزی واژینال وجود ندارد. اقدام مناسب چیست؟,احیای سریع و کنترل خونریزی,تجویز آنتی‌بیوتیک,انجام سونوگرافی,سی‌تی اسکن بدون کنتراست,
ertegha_1404.jsonl,OBGYN-1404-ERTEGHA-GENERAL-146,خانمی برای مشاوره قبل از بارداری مراجعه کرده است. در صورت وجود سابقه کدام یک از موارد زیر باید از نظر ترومبوفیلی‌های ارثی ارزیابی شود؟,سقط,دکولمان جفت,اختلال رشد داخل رحمی جنین,سابقه قبلی ترومبوآمبولی,
ertegha_1404.jsonl,OBGYN-1404-ERTEGHA-GENERAL-147,خانم ۶۵ ساله با تشخیص کانسر اپیتلیال تخمدان کاندید جراحی اولیه Debulking شده است. جهت پیشگیری از ترومبوآمبولی وریدی کدامیک از جملات زیر صحیح است؟,داروهای خوراکی علیه فاکتور Xa را تا ۲۸ الی ۳۵ روز بعد از عمل ادامه دهیم.,تجویز مهارکننده فاکتور Xa خوراکی قبل از عمل توصیه می‌شود.,پروفیلاکسی مکانیکال حین عمل و بعد عمل کافی است.,تجویز مهار کننده فاکتور Xa بعد عمل با خونریزی شدید همراه است.,
ertegha_1404.jsonl,OBGYN-1404-ERTEGHA-GENERAL-148,در خانم ۳۴ ساله G1L1 مخروط‌برداری سرویکس انجام شده است که جواب پاتولوژی آدنوکارسینوم با عمق تهاجم ۴ میلی‌متر است، حاشیه‌های بافت فاقد درگیری گزارش شده و تهاجم به فضای لنفو عروقی وجود نداشته است. اقدام مناسب بعدی کدام است؟ (صفحه ۲۰ از ۲۰),تحت نظر گرفتن و اجازه بارداری,رادیکال تراکلکتومی و لنفادنکتومی,هیسترکتومی اکسترافاشیال,رادیکال هیسترکتومی,
ertegha_1404.jsonl,OBGYN-1404-ERTEGHA-GENERAL-149,در تحریک تخمک‌گذاری کدام گروه از بیماران مبتلا به اختلال تخمک‌گذاری، مصرف هر دو گونادوتروپین FSH و LH ضروری است؟,PCOS,هیپوگونادیسم هایپرگونادوتروپیک,هیپوگونادیسم هیپوگونادوتروپیک,هایپرپرولاکتینمی,
ertegha_1404.jsonl,OBGYN-1404-ERTEGHA-GENERAL-150,برای ارزیابی التیام بخیه‌های کاف واژن بعد از عمل جراحی هیسترکتومی واژینال معاینه چند هفته بعد از عمل را توصیه می‌کنید؟ اخلاق پزشکی,۳,۴,۵,۶,
ertegha_1404.jsonl,OBGYN-1404-ERTEGHA-GENERAL-151,در مورد گفتن خبر بد در حین مکالمه با خانواده بیماری که در انتهای حیات است، برای آنکه درک بهتری از وضعیت بیمار پیدا کنند، کدام گزینه درست است؟,"استفاده از عبارت: ""همه چیز تمام شده است، سعی کنیم مرگ با کرامتی داشته باشند"" مناسب می‌باشد.","استفاده از عبارت: ""آیا شما از ما می‌خواهید که او را احیاء کنیم؟"" مناسب می‌باشد.","استفاده از عبارت: ""فکر می‌کنید اگر می‌توانستیم از مادرتان سوال کنیم چه انتخابی می‌کرد؟"" مناسب می‌باشد.",گزینه ب و ج درست است.,
ertegha_1404.jsonl,OBGYN-1404-ERTEGHA-GENERAL-152,"کدام گزینه در مورد گفتن خبر بد در موضوع ""تعارضات پایان حیات در مراقبت‌های سلامت"" غلط است؟",انکار (DENIAL) یعنی ناتوانی در فهمیدن مجموعه‌ای از حقایق,انکار (DENIAL) یعنی عدم تمایل به فهمیدن برخی موضوعات,انکار (DENIAL) به علت پیامدهای روانشناختی غیرقابل پذیرش روی می‌دهد.,باور خوشبینانه مردم به احیای قلبی بازتابی از میزان موفقیت این اقدام در برنامه‌های تلویزیونی می‌باشد.,
board_1403.jsonl,OBGYN-1403-BOARD-GENERAL-001,اقدام .در بررسی یک خانم کاندیدای ھیسترکتومی ابدومینال، یک میوم ساب موکوز وجود دارد که سرویکس را دیلاته کرده است (2024 تلیندز)صحیح به منظور اکسپوز بھتر در زمان بستن عروق رحمی چیست؟,میومکتومی ھیستروسکوپی در ابتدای عمل,تعبیه سوند حالب قبل از عمل,باز کردن رتروپریتوان و تشخیص عروق رحمی,خروج میوم از برش جسم رحم طی عمل,
board_1403.jsonl,OBGYN-1403-BOARD-GENERAL-002,پس از .است -A گروه خونی خانم حامله .خانمی به علت بیماری ھماتولوژیک در طول حاملگی نیاز به تزریق پلاکت پیدا کرده است (2022 ویلیامز) اقدام مناسب کدام است؟ . است1/4 ، سطح کومبس غیر مستقیمD تزریق پلاکت علی رغم تزریق ایمونوگلوبولین,تعیین گروه خونی پدر و زیگوسیتی,خونگیری از بند ناف و کومبس مستقیم جنین,و تعیین گروه خونی جنینcell free DNA انجام,می باشدpassive نیاز به اقدام خاصی نیست و ایمنی,
board_1403.jsonl,OBGYN-1403-BOARD-GENERAL-003,روز قبل به علت بزرگی رحم و کم خونی و چسبندگی قبلی تحت عمل ھیسرکتومی با شکاف طولی قرار گرفته8 ساله که50 خانم است وintact در معاینه زخم . روز قبل پیدا کرده، مراجعه کرده است2 است به علت ترشح سروزی صورتی فراوان که از (2024 تلیندز)اولین اقدام کدام است ؟ .ترشحات فراوان سروسانگینو صورتی از محل عمل دارد,سونوگرافی شکم و لگن,باز کردن بخیه ھا ھمراه با فشار محل عمل جھت تخلیه ترشحات,با رد سوآپ پنبه ای از فاصله سوچور، سالم بودن فاشیا بررسی شود,و کشت ترشحات و درمان بر اساس آنCBC، ESR، CRP انجام,
board_1403.jsonl,OBGYN-1403-BOARD-GENERAL-004,که به دنبال زایمان مشکل دچار خونریزی واژینال شده و علیرغم درمان ھای اولیهG3P3Lch3 ساله40 حین لاپاراتومی خانم مناسب ترین اقدام اولیه .خونریزی کنترل نشده است، متوجه پارگی شدید رحم شده ایم به طوری که آناتومی کاملاً نامشخص می باشد (2024 تلیندز) جھت ھیسترکتومی کدام است؟,. کرده و بعداً بقیه جراحی ادامه یابدLigate آرتریوترین دو طرفه را مشخص و,. با استفاده از تورنیکه از پایین ترین قسمت رحم را بسته و بررسی دقیق انجام شود,. کرده و بعد جراحی انجام شودDissect می بایست مسیر حالب تا رسیدن به مثانه را,. شودLigate بدون توجه به شرایط، نقاط اتصال رحم به لگن,
board_1403.jsonl,OBGYN-1403-BOARD-GENERAL-005,صبح8 ناشی از بیماری اتو ایمیون جھت بررسی نارسایی آدرنال، اندازه گیری کورتیزول ساعتPOI ساله با تشخیص25 خانم (2020 اسپیروف) مناسب ترین اقدام بعدی کدام است؟ . می باشد10mg/dl را انجام داده و سطح آن,تکرار تست به صورت دوره ای,شروع درمان نارسایی آدرنال,ACTH Stimulation test انجام,ھیدروکسیلاز آنتی بادی21 بررسی از نظر,
board_1403.jsonl,OBGYN-1403-BOARD-GENERAL-006,"در بررسی انجام . ھفته به علت خارش، بخصوص در کف دست و پا مراجعه کرده است35 حاملهG1P0Lch0 ساله35 خانم . نرمال می باشدCBC وAST=140/L, Bilirubin=2mg/dl, Cr=0.6 شده",مناسب ترین اقدام بعد از شروع .سونوگرافی کبد و کیسه صفرا نرمال است . می باشدBile acid= 38μmol/L اندازه گیری,(2022 ویلیامز) درمان کدام است؟,دو ھفته بعد و تصمیم گیری بر اساس آنBile acid اندازه گیری,انجام داپلر سونوگرافی دو بار در ھفته,
board_1403.jsonl,OBGYN-1403-BOARD-GENERAL-007,ساعت48 تزریق بتامتازون و ختم بارداری بعد از بارداری37 در ھفتهInduction labor ھفته با سابقه ھیپرتیروئیدی که با حاملگی درمان را قطع کرده به دلیل تاکی کاردی25 حاملهG2P1Lch1 ساله30 خانم پروپیل1000mg بیمار با احتمال طوفان تیروئیدی .در اکوکاردیوگرافی نارسایی قلب تشخیص داده شده است .مراجعه کرده است مناسب ترین اقدام .اظھار می دارد که به ید حساسیت دارد .تیوراسیل دریافت کرده و قرار است یک ساعت بعد ید دریافت کند (2022 ویلیامز) بعدی کدام است ؟,تجویز پروپرانولول,ساعت6 ھر2gr دگزامتازون,300mg/QID لیتیوم کربنات,ساعت8 ھر1000mg به میزانPTU ادامه درمان با,
board_1403.jsonl,OBGYN-1403-BOARD-GENERAL-008,سابقه .اظھار می دارد در اکثر موارد ارگاسم را تجربه نکرده است . ساله با شکایت کاھش میل جنسی مراجعه نموده است24 خانم ارجح میEvidence base کدامیک از درمان ھای زیر براساس مطالعات . در دوران کودکی را ذکر می کندChild abuse (2020 برک نواک) باشد؟,تجویز سیلدنافیل,ویبراتور,آموزش پارتنر,Direct Masturbation,
board_1403.jsonl,OBGYN-1403-BOARD-GENERAL-009,: در معاینه لگن . ساله با شکایت خروج توده از واژن مراجعه نموده است43 خانم رحم و رینگ پری سرویکال در خلف کاملا از سرویکس3 دیفکت فاشیای پوبوسرویکال و رکتو واژینال مشاھده، پرولاپس درجه این تکنیک بر اساس کدامیک از یافته ھای . گذاشته شد Halban جھت ترمیم آن علاوه بر ھیسترکتومی پلان ترمیم .جدا شده است (2020 برک نواک) بیمار طراحی شده است؟,دیفکت فاشیای پوبوسرویکال,دیفکت فاشیای رکتو واژینال,رحم3 پرولاپس درجه,جدا شدگی رینگ پری سرویکال خلفی,
board_1403.jsonl,OBGYN-1403-BOARD-GENERAL-010,آپیکال مواجه با بزرگی رحم شده که برای تسھیل ھیسترکتومیstage 3 ساله با پرولاپس58 خانمTVH جراح ضمن عمل (2024 تلیندز) :بجز تمام مراحل زیر به ترتیب جھت بکارگیری کورینگ ضروری است .واژینال از تکنیک کورینگ استفاده می کند,لیگاتور شریان رحمی,گرفتن پریتوان قدام وخلف,انسزیون دایره ای و موازی میومتر با محور رحم,گسترش انسزیون میومتر تا سروز رحم,
board_1403.jsonl,OBGYN-1403-BOARD-GENERAL-011,":POPQ در معاینه . ساله با شکایت خروج توده از واژن مراجعه نموده است43 خانمی Ba= +2 cm, C = +4 cm, D =-4 cm, Bp = -1 cm, TVL = 10 cm",تمایل به استفاده از پساری نداشته ولی جھت جراحی تمایل به حفظ .در معاینه دو دستی رحم تاپ نرمال و پاپ اسمیر نرمال دارد,(2024 تلیندز) بر اساس معاینه، شرح حال و تمایل بیمار کدام روش ساسپنشن زیر برای بیمار ارجح می باشد؟ .رحم دارد,یوتروساکرال,ایلئوکوکسیژئوس,
board_1403.jsonl,OBGYN-1403-BOARD-GENERAL-012,منچستر ساکرواسپینوس ھفته پیش انجام داده مراجعه3 که ( TVT ) ساله با احتباس ادرار و کاتتر مجرا، بدنبال جراحی بی اختیاری ادرار67 خانمی در تست . کمپارتمان آپیکال انجام گرفته استstage 3 برای بیمار ھمزمان ھیسترکتومی واژینال بدلیل پرولاپس .نموده است :ارودینامیک قبل عمل موارد زیر دیده می شود (2024 تلیندز) جھت درمان احتباس ادراری کدام روش زیر پیشنھاد می گردد؟,TVT برداشتن مش,انجام برش عرضی اسلینگ,ادامه کاتتریزاسیون,دیلاتاسیون مجرای ادرار,
board_1403.jsonl,OBGYN-1403-BOARD-GENERAL-013,دیلاتاسیون مجرای ادرار ھفته با شکایت مدفوع شل و گاه گاھی بی اختیاری مدفوع مراجعه نموده، اظھار می22 با سن حاملگیG2P1 ساله28 خانمی ھفته بوده ھمچنان4 دارد که از ابتدای حاملگی این مشکل را داشته، علیرغم آنکه تحت درمان با رژیم و داروی ضد اسھال به مدت (Uptodate2023) کدامیک از درمانھای زیر برای او پیشنھاد می گردد؟ .مشکلش ادامه دارد,Posterior Tibial Nerve Stimulation,Pelvic Floor Muscle Therapy (PFMT),Vaginal Bowel Control Insert,Sacral Neuromodulation (SNM),
board_1403.jsonl,OBGYN-1403-BOARD-GENERAL-014,بوده است دچار خونریزی نسبتاً شدید شده و ھم اکنون در روز دوم بعد ازmIU/mL ۴۰۰۰ اولیه ویBHCG خانم بارداری که محتمل . استmm۱۰ در سونوگرافی رحم خالی است و ضخامت آندومتر . رسیده استmIU/mL ۱۰۰۰ بهBHCG خونریزی (2022 ویلیامز) ترین تشخیص کدام است ؟,تھدید به سقط,سقط کامل,EP,embryonic Loss,
board_1403.jsonl,OBGYN-1403-BOARD-GENERAL-015,تحت درمان با سفوکسیتین قرار گرفته ولی دچار آلرژی تیپ یک شده .خانمی بدنبال سزارین، دچار تب و عفونت لگنی شده است (2022 ویلیامز) است، درمان ارحج در این بیمار کدام است؟,قطع سفوکسیتین و شروع وانکومایسین,اضافه کردن کورتیکوستروئید به سفوکسیتین,قطع دارو و شروع سفتریاکسون,قطع دارو و شروع پیپراسیلین,
board_1403.jsonl,OBGYN-1403-BOARD-GENERAL-016,طیف) PAS بارداری، دارای پلاسنتاپرویای توتال بدون۲۹ با سابقه یک بار سزارین ھم اکنون در ھفته G2P1 خانمی (2022 ویلیامز) می باشد، کدامیک از اقدامات زیر توصیه می شود؟ (پلاسنتاآکرتا,محدود کردن فعالیت,انجام سونوگرافی ھفتگی,فوریMRI انجام,تجویز توکولیتیک,
board_1403.jsonl,OBGYN-1403-BOARD-GENERAL-017,تجویز توکولیتیک چه ACOG دریافت کرده است، بر اساس گایدلاین (پرتو یونیزان) راد اشعه۱۰ ھفته در یک اقدام تشخیصی۲۶ خانم باردار (2022 ویلیامز)عوارضی در این بیمار تھدید کننده است؟,خطر اندک زایمان زودرس,در جنینIQ خطر کاھش,بدون عارضه,محدودیت رشد جنین,
board_1403.jsonl,OBGYN-1403-BOARD-GENERAL-018,در وی نامشخص است، برHIV RNA بارداری برای اولین بار مراجعه می کند، سطح۳۸ در ھفتهHIV خانم باردار مبتلا به (2022 ویلیامز) اساس پروتکل بیمارستان پارکلند صحیح ترین اقدام کدام است؟,تست مقاومت در برابر داروھای ضد رتروویروسی,شروع درمان ضد رتروویروسی خوراکی,آمینوتومی و اقدام برای زایمان واژینال,وریدی و سپس سزارینZidovudine تجویز,
board_1403.jsonl,OBGYN-1403-BOARD-GENERAL-019,ایشان از بوی بد و ترشح ناحیه ژنیتال دختربچه در چندماه اخیر شکایت دارد و. ساله اش را نزد پزشک میاورد۳ مادری دختر در مشاھده ناحیه وولو کودک قرمز است و آثار ترشح .اظھار میکند که جدیدا گاھی لباس زیر دختربچه ترشحات قھوه ای رنگ دارد (2020 برک نواک) اولین اقدام صحیح کدام است؟ .و خارش روی آن مشخص است و بوی بد ھم دارد,مصرف استرویید و استروژن موضعی,مصرف آنتی بیوتیک موضعی,دادن آنتی بیوتیک خوراکی وسیع الطیف,شستشوی واژن با کاتتر باریک,
board_1403.jsonl,OBGYN-1403-BOARD-GENERAL-020,با تشخیص اولیگواستنوسپرمی شدید .قاعدگی ھای خانم مرتب و قابل پیش بینی است . ساله مراجعه کرده اند3 زوجی با ناباروری مرحله بعدی بررسی چه .لوله ھا باز است – انجام شده رحم به صورت دو قسمتی دیده می شودHSG در. شودICSI قرار است (2020 اسپیروف) خواھد بود؟,سونوگرافی دو بعدی واژینال,سونوگرافی سه بعدی واژینال,سالین سونوگرافی,ھیستروسکپی,
board_1403.jsonl,OBGYN-1403-BOARD-GENERAL-021,بدون درد و علایم خونریزی داخلی کاندیدایBHCG 3500 miu/ml سانتی متر و سطح۲ به قطرEP خانمی با تشخیص روز چھارم بعدBHCG میلی گرم متوترکسات تزریق شده است و۷۵ بر اساس وزن و قد ایشان .درمان با متوترکسات شده است (2020 اسپیروف) اقدام بعدی چیست؟ . می باشد۳۰۰۰ بوده و ھفت روز بعد از تزریق۳۴۰۰ از تزریق,بعد از تزریق۱۱ روزBHCG چک مجدد,تزریق دوز دوم متوترکسات,لاپاروسکوپی,سونوگرافی واژینال,
board_1403.jsonl,OBGYN-1403-BOARD-GENERAL-022,سونوگرافی واژینال سال پیش مشکل۱۰ از حدود . روز یکبار مراجعه کرده است۳۵-۴۵ ساله مجرد با سابقه قاعدگی ھای نامنظم ھر۲۵ خانمی اصلی ایشان موھای زاید زیر چانه و پشت لب و سطح داخلی ران ھا و جوش ھای زیاد صورت و ریزش موی نواحی اطراف (2020 اسپیروف) تجویز کدام دارو مناسبتر است؟ .پیشانی است,متفورمین,میواینوزیتول,فلوتامید,فیناستراید,
board_1403.jsonl,OBGYN-1403-BOARD-GENERAL-023,شامل تزریق (Supportive) درمانھای حمایتی . ساله سه ساعت بعد از زایمان طبیعی دچار خونریزی شدید شده است28 خانمی ناگھان بیمار دچار تب شدید، ھیپوتانسیون، تاکی .مایعات مناسب و خون از یک ساعت قبل شروع شده و بیمار تحت نظر است ،بعد از وصل کردن کاتتر فولی .کاملاً بی قرار است و از درد قفسه سینه شکایت دارد .کاردی و تنگی نفس شدید می شود (2022 ویلیامز) اوّلین اقدام چیست؟ .ھماچوری شدید مشاھده می شود,Chest CT,Echocardiography انجام,تزریق ھپارین,توقف تزریق خون,
board_1403.jsonl,OBGYN-1403-BOARD-GENERAL-024,توقف تزریق خون آنتی بیوتیک پروفیلاکتیک . قرار گرفته استTAH و فیبروم و پس از بررسی ھای لازم تحت عملAUB ساله به علّت45 خانمی عمل طولانی شده است و تاکنون سه ساعت از شروع عمل .طبق گایدلاین داده شده و بیمار مشکل خاصی از نظر مدیکال ندارد (2024 تلیندز) کدامیک از اقدامات زیر توصیه می شود؟ .می گذرد,طبق پروتکلcephazolin تکرار دوز,تزریق دوز مناسب گلوکوکورتیکوئید جھت تامین پرفوزیون محیطی,اقدام خاصی نیاز نیست,Low molecular weight heparin تزریق,
board_1403.jsonl,OBGYN-1403-BOARD-GENERAL-025,Low molecular weight heparin تزریق چسبندگی شدید مشاھده می. با سابقه ناباروری اوّلیه و اندومتریوز بعد از سزارین دچار آتونی شده استG1 ، ساله28 خانمی رعایت .بعد از درمانھای اولیه و بعنوان آخرین قدم قبل از ھیسترکتومی تصمیم به بستن شریان ھیپوگاستریک می گیرید .شود (2024 تلیندز) کدامیک از اصول جراحی زیر توصیه می شود؟,.شروع عمل باید از قسمت پاراوزیکال باشد,.ردیابی شریان از مبداء بطرف عمق لگن انجام شود,.جھت حرکت برای دیسکسیون ورید ھیپوگاستریک از خلف به قدام باشد,.جنس نخ بخیه غیر قابل جذب انتخاب شود,
board_1403.jsonl,OBGYN-1403-BOARD-GENERAL-026,"نتایج . داردModrate Score MFG در معاینات کلینیکی . ساله،مجرد با شکایت پرمویی مراجعه کرده است20 دختر خانمی ایشان در حال مصرف .بوده و مشکلات دیگری گزارش نشده است Total Test=105 ng/dl ,FSH=6,LH=9 آزمایشات کدامیک از اقدامات زیر.بیمار احساس بھبودی با درمان ندارد.ماه قبل شروع شده4 ھستند که از100mg/day اسپیرونو لاکتون (2020 اسپیروف) توصیه می شود؟",ادامه روند فعلی درمان,تجویز فیناستراید,افزایش دوز اسپیرونولاکتون,Free Testosterone Assay,
board_1403.jsonl,OBGYN-1403-BOARD-GENERAL-027,Free Testosterone Assay ساله بعلت ناباروری اولیه بمدت یکسال مراجعه کرده،در بررسیھای کلینیکی و آزمایشگاھی خانم کاملا سالم بنظر میرسد28 خانمی وبیضه ھای کوچک وجودFSH=15،ھمراه با واریکوسل قابل لمس (count 4 million)ولی در آزمایش مرد الیگواسپرمی شدید (2020 اسپیروف) کدامیک از اقدامات زیر توصیه می شود؟.دارد,Varicocelectomy,Male Karyotype,ICSI,Male Medical Therapy,
board_1403.jsonl,OBGYN-1403-BOARD-GENERAL-028,Male Medical Therapy بدلیل غربالگری مثبت، آمنیوسنتز انجام داده که در آن جابجایی رابرتسونین متعادل در جنین گزارش میPG ساله28 خانمی (2022 ویلیامز) توضیح صحیح کدام است؟ .کاریوتایپ والدین نرمال است .شود,احتمال سقط جنین زیاد است,مشکلات باروری در آینده برای نوزاد زیاد است,کروموزوم است46 جنین حاوی,احتمال تکرار در بارداری ھای بعدی زوج بالاست,
board_1403.jsonl,OBGYN-1403-BOARD-GENERAL-029,با وزنIUFD در سونوگرافی انجام شده، جنین . ھفته به علت کاھش حرکت جنین مراجعه کرده است32 با حاملگیPG خانمی مادر .ارزیابی ھای روتین در بارداری نرمال بوده است .ختم بارداری انجام می شود . گرم و فاقد آنومالی ظاھری است1800 (2022 ویلیامز) کدام تست توصیه می شود؟ .تمایل به بررسی بیشتر ژنتیک نوزاد مرده دارد,Karyotype,CGH array,QF-PCR,FISH,
board_1403.jsonl,OBGYN-1403-BOARD-GENERAL-030,بر. با تزریق گادولینیوم شده استMRI پنج روز پس از سزارین دچار درد شکم و کاندیدای انجام،پریمی پار ساله36 خانمی (2022 ویلیامز) توصیه مناسب در رابطه با شیردھی نوزاد پس از انجام اسکن کدام است؟ACOG اساس گایدلاین,ادامه شیردھی,ساعت8-12 منع برای,ساعت24 عدم شیردھی تا,ساعت48 منع تا,
board_1403.jsonl,OBGYN-1403-BOARD-GENERAL-031,ساعت48 منع تا انتھاھا سیانوزه . ھفته و شکایت از سرفه و تنگی نفس شدید مراجعه کرده است۳۶ و حاملگیBMI=35 باPG ساله۴۱ خانمی رزیدنت قلب؛ تشخیص ادم حاد .در سمع ریه کراکل شنیده می شود .سابقه فشارخون مزمن و مصرف دارو را ذکر می کند .است (2022 ویلیامز) اولین اقدام صحیح کدام است؟ .ریه کاردیوژنیک را مطرح می کند,تجویز وازوپرسین,سزارین فوری,تزریق فوروزماید,تجویز کورتیکوستروئید,
board_1403.jsonl,OBGYN-1403-BOARD-GENERAL-032,.سابقه دیابت بارداری در حاملگی قبلی را می دھد . ساله پرایمی پار جھت مشاوره پیش از بارداری مراجعه کرده است37 خانمی (2022 ویلیامز) تست پیشنھادی جھت بررسی قند خون وی کدام است؟ . داردBMI:28 در حال حاضر مشکل خاصی نداشته و,"FBS,2hpp",GCT گرم50 با,(75gr) OGTT دو ساعته,در اولین ویزیت بارداری (100gr)OGTT,
board_1403.jsonl,OBGYN-1403-BOARD-GENERAL-033,ھفته بدلیل مثبت بودن آنتی بادی ھای ضد توکسوپلاسما در آزمایشات جھت مشاوره معرفی شده9 با حاملگیPG ساله23 خانمی ویلیامز) توصیه مناسب بعدی کدام است؟ . درخواستی، بالاستIgG Avidity میزان .سابقه بیماری خاصی ذکر نمی شود .است (2022,تجویز اسپیرامایسین,سولفادیازین - شروع پریمتامین,مایع آمنیونPCR(Toxo) بررسی,اطمینان دھی به مادر و ادامه مراقبت,
board_1403.jsonl,OBGYN-1403-BOARD-GENERAL-034,،در معاینه پرزانتاسیون فرانک بریچ . ھفته مراجعه نموده است39 با سابقه دوبار زایمان واژینال، در سن بارداری G3P2 خانم انقباضات ،%70= افاسمان ، سانتی متر6-5=، سرجنین در سونوگرافی فلکسیون یافته، دیلاتاسیون3000g وزن تخمینی جنین (2022 ویلیامز) بر اساس پروتکل بیمارستان پارکلند اولین اقدام مناسب چیست؟ . واحد مونته ویدیو است160=رحمی,آمنیوتومی,Augmentation,سزارین,بررسی پیشرفت لیبر دو ساعت بعد,
board_1403.jsonl,OBGYN-1403-BOARD-GENERAL-035,(2022 ویلیامز) ، کدامیک از مواد گیاھی زیر موجب افزایش ریسک زایمان زودرس میشود؟G2P1در خانم باردار,Ginger,Garlic,Oral Ginseng,Topical Almond Oil,
board_1403.jsonl,OBGYN-1403-BOARD-GENERAL-036,در . روز تاخیر پریود مراجعه نموده است5 راست که با متوترکسات درمان شده به علتEP Interstitial با سابقه یکG2 خانم در مورد بارداری فوق . ھفته در نزدیک کورنه راست گزارش میشود4.5 حدودAngular Pregnancy به عمل آمده یکTVS (2022 ویلیامز) کدامیک از اقدامات زیر صحیح است؟,مراقبت روتین بارداری,وکیوم آسپیراسیون,تجویز متوترکسات,D & C ھیستروسکوپی,
board_1403.jsonl,OBGYN-1403-BOARD-GENERAL-037,در چند روز اخیر مراجعه نموده160/100 ھفته به دلیل فشار خون ھای22 خانم مبتلا به ھیپرتانسیون مزمن با سن بارداری . سال قبل ذکر میکند که تحت درمان میباشد5 وی قبلا تحت درمان با دارو ھای آنتی ھیپرتانسیو نبوده و سابقه آسم را از .است (2022 ویلیامز) تجویزکدامیک از آنتی ھیپرتانسیو ھای زیر مناسب تر است؟,پروپرانولول,اتنولول,لابتالول,متیل دوپا,
board_1403.jsonl,OBGYN-1403-BOARD-GENERAL-038,و تمایل به (Threatened Periviable Delivery) در معرض زایمان زودرس است22w+3d با سن بارداریG1 خانم (2022 ویلیامز) در مدیریت این زایمان کدامیک از اقدامات زیر در نظر گرفته می شود؟ .حفظ نوزاد دارد,ارزیابی نوزاد جھت احیا,کورتیکوسترویید تراپی,سولفات منیزیم نوروپروتکتیو,GBS پروفیلاکسی,
board_1403.jsonl,OBGYN-1403-BOARD-GENERAL-039,سانتیمتری روی کلیتوریس مراجعه کرده و در معاینه لنفادنوپاتی اینگوینال۵ ساله دیابتی با خارش وولو و ضایعه زخمی۷۶ خانم جھت لنف. گزارش شده و در تصویربرداری ضایعه خارج از ولو نداردpoorly differentiated SCC در بیوپسی.ندارد (2024 تلیندز) نودھای اینگوینوفمورال کشاله ران بیمار چه اقدامی مناسب است؟,رادیوتراپی دوطرفه,نقشه برداری لنف نود سنتینل دوطرفه,لنفادنکتومی دوطرفه,نیازی به بررسی لنف نودھای دوطرفه ندارد,
board_1403.jsonl,OBGYN-1403-BOARD-GENERAL-040,نیازی به بررسی لنف نودھای دوطرفه ندارد بیوپسی ضایعه زخمی.سال قبل مراجعه کرده است۲ سال قبل به علت خارش وولو از۳ ساله دیابتی با سابقه پیوند کلیه۵۶ خانم (2024 تلیندز) اقدام بعدی کدام است؟ .گزارش شده است. VIN 3لابیا مینور چپ,Imiquimod درمان موضعی با,CO2 ابلیشن با لیزر,اکسیژن ضایعه,کرایوتراپی,
board_1403.jsonl,OBGYN-1403-BOARD-GENERAL-041,گزارش شده است، علت جراحی بیمار خونریزی و درد بوده ساله لیومیوسارکوم۴۲ در پاتولوژی پس از عمل ھیسترکتومی خانم (2020 برک نواک) اقدام مناسب کدام است؟.درگیری سایر نواحی مشاھده نشده است و در سونوگرافی و سی تی اسکن,جراحی مجدد و برداشتن تخمدانھا و لوله ھا و لنفادنکتومی,رادیوتراپی,کموتراپی,فالو اپ دقیق,
board_1403.jsonl,OBGYN-1403-BOARD-GENERAL-042,. و استیجینگ کامل قرارگرفته است ساله با تشخیص کانسر اندومتر تحت جراحی ھیسترکتومی ، سالپنگو اووفورکتومی۵۰ خانم .در پاتولوژی نھایی کنسر پاپیلری سروز اندومتر محدود به رحم و با درگیری کمتر از نصف میومتر و لنف نودھای منفی میباشد (2020 برک نواک) ادامه درمان بیمار کدام است؟,فالواپ دقیق,کموتراپی بعلاوه واژینال براکی تراپی,براکی تراپی بعلاوه رادیوتراپی اکسترنال,براکی تراپی,
board_1403.jsonl,OBGYN-1403-BOARD-GENERAL-043,سانتیمتر با منشا سرویکس دارد و سپتوم رکتو۵ ساله نولی گراوید با شکایت از ترشحات واژینال بدبو که درمعاینه توده۳۲ خانم سانتیمتری در سرویکس با گسترش به۵ تودهMRI در.ندارد، پارامترھا ازاد میباشد لمس ندولاریته واژینال ازاد بوده و در CLEAR CELL بیوپسی از توده.سگمان تحتانی رحم بدون لنفادنوپاتی رتروپریتوان گزارش شده است (2020 برک نواک) قدم بعدی کدام است؟ . می باشدADENOCARCINOMA,رادیکال تراکلکتومی بعلاوه لنفادنکتومی لگنی,رادیکال ھیسترکتومی بعلاوه لنفادنکتومی لگنی,اکسترافاسیال ھیسترکتومی بعلاوه لنفادنکتومی لگنی,کمورادیاسیون,
board_1403.jsonl,OBGYN-1403-BOARD-GENERAL-044,بیوپسی . ھفته بالکه بینی مراجعه و در معاینه ضایعه اگزوفیتیک سرویکس دارد۲۴ ساله پریمی گراوید که حین بارداری۳۰ خانم سانتیمتری در سرویکس با گسترش۲̶۵ ضایعهMRI در. گزارش شده استScc moderately differentiated سرویکس (2020 برک نواک) اقدام درمانی مناسب کدام است؟.به پارامتر چپ گزارش میشود,کونیزاسیون,رادیکال ھیسترکتومی,کموتراپی تا بلوغ ریه جنین,رادیوتراپی لگن,
board_1403.jsonl,OBGYN-1403-BOARD-GENERAL-045,رادیوتراپی لگن SCC invasive سانتیمتری در سرویکس ، نتیجه بیوپسی۳/۵-۳ ساله با خونریزی بعد از نزدیکی وتوده ای42در خانمی درمعاینه واژن ، فورنیکس وپارامترھا نرمال میباشدودر تصویربرداری نیز نکته پاتولوژیکی گزارش نمیشود .گزارش شده است (2024 تلیندز) اقدام صحیح کدام است؟,simple hysterectomy و سپس ابتداDefinitive chemotherapy,Modified radical hysterectomy+pelvic &periaortic lymphadenectomy,Radical hysterectomy nerve sparing resection+ pelvic lymphadenectomy,Definitive chemotherapy and Radiation,
board_1403.jsonl,OBGYN-1403-BOARD-GENERAL-046,"ماه قبل نیز14 گزارش میشود ایشانCIN1 مثبت کولپوسکوپی وبیوپسی شده وhpv 16 و, LSIL ساله باپاپ اسمیر32 خانمی (Uptodate2023) مثبت داشته است اقدام مناسب کدام است؟hpv 16",سطحیleep انجام,یکسال بعد hpvسیتولوژی و,شش ماه بعدECCکولپوسکوپی و,کولپوسکوپی واژن,
board_1403.jsonl,OBGYN-1403-BOARD-GENERAL-047,قرار میگیرد عددMTX تحت درمان دو ھفتهBHCG=96000 وGTN Low risk stage II ساله با تشخیص30 خانم (2020 برک نواک) کدام است؟ می رسد اقدام ارحج87000 بهBHCG,MTX افزایش دوز,-ACT تغییر دارو به,BEPدرمان با,EMA- CO درمان با,
board_1403.jsonl,OBGYN-1403-BOARD-GENERAL-048,EMA- CO درمان با ھفته به دلیل لکه بینی که تحت درمان با پروژسترون18 با سابقه یک بار زایمان طبیعی با سن حاملگی G2P1 ساله37 خانمی سانتیمتر در سرویکس بدون نکته پاتولوژیک دیگری۲ بارداری بوده است، معاینه می شود و در معاینه پولیپ حدود۱0 از ھفته اقدام صحیح کدام است؟ . برروی پولیپ می باشدinsitue پولیپ برداشته میشود و نتیجه پاتولوژی آدنوکارسینوم .داشته است (2022 ویلیامز),کونیزاسیون فوری,بدلیل خونریزی کمتر large leep,ھفته بعد12 کولپوسکوپی و ارزیابی مجدد,ختم بارداری و تراکلکتومی,
board_1403.jsonl,OBGYN-1403-BOARD-GENERAL-049,"و(AGC) Atypical Glandular cell فرزند که تمایلی به حفظ بارداری ندارد، با پاپ اسمیر2 ساله صاحب39 خانمی ECC بوده وinadequate کولپوسکوپی .قرار گرفته است مثبت، تحت کولپوسکوپی و بیوپسی آندومتر HPV 16, 18 (2024 تلیندز) اقدام صحیح کدام است؟ . و نمونه آندومتر نرمال گزارش شده است CIN III دیسپلازی و نمونه اگزوسرویکس",تراکلکتومی,ھیسترکتومی ساده با حفط تخمدانھا,Leep + Top hat + ECC,بروی نمونه کولپوسکوپیKi67 وP16 بررسی,
board_1403.jsonl,OBGYN-1403-BOARD-GENERAL-050,بروی نمونه کولپوسکوپیKi67 وP16 بررسی Large Leep تحت عملIII وCIN II مثبت با نتیجه کولپوسکوپیHPV 16 وHSIL با پاپ اسمیرG1P1 ساله26 خانمی (2024 تلیندز) اقدام مناسب کدام است؟ . گزارش می شود6 با مارژین مثبت ساعتCIN III نتیجه پاتولوژی .قرار می گیرد,CKC تکرار مخروط برداری به روش,6 برداشتن مجددقسمتی از ساعت,ماه بعدECC ۶ تکرار پاپ اسمیر و,تراکلکتومی ساده,
board_1403.jsonl,OBGYN-1403-BOARD-GENERAL-051,تراکلکتومی ساده و جھت تشخیص قطعی . را گزارش داده استUnicorn uterus ساله ، ھیستروسالپنگوگرافی32 در ارزیابی ناباروری خانم (2022 ویلیامز) اقدام ارجح کدام است؟ بررسی اندومتر در کورنه کوچکتر,ھیستروسکوپی,2D-TVS,SIS,MR Imaging,
board_1403.jsonl,OBGYN-1403-BOARD-GENERAL-052,MR Imaging اسپیروف) در جنین پسر موثر است؟Sexual differentiation کدامیک از ھورمونھای زیر در تولید اولیه تستوسترون و (2020,FSH,LH,ACTH,TSH,
board_1403.jsonl,OBGYN-1403-BOARD-GENERAL-053,ساله با شکایت تندرنس پستان و سردرد در روزھای قبل از قاعدگی به ھمراه عدم تمرکز در محیط کار مراجعه نموده25 خانم اولین اقدام کدام است؟.بیمار در چند سال اخیر از روش ھای معتبر درمان استفاده کرده است که بھبودی نداشته است .است (2020 اسپیروف),Brain MRI,مشاوره روانپزشکی,GnRH a درمان,محدودیت تغذیه و فعالیت,
board_1403.jsonl,OBGYN-1403-BOARD-GENERAL-054,34 ، سن حاملگیNT و سونوگرافیLMP در ارزیابی بر اساس . جھت مراقبت بارداری مراجعه نموده استG1 ساله37 خانم (Uptodate2023) بھترین گزینه کدام است؟ Still birth جھت کاھش ریسک .ھفته و آزمایشات نرمال ھستند,ھفته36 ارزیابی سلامت جنین بصورت دو بار در ھفته از,ھفته38 بررسی سونوگرافی حجم مایع بصورت ھفتگی از,ھفته39 دو بار از ھفته ای NST شروع,بارداری41 القا لیبر در ھفته,
board_1403.jsonl,OBGYN-1403-BOARD-GENERAL-055,انجام کدام اقدام منطقی .در سونوگرافی انجام شده در خانم باردار بند ناف تک شریان است و سونوگرافی ھدفمند جنینی نرمال است (2022 ویلیامز) است؟,آمنیوسنتز,مانیتورینگ بالینی رشد,پایش رشد با سونوگرافی,DNA سل فری,
board_1403.jsonl,OBGYN-1403-BOARD-GENERAL-056,در . ھفتگی نامشخص است8 و دلیل سقط دوم21 سقط اول بدلیل تریزومی . ساله با سابقه دو سقط مراجعه کرده است30 خانم (2020 اسپیروف) کدام اقدام صحیح است؟ . گزارش شده استBicornuate سونوگرافی سه بعدی رحم,متروپلاستی لاپاروسکوپیک,ھیستروسکوپی و متروپلاستی,لاپاراتومی و متروپلاستی,درحال حاضر نیاز به جراحی ندارد,
board_1403.jsonl,OBGYN-1403-BOARD-GENERAL-057,(2020 برک نواک) در مورد عوامل موثر در عوارض جانبی جدی در بیمارستان ھا ، کدامیک شایعتر است؟,ضعف نقش رھبری سازمان,مشکلات ارتباطی بین مراقبین,تنوع بالینی در مراقبت بیماران,رفتارھای مخرب ارائه دھندگان خدمت,
board_1403.jsonl,OBGYN-1403-BOARD-GENERAL-058,که در بررسی با کالر داپلر از حاملگی توده ای اکوژن در ھمی توراکس چپ جنین18 در سونوگرافی آنومالی انجام شده در ھفته (2022 ویلیامز) اقدام صحیح کدام است؟ .شریان ریوی خونرسانی دارد گزارش شده است,ختم بارداری,در مادرTORCHبررسی,CGH Arrayآمنیوسنتز جھت بررسی,سونوگرافی فالوآپ,
board_1403.jsonl,OBGYN-1403-BOARD-GENERAL-059,"میکروگرم میزوپروستول100 ساعت قبل8 گراوید یک با بارداری ترم و پارگی کیسه آب از, ,BMI=23 ساله با21 خانمی خوراکی جھت آماده سازی سرویکس دریافت کرده است و حدود یکساعت بعد از دریافت میزوپروستول دچار تاکی سیستول درصد40 سانتیمتر و افاسمان2 ساعت در معاینه دیلاتاسیون4 بعد از . که خودبخود بعداز یکساعت بھبود یافته است شده سفالیک و مایع شفاف است در کنترل انقباض رحمی ندارد و در مانیتورینگ مداوم ، ضربان قلب جنین به صورت پایدار , (2022 ویلیامز) اقدام صحیح کدام است؟ . است Category II",تجویز نصف دوز میزوپروستول,شروع اکسی توسین,تعبیه کاتتر فولی در سرویکس,سزارین,
board_1403.jsonl,OBGYN-1403-BOARD-GENERAL-060,"سزارین حاملگی با جواب12 در ھفته (SSھموگلوبین) گراوید یک، مورد شناخته شده کم خونی داسی, ,BMI=25 ساله23 خانمی اقدام .جنین نیاز به تست تشخیصی ندارد، به درمانگاه پریناتال مراجعه کرده است :غربالگری کم خطر و براساس مشاوره ژنتیک (2022 ویلیامز) صحیح کدام است؟",میلی گرم اسید فولیک روزانه4 تجویز,Hb<11 در تجویز اھن,تزریق واکسن پنوموکوک بلافاصله بعد از زایمان,16 جنین از ھفتهPSV MCAبررسی,
board_1403.jsonl,OBGYN-1403-BOARD-GENERAL-061,"ھفته با شکایت خارش روی شکم از دو روز قبل مراجعه کرده در معاینه30 گراویدیک با حاملگی ,BMI=30 , ساله26 خانمی (2022 ویلیامز) اولین اقدام درمانی مناسب کدام است؟ .پاپول و پلاک روی شکم با درگیری ناف مشاھده میشود",IVIG,کورتیکواستروئید خوراکی,پلاسمافرز,دی پروپیونات کرم بتامتازون+ دیفن ھیدرامین,
board_1403.jsonl,OBGYN-1403-BOARD-GENERAL-062,"ھفته آنومالی واضحی در18 با حاملگی دوقلویی دی آمنیون و منوکوریون در سونوگرافی گراویدیک ,BMI= 28 ساله31 خانمی و ادرار در مثانه مشاھده شده است ودر بررسی با کالرcm 10 بزرگترین پاکه A حد بررسی در جنین ھا مشاھده نشده در قل بند ناف ,در بررسی کالر داپلر و در مثانه ادرار ندارد و1.5cm بزرگترین پاکهB بند ناف فلوی دیاستول دارد در قل ,داپلر (2022 ویلیامز) بھترین روش درمانی کدام است؟ .فلوی دیاستولی ندارد",تخریب لیزری آناستوموز ھا,A آمنیوریداکشن قل,B رادیوفرکوئنسی بند ناف قل,سپتوستومی,
board_1403.jsonl,OBGYN-1403-BOARD-GENERAL-063,"6 .گرم به روش زایمان طبیعی بدون مشکل بدنیا آورده است3400 وزن9/10 نوزاد با آپکار ,BMI=27 ساله25 خانمی اولین اقدام . ساعت بعد از زایمان مادر اظھار می کند که نوزاد شیر نمی خورد و متوجه کبودی در گردن نوزادش شده است (2022 ویلیامز) صحیح ضمن تثبیت وضعیت نوزاد کدام است؟",MRI CNS,CNSسونوگرافی,CT CNS,جمجمهX-RAY,
board_1403.jsonl,OBGYN-1403-BOARD-GENERAL-064,در ازمایش. نرمال استHSG ازمایشات ھورمونی و گزارش. ساله جھت مشاوره ناباروری اولیه مراجعه می کند28 خانم کدامیک از اقدامات زیر الزامی. درصد گزارش می شود1 درصد و مرفولوژی نرمال5 میلیون اسپرم با تحرک3 اسپرموگرام (2020 اسپیروف) است ؟,Y chromosome microdeletion test,Periimplantation genetic testing,DNA fragmentation test,Testicular Doppler sonography,
board_1403.jsonl,OBGYN-1403-BOARD-GENERAL-065,ماه قبل شروع شده3 رژیم غذایی و فعالیتھای ورزشی از.جھت مشاوره کاھش وزن مراجعه می کندBMI=32 ساله با40 خانمی برای درمان طولانی.بیمار سابقه ھیپرلیپیدمی،ھیپرتانسیون ،اضطراب و بی خوابی را ذکر می کند.ولی نتیجه مطلوب حاصل نگردید (2020 اسپیروف) مدت کاھش وزن کدامیک از داروھای زیر مناسب است ؟,lorcaserin,fluoxetine,Phentermine and topirammate,Naltrexone/buspropion,
board_1403.jsonl,OBGYN-1403-BOARD-GENERAL-066,"46 در ازمایشات انجام شده کاریوتایپ اقا. ساله بعلت نازایی ثانویه و سقط راجعه کاندیدای سیکل میکرواینجکشن است32 خانم انجام کدامیک از اقدامات زیر به ھمراه سیکل.گزارش می شود46XX t (15,22)(q26.2;q12) وکاریو تایپ خانمXY (2020 اسپیروف) میکرواینجکشن صحیح است ؟",PGT-A(FISH),PGT-A(array CGH),PGT-M(karyotyping),PGT_M(western blot),
board_1403.jsonl,OBGYN-1403-BOARD-GENERAL-067,برک نواک) است؟ outcomeو exposure درمطالعات تحلیلی کدامیک از مواردزیر نشانه قدرت مطالعه وقویتر بودن ارتباط بین (2020,از عدد یک Relative Risk انحراف بیشتر,Confidence intervalوسیع تر بودن طیف,Confidence interval در طیف1 قرارگرفتن عدد,بین صفرتایک Odds Ratioقرارگرفتن عدد,
board_1403.jsonl,OBGYN-1403-BOARD-GENERAL-068,O2 در معاینه، کاھش . درجه، سرفه و خلط چرکی مراجعه کرده است39 روز بعد از عمل جراحی ھیسترکتومی، با تب6 خانمی 48 .برای بیمار کشت خلط انجام شده و لووفلوکساسین شروع می شود . داشته، و در آزمایش لکوسیتوز داردSaturation اقدام مناسب بعدی چیست؟ .ساعت بعد، در حالیکه علائم رو به بھبود است، در جواب کشت خلط، سودومونا گزارش می شود (2024 تلیندز),تغییر رژیم درمانی,افزودن کلیندامایسین به رژیم آنتی بیوتیک,ادامه داروی فعلی,کشت مجدد خلط,
board_1403.jsonl,OBGYN-1403-BOARD-GENERAL-069,در سونوگرافی، بارداری داخل . مشاھده نمی شودIUD در معاینه نخ . ھفته مراجعه کرده است6 مسی و بارداریIUD خانمی با ھفته بعد با علائم شبه آنفولانزا، درد کرامپی .بیمار تمایل به حفظ بارداری دارد . در محل طبیعی خود استIUD رحمی و (2020 برک نواک) صحیح ترین اقدام کدام است؟ .ھیپوگاستر و تب خفیف مراجعه می کند,ساعت بعد48 آنتی بیوتیک خوراکی و بررسی,ساعت بعد72 آنتی بیوتیک تزریقی و بررسی,با گاید سونوگرافیIUD آنتی بیوتیک تزریقی و خروج,آنتی بیوتیک تزریقی و ختم بارداری,
board_1403.jsonl,OBGYN-1403-BOARD-GENERAL-070,وی ذکر می کند که .خانمی با شکایت اپیزودھای مکرر بیماری ولو به شکل وزیکولھا و اولسرھای متعدد دردناک مراجعه کرده است (2020 برک نواک) اقدام صحیح درمانی کدام است؟ . بار دچار عود بیماری شده است8 در یک سال اخیر,اضافه کردن آنتی بیوتیک به درمان بیماری,تجویز کورتیکواستروئید سیستمیک,درمان ساپرسیو بعد از درمان اولیه بیماری,درمان بیماری در ھر بار عود,
board_1403.jsonl,OBGYN-1403-BOARD-GENERAL-071,کدام اقدام صحیح .ھیچگونه علامتی ندارد . داردLDL= 200 mg/dl ،(به درخواست بیمار) ساله ای در آزمایش چکاپ25 خانم (2020 برک نواک) است؟,ماه رژیم2 تکرار آزمایش بعد از,و بررسی یکسال بعدLife Style تغییر,تجویز دارو بر اساس میزان تری گلیسرید,شروع درمان با استاتین ھا,
board_1403.jsonl,OBGYN-1403-BOARD-GENERAL-072,شروع درمان با استاتین ھا در حین عمل جراحی نورکتومی پره ساکرال برای بیماری با درد ھای شدید اندومتریوز و عدم پاسخ به سایر درمان ھا، از کدام (2024 تلیندز) لندمارک آناتومیک استفاده می شود؟,۵ الی۴ فاصله مھره لمبار شماره,توبروزیته ایسکیال,پرومنتوری ساکروم,پنجم ساکرال و کوکسیکس فاصله مھره,
board_1403.jsonl,OBGYN-1403-BOARD-GENERAL-073,از تب، درد شکم، نفخ و . ساله که به دلیل کنسر اندومتر که دو روز قبل تحت عمل جراحی کامل کنسر قرار گرفته است۶۳ خانم تلیندز) اقدام مناسب کدام است؟ .در آزمایشات و تصویر برداری عوارض حاد جراحی رد شده است .اسھال آبکی شاکی است (2024,سرم درمانی,کردن بیمارNPO,شروع ایمیپنم و وانکومایسین,تجویز مترونیدازول خوراکی,
board_1403.jsonl,OBGYN-1403-BOARD-GENERAL-074,،در سونوگرافی کیست تک حفره با دیواره صاف . سانتی متری تخمدان مراجعه نموده است۱۵ ساله به دلیل کیست۱۴ دختر خانم تلیندز) کدام اقدام زیر صحیح است؟ .پانل تومور مارکر نرمال است .بدون ضایعه سالید و یا مایع داخل شکم گزارش شده است (2024,تخلیه کیست با گاید سونوگرافی,اسکلروتراپی به روش لاپاراسکوپی,رزکسیون کیست تخمدان,خارج سازی تخمدان بدون پاره شدن,
board_1403.jsonl,OBGYN-1403-BOARD-GENERAL-075,شده( claw hand) ساله ای به دنبال ھیسترکتومی ابدومینال نمیتواند دست خود را مشت کند و دچار دست پنجه ای50 خانم (2024 تلیندز) است آسیب کدام عصب برای وی محتمل است ؟,اولنار,مدین,رادیال,آگزیلاری,
board_1403.jsonl,OBGYN-1403-BOARD-GENERAL-076,ساله غیر فعال از نظر روابط جنسی که به علت پرولاپس شدید کاف واژن ھفته قبل جراحی توتال کولپوکلایزیس و80 بیماری پرینورافی گسترده شده است در حال حاضر با شکایت خیس شدن لباس زیر مراجعه کرده است وی اظھار می کند که قبلا چنین (2024 تلیندز) اقدام موثر کدام است؟ . نرمال است PVR در بررسی . مشکلی نداشته است,سوند مجرای ادرار,باز کردن بخیه ھای پرینه و ترمیم مجدد,CLEAN INTERMITTENT CATHTERIZATION,سی تی اسکن شکم و لگن با کنتراست,
board_1403.jsonl,OBGYN-1403-BOARD-GENERAL-077,سی تی اسکن شکم و لگن با کنتراست توصیه مناسب در منزل کدام . در حین زایمان شده است جراحی ترمیمی کرده اید3C اسفنگتر ساله که دچار پارگی30 خانمی (2024 تلیندز) است؟,شستشوی پرینه با بتادین و آب گرم دو بار در روز,پماد تتراسیکلین موضعی,زایمان6 ھفته بعد از ویزیت ھای متناوب,یا دوش دستی پس از حرکات روده ای Peri-bottle استفاده از,
board_1403.jsonl,OBGYN-1403-BOARD-GENERAL-078,6 . است D= -8 و C= -2 و TVL=10 در معاینه قبل از عمل . ساله کاندیدای ھیسترکتومی ابدومینال شده است40 بیماری آسیب کدام یک . اندازه گیری می شود TVL = 6 ماه پس از جراحی با شکایت عدم رضایت جنسی مراجعه کرده است در معاینه (2024 تلیندز) مسبب کوتاھی واژن است؟,آرکوس تاندینوس فاشیا پلویس,کمپلکس یوتروساکرال و کاردینال,فاشیای دنون ویلیر,فاشیای پوبوسرویکال,
board_1403.jsonl,OBGYN-1403-BOARD-GENERAL-079,(2020 برک نواک) گزینه صحیح کدام است؟ .به اورژانس بیمارستان ارجاع شده است RAPE ساله به دنبال18 دختری,اکثر موارد فرد متجاوز از آشنایان شخص قربانی است,اکثر قربانیان پس از تعرض به دنبال بھره بردن از مراقبت پزشکی ھستند,اکثر قربانیان متحمل صدمات فیزیکی جدی می شوند,خانم ھای جوان بیشتر از نوجوانان در معرض بارداری ھستند,
board_1403.jsonl,OBGYN-1403-BOARD-GENERAL-080,در . ھفته و با شکایت اختلال حافظه و نگرانی از این بابت مراجعه نموده است30 ساله مھندس کامپیوتر با بارداری30 خانمی در خصوص علت این وضعیت توضیح مناسب کدام است؟ .معاینه و شرح حال یافته دیگری ندارد و علائم حیاتی نرمال است (2022 ویلیامز),افسردگی,اضطراب,محرومیت از خواب,وضعیت گذرا طی بارداری,
board_1403.jsonl,OBGYN-1403-BOARD-GENERAL-081,ساله نولی گراوید که توسط سرویس جراحی با شک به آپاندیسیت باز شده اما آپاندیس ملتھب نبوده19 در طی عمل جراحی خانمی (2020 اسپیروف) کدام اقدام مناسب است؟ .مشاھده شد ( Rudimentary Horn )،رحم تک شاخ با شاخ فرعی,اکسیزیون جراحی شاخ فرعی,انجام جراحی استراسمن و یکی کردن دو شاخ رحم,توصیه بعدی به بیمار جھت انجام ھیستروسالپنگوگرافی,نیاز به اقدامی ندارد,
board_1403.jsonl,OBGYN-1403-BOARD-GENERAL-082,در سونوگرافی ترانس واژینال میومتر ھتروژن بوده و کیست . با شکایت منوراژی مراجعه نموده استG1L1 ساله30 خانمی بیوپسی اندومتر . میلی متر گزارش شده است8 و اندومتر25 و میومتر خلفی45 ھای میومتریال داشته و ضخامت میومتر قدامی (2020 اسپیروف) مناسبترین اقدام کدام است؟ .نرمال است و بیمار فعلا تمایل به بارداری ندارد,قرص کنتراسپتیو خوراکی,جراحی,IUD-LNG,آمبولیزاسیون شریان رحمی,
board_1403.jsonl,OBGYN-1403-BOARD-GENERAL-083,آمبولیزاسیون شریان رحمی 14 بیمارLMP . ساله که به علت کانسر کولون کاندیدای کموتراپی فوری شده ، جھت حفظ باروری ارجاع شده است26 خانمی میلی متری15 میلیمتری و تخمدان چپ یک فولیکول11 فولیکول4 روز قبل بوده و در حال حاضر در سونوگرافی تخمدان راست :آزمایشات بیمار.و دو فولیکول ریز دارد,"TSH=3 μIU/ml , PRL=20 ng/ml , AMH=2.5 ng/ml",(2020 اسپیروف) اقدام مناسب کدام است؟.است,شروع مکمل و توصیه به مراجعه در روز سوم قاعدگی برای شروع سیکل,انجام لاپاروسکوپی و برداشت بافت تخمدان برای فریز,
board_1403.jsonl,OBGYN-1403-BOARD-GENERAL-084,شروع فوری سیکل آنتاگونیست با ھدف انجام پانکچر در دو ھفته آینده و ارجاع جھت کموتراپیGnRH Long acting ساله ای که با خارش تناسلی و ترشح و سوزش زمان ادرار کردن توسط مادرش به درمانگاه آورده شده است5 معاینه کودک (2020 برک نواک) چگونه انجام می شود؟,frog leg position on the table,In the arms of the mother,knee-chest position,under general anesthesia,
board_1403.jsonl,OBGYN-1403-BOARD-GENERAL-085,قرار دارد ، خواھان بارداریMycophenolat mofetil ساله نولی پار که یک سال پیش پیوند کلیه شده و تحت درمان32 خانم :در بررسی بعمل آمده .است,"Creatinin=1.2 mg/dl , urine protein 24h =330 mg/dl, BP=130/80 mm/Hg",(2022 ویلیامز) کدامیک از موارد زیر صحیح است؟,با کاھش دوز داروھا می تواند باردار شود,تا دو سال نمی تواند باردار شود,
board_1403.jsonl,OBGYN-1403-BOARD-GENERAL-086,بارداری منعی ندارد با تغییر دارو می تواند باردار شود در معاینه ھمی پلژی . بارداری با سردرد شدید و تشنج یک ساعت قبل به اورژانس آورده شده است36 ساله در ھفته42 خانمی ضمن تجویز داروی ضد . اسکن انجام شده انفارکتوس ترومبوتیک شریان مغزی گزارش شده استCT درBP=135/70 .دارد (2022 ویلیامز) تشنج، کدام اقدام در الویت فوری قرار دارد؟,Recombinent tissue plasminogen activator درمان با,ھپارین تراپی,low dose aspirin تجویز,ختم بارداری,
board_1403.jsonl,OBGYN-1403-BOARD-GENERAL-087,سانتی متر۸-۷ در دیلاتاسیون . بارداری با درد زایمان بستری است38 با سابقه یکبار زایمان طبیعی در ھفته2 خانمی گراویدا : دقیقه با خصوصیات زیر دیده می شود10 افت ضربان قلب جنین در2,ثانیه30 رسیده و بعد از (135 خط پایه ) ضربان100 ثانیه به حد20 افت ضربان با شروع انقباضات شروع میشود ودر عرض,اقدام . نرمال استVariability .مواجه ھستیم( shoulder )در ابتدا و انتھای افت با یک تسریع .به طرف خط پایه بر می گردد,(2022 ویلیامز) صحیح کدام است؟,سزارین,
board_1403.jsonl,OBGYN-1403-BOARD-GENERAL-088,ادامه روند زایمان تسریع زایمان با اکسی توسین استفاده از توکولیز cm DL=6 بارداری با درد زایمان مراجعه و در معاینه39 در ھفتهBMI=30 خانمی با سابقه یکبار سزارین با PR=80 BP=90/60.است Station=0 :بعد از دو ساعت ، از درد شکم با انتشار به قفسه سینه شاکی است و در معاینه .بیمار رضایت به زایمان طبیعی دارد,". استPR=110 , BP=90/60, DL=6 cm,Station= -2",(2022 ویلیامز) محتمل ترین تشخیص کدام است؟ .در نوار قلب اخذ شده افت متغییر متعدد را مشاھده می کنید,امبولی ریه,امبولی مایع امنیون,
board_1403.jsonl,OBGYN-1403-BOARD-GENERAL-089,دکولمان جفت پارگی رحم و سابقه دو بار زایمان طبیعی، که3 خانمی گراویداLMPخود را نمی داند.,کدام گزینه برای ختم(ACOG) بر اساس گاید لاین. بارداریست40 ھفته را نشان داده، الان در ھفته25 با اولین سونوگرافی که,(2022 ویلیامز) بارداری صحیح است؟,منتظر شروع درد زایمان می مانیم,41 ختم بارداری در ھفته,
board_1403.jsonl,OBGYN-1403-BOARD-GENERAL-090,القا لیبر انجام می دھیم ھفته42 ختم بارداری در ،خانمی با شغل حسابدار ، مبتلا به بیماری اپی لپسی ، گاھی تشنج ژنرالیزه و گاھی فقط حمله صرع به صورت نگاه خیره دارد ویEEG معاینه نورولوژیک و . سال گذشته حمله صرع نداشته است و می خواھد باردار شود4 ضمن مصرف منظم لوبل در طی (2022 ویلیامز) تحت این شرایط کدامیک از گزینه ھا، ادامه درمان را الزامی می کند؟ .در حین درمان نرمال است,سال گذشته4 عدم حمله صرع در طی,وجود دو نوع مختلف حمله تشنج,نرمال در حین درمانEEG,معاینه نورولوژیک نرمال در حین درمان,
board_1403.jsonl,OBGYN-1403-BOARD-GENERAL-091,.تحت درمان دارویی است (min/250-200) ھفته با جنین ھیدروپیک، به علت حملات تاکی آریتمی گذرای جنینی31 خانم باردار (2022 ویلیامز) داپلر کدامیک ازعروق زیر می تواند در پایش سیر بھبودی جنین کمک کند؟,شریان رحمی,ورید نافی,شریان مغزی میانی,داکتوس ونوزوس,
board_1403.jsonl,OBGYN-1403-BOARD-GENERAL-092,گرم تحت درمان ادم حاد2650 ھفته با وزن تخمینی جنین36 با سابقه یک بار زایمان واژینال در روند زایمان G2P1 خانمی در نمونه گیری از خون پوست سر . داردOA در دیلاتاسیون و افاسمان کامل ، سر جنین به پرینه رسیده و وضعیت .ریه می باشد کدامیک از اقدامات زیر صحیح . بوده و مادر به شدت خسته است و دیگر توان زور دادن نداردPH=6.9 BE= -12 جنین (2022 ویلیامز) است؟,فورسپس,وکیوم,سزارین اورژانس,صبر برای زایمان خودبخود,
board_1403.jsonl,OBGYN-1403-BOARD-GENERAL-093,صبر برای زایمان خودبخود سفال که ھیچ مشکل طبی از نظر مامایی و سلامت عمومی ندارد، در روند زایمان سریع – سفالDCDA ھفته36 خانم باردار ، در حین زایمان قل دوم به مدت چند دقیقه دچار کاھش ( 8/10 با مایع آغشته به مکونیوم و آپگار ) واژینال بعد از خروج قل اول به دنیا می آید سپس خونریزی شدید رحمی شروع2 قل دوم با آپگار .ھوشیاری و سپس افت فشار خون و دیسترس تنفسی می شود (2022 ویلیامز) در حین انجام اقدامات تشخیصی و درمانی ، تجویزکدامیک از داروھای زیر کنتراندیکه است؟ .می شود,سنتوسینون,میزوپروستول رکتال,PGF2α,داخل رحمیPGE1,
board_1403.jsonl,OBGYN-1403-BOARD-GENERAL-094,داخل رحمیPGE1 بار در ماه دچار مجموع علایم تنگی نفس خفیف ھمراه با ویز تنفسی و آلکالوز تنفسی خفیف می2 تا1 برای خانم بارداری که (2022 ویلیامز) شود، کدامیک از گزینه ھای زیربرای درمان علایم فوق صحیح است ؟,Short acting β-agonist,oral corticosteroids,montelukast,cromones,
board_1403.jsonl,OBGYN-1403-BOARD-GENERAL-095,شده (C3 وC4) مثبت در سه ماھه دوم بارداری دچار کاھش پیشرونده کمپلمانAnti Sm خانمی مبتلا به سینوویت و آلوپسی با (2022 ویلیامز) استفاده از کدام یک از موارد زیر کنتراندیکه است؟ . می شود1.3 و کراتی نین,تاکرولیموس,کورتیکوستروئید وریدی,مایکو فنولات موفتیل,ایمونوگلوبولین وریدی,
board_1403.jsonl,OBGYN-1403-BOARD-GENERAL-096,اولترا سونوگرافی فشاری اندام تحتانی چپ . خانم باردار به دلیل درد ناگھانی و تورم اندام تحتانی چپ به زایشگاه مراجعه می کند (2022 ویلیامز) اولین اقدام کدام است؟ . بیمار از درد پھلو و کشاله ران شاکی است .نرمال گزارش شده است,تکرار اولترا سونوگرافی فشاری,تست دی دایمر,لگنیMRI,شروع درمان ضد انعقادی,
board_1403.jsonl,OBGYN-1403-BOARD-GENERAL-097,( سانتی متری2 ) در بررسی سی تی اسکن بیماری که با تشخیص احتمالی سنگ حالب انجام شده بود بطور اتفاقی یک توده کوچک (2020 اسپیروف) :در آدرنال کشف می شود در بررسی ھای اولیه ھمه ی تست ھای زیر توصیه می شود بجز,ساعته از نظر کاته کولامین24 جمع آوری ادرار,DHEAS اندازه گیری سطح خونی,تست سرکوب دگزامتازون شبانه,(FNA) بیوپسی با آسپیراسیون سوزنی,
board_1403.jsonl,OBGYN-1403-BOARD-GENERAL-098,شود در سونوگرافی انجام شده تعدادICSI قرار است Male factor ساله به علت10 ساله به دلیل نازایی اولیه30 خانم ، و ترانسفر جنینICSIچھار روز بعد از انجام پانکچر تخمدان و . عدد می باشد12 فولیکول ھای آنترال در ھر تخمدان بیش از را %55 بیمار افزایش ھماتوکریت بیشتر ازCBC بیمار دچار درد شدید شکم، اولیگوری و افزایش اندازه دور شکم شده است و اقدام بعدی تجویز کدام . با نرمال سالین انجام شده ولی موثر نبوده و اولیگوری برطرف نشده استRehydration نشان می دھد (2020 اسپیروف) یک می باشد؟,دیورتیک وریدی,آلبومین وریدی,رینگر لاکتات,%10 سرم دکستروز,
board_1403.jsonl,OBGYN-1403-BOARD-GENERAL-099,%10 سرم دکستروز در ازمایشات انجام . با نازایی اولیه یک ساله و شرح حال لکه بینی قبل از قاعدگی مراجعه می کندBMI=36 ساله با25 خانم بیمار کاندیدای القای تخمک گذاری با . اسپرموگرام ھمسر نرمال است .شده، عملکرد تیروئید و پرولاکتین سرم نرمال می باشد Palinopsia وphotophobia حین درمان دچار . میلی گرم روزانه برای یک دوره پنج روزه شده است100 کلومیفن سیترات (2020 اسپیروف) اقدام مناسب بعدی کدام است؟ .می شود,قطع درمان و کاھش دوز کلومیفن در سیکل بعدی,قطع درمان و تجویز دارویی دیگر در سیکل بعدی,ادامه درمان و کاھش دوز کلومیفن,ادامه درمان با ترکیب کلومیفن با داروی دیگر,
board_1403.jsonl,OBGYN-1403-BOARD-GENERAL-100,CT به دلیل درد قسمت تحتانی شکم تحت سونوگرافی و ،سمت راست با سابقه کیست درموئید تخمدان ساله20 بیمار خانم این یافته ھا با کدام یک از گزینه ھای تشخیصی زیر مطابقت .یافته ھای تصویر برداری به شرح ذیل است . اسکن قرا گرفته است (2024 تلیندز) دارد؟,"ULTRASOUND imaging: asymmetrical heterogeneous enlargement of the ovary, edema of","ovarian parenchyma, midline position of the ovary, free fluid, and decreasel doppler venous",and arterial flow,CTscan: fat stranding and edema in the adnexa,
board_1403.jsonl,OBGYN-1403-BOARD-GENERAL-101,ھایپر استیمولیشن تخمدان آبسه لوله ای تخمدانی تورشن تخمدان کانسر تخمدان کولپوسکوپی و بیوپسی شده که +HPV 16 و تستASCUS یکسال قبل به دنبال جواب پاپ اسمیرG2L2 ساله32 خانم یافته ھای کولپوسکوپی به نفع عفونت .است +HPV 16 وASCUS اکنون مجددا پاپ اسمیر بیمار. بوده استCIN I جواب (2020 برک نواک) بھترین اقدام بعدی چیست؟ . استHPV,از سرویکس بیوسی,HPV ادامه پیگیری با پاپ اسمیر و تست,تخریب ضایعات با لیزر,لوپ الکتریکی باT-ZONE خارج کردن,
board_1403.jsonl,OBGYN-1403-BOARD-GENERAL-102,،پس از خروج نوزاد . بار سزارین به دلیل پلاسنتا آکرتا کاندیدای سزارین ھیسترکتومی است2 ، با سابقه یG3L3 ساله29 خانم اولین اقدام مناسب بعدی چیست؟. جفت بدون خونریزی در محل قرار دارد و برش ھیستروتومی نیز خونریزی قابل توجھی ندارد (2022 ویلیامز),بستن سریع برش ھیستروتومی با سوچور تمام ضخامت,استفاده از اسپونج فورسپس در لبه ھای برش میومتر,پایین دادن مثانه به صورت بلانت,شروع ھیسترکتومی با قطع کردن و بستن لیگامان راند,
board_1403.jsonl,OBGYN-1403-BOARD-GENERAL-103,ارسالFROZEN حین جراحی تخمدان راست جھت بررسی . ساله با توده سالید تخمدان راست لاپاراتومی شده است55 خانم بھترین تصمیم برای .ھیسترکتومی و برداشتن لوله و تخمدان دو طرف را انجام داده ایم . تومور گرانولوزا است شده که جواب (2024 تلیندز) لنف نودھا در این بیمار چیست ؟,نیاز به انجام لنفادنکتومی نیست,نمونه برداری از لنف نود لگنی راست و پاراآئورت انجام شود,نود لگنی دو طرف بیوپسی شود,نمونه برداری به طریق سنتینل نود انجام گردد,
board_1403.jsonl,OBGYN-1403-BOARD-GENERAL-104,معاینه . ساله ای با تشخیص کانسر پستان کموتراپی نئوادجوانت دریافت کرده و اکنون کاندیدای جراحی پستان است42 خانم برک نواک) بھترین اقدام جھت ناحیه آگزیلاری در این بیمار چیست؟. کلینیکی اگزیلاری قبل از انجام کموتراپی نرمال بوده است (2020,سنتینل لنف نود دیسکشن,دیسکشن کامل آگزیلا,عدم انجام جراحی ناحیه آگزیلا,دیسکشن پس از کامل شدن درمان ادجوانت,
board_1403.jsonl,OBGYN-1403-BOARD-GENERAL-105,و منجر به بسته ایسکیورکتال توسعه یافته واکیوم ، دچار ھماتوم وسیع واژن شده که به فضای بدنبال زایمان با کمک G1 خانم (Uptodate2023) منشا این ھماتوم شاخه ھای کدام شریان است؟. شدن لومن واژن گردیده است,ابتوراتور,میدل رکتال,رحمی,مثانه ای فوقانی,
board_1403.jsonl,OBGYN-1403-BOARD-GENERAL-106,(2022 ویلیامز) کدام است؟( Uterine Quiescence) سرویکس در فاز اول بارداری softening عامل اصلی,تعادل بین ساخت و تجزیه کلاژن,کاھش سطح کلاژن,جایگزینی کلاژن با ارتباطات قوی بجای نوع ضعیف,افزایش سطح آنزیم لیزیل ھیدروکسیلاز,
board_1403.jsonl,OBGYN-1403-BOARD-GENERAL-107,5cm – 80% -2 معاینه بدو ورود . ھفته بدلیل دردھای زایمانی مراجعه کرده است39 با سن حاملگیG2P1L1 خانم معاینه دو ساعت بعد تغییری نداشته است که . و معاینه لگنی نرمال ھست3200 وزن تخمینی جنین . می باشدcephalic به دلیل عدم تغییر معاینه، کاتتر فشار داخل رحمی گذاشته . ساعت بعد معاینه واژینال صورت می گیرد2 ًآمنیوتومی انجام و مجددا (2022 ویلیامز) اقدام مناسب بعدی کدام است؟ . واحد مونته ویدئو ثبت شده است100 شده و فعالیت رحم,تجویز اکسی توسین,ساعت4 تحت نظر گرفتن بمدت,انجام سزارین,تجویز میزوپروستول,
board_1403.jsonl,OBGYN-1403-BOARD-GENERAL-108,ھمه . گزارش شده استNo- Call ھفته12 ساله با سن حاملگی35 در خانم باردارcell free DNA نتیجه تست غربالگری (2022 ویلیامز) بجز؟ موارد زیر صحیح است,cell free DNA تکرار,آمنیوسنتز,مشاوره ژنتیک,Detailed سونوگرافی,
board_1403.jsonl,OBGYN-1403-BOARD-GENERAL-109,"مراجعه کرده ( ساعت قبل2 از ) بوده است، بدلیل پارگی کیسه آمنیونNVD که زایمان قبلی بصورتG2P1خانم باردار ترم 30mmHg دقیقه دو انقباض با شدت10 در ھر .و مایع روشن است 3cm , 60% -3 Cephalic :معاینه واژینال .است (2022 ویلیامز) بر اساس پروتکل پارکلند اقدام مناسب کدام است؟ .دارد",تجویز میزوپروستول,تجویز اکسی توسین,ساعت بعد6 شروع اکسی توسین,تجویز آنتی بیوتیک و تحت نظر گرفتن,
board_1403.jsonl,OBGYN-1403-BOARD-GENERAL-110,پیدا کرد و دچار تنگی نفسRR=28 وPR=105 که مبتلا به بیماری قلبی قابل توجھی می باشد، در ھنگام زایمانG=1 یک خانم (2022 ویلیامز) کدام یک از کارھای زیر صحیح می باشد؟ .شده است,supine تغییر پوزیشن به وضعیت,تسریع زایمان,درمان مدیکال مادر,سزارین اورژانس,
board_1403.jsonl,OBGYN-1403-BOARD-GENERAL-111,برای . شده است و با تلاش نتوانسته ایم رگ مناسب و یا راه جایگزین پیدا کنیمSudden Cardiac Arrest خانمی که مبتلا به (Uptodate2023) از روش ھای جایگزین زیر توصیه می شود؟ استفاده از داروھای حیاتی کدام یک,تزریق مستقیم قلبی,استفاده از اینتراتراکیال,تجویز زیر جلدی,تزریق مستقیم ساب کلاوین,
board_1403.jsonl,OBGYN-1403-BOARD-GENERAL-112,که از ھفته قبل درد شدید لگن ھمراه باترشح شدید واژن داشته پس از درمان ھای مختلف و عدم بھبودی باG1P1 ساله۴۸ خانم و ھیپوتانسیون به اورژانس اعزام شده است، در معاینه تمام شکم حساس و ریباند ۱۲۰ درد شدید شکم و لگن و تب و تاکیکاردی سونوگرافی توده سیستیک در دو تخمدان را گزارش کرده .تندرنس دارد و در معاینه واژینال لگن فروزن و فیکس و حساس است (2020 برک نواک) کدام روش زیر در مورد درمان قطعی این بیمار صحیح است؟ .است,لاپاروتومی و برداشتن رحم و تخمدان ھا پس از احیای بیمار,تخلیه توده ھا با گاید سونوگرافی,درمان آنتی بیوتیک وسیع الطیف و بستری در آی سی یو و کنترل بیمار,لاپاروسکوپی و درمان کنسرواتیو,
board_1403.jsonl,OBGYN-1403-BOARD-GENERAL-113,علائم . سابقه مسافرت اخیر نداشته و اسھال خونی نیست . روز قبل مراجعه کرده است۲ خانم بارداری با اسھال نسبتاً شدید از درمان مناسب . حیاتی طبیعی است و علائم دھیدراتاسیون ندارد ، مقدار ادرار طبیعی است و الکترولیت ھای خون نرمال ھستند (2022 ویلیامز) کدام است ؟,Loperamide,Vancomycin,Metronidazol,Ciprofloxacine,
board_1403.jsonl,OBGYN-1403-BOARD-GENERAL-114,و حجم مایع آمنیوتیک۳ ھفتگی خانم باردار مبتلا به سندروم آنتی فسفولیپید آنتی بادی صدک وزنی جنین کمتر از۳۲ در سونوگرافی داپلر شریان نافی . آنومالی اسکن نرمال است . میلی متری، محاسبه شده استCRL ۶۲ سن بارداری بر اساس . طبیعی است (2022 ویلیامز) علاوه بر بستری و تجویز کورتیکوسترویید ، اقدام بعدی چیست؟ . نمای ذیل را دارد,ھفتگی۳۴ یک الی دو بار در روز ، ختم در NST,بار در ھفته۳ داپلر شریان نافی دو تا,NICU ختم بارداری در مرکز مجھز به,ھفته۳ بررسی رشد جنین ھر,
board_1403.jsonl,OBGYN-1403-BOARD-GENERAL-115,ھفته۳ بررسی رشد جنین ھر آنالیز گازھای شریان . دقیقه بعد به روش سزارین متولد شده است20 خانمی در حین زایمان دچار پرولاپس بند ناف شده و نوزاد کدامیک از گزینه ھای ذیل در مورد نوزاد . میلی متر جیوه را گزارش کرده است90 معادلPCo2 و6.95 معادلPH بند ناف (2022 ویلیامز) درست است؟,اسیدوز تنفسی,اسیدوز متابولیک,آسفیکسی شدید,.مقادیر داده شده برای تفسیر و اظھار نظر کافی نیست,
board_1403.jsonl,OBGYN-1403-BOARD-GENERAL-116,نیم ساعت بعد بیمار دچار تاکی . انجام شده است bupivacain برای خانمی جھت بی دردی زایمان، اپیدورال آنالژزی با ماده کدام اقدام درست است؟ . تشنج و برادیکاردی جنین می شود ، کاردی شدید و افزایش ناگھانی فشارخون و سپس افت فشار خون (2022 ویلیامز),تزریق وریدی سریع اینترا لیپید,سزارین سریع در ھمان محل,پایین آوردن سر تخت بیمار,تزریق ھیدروکوتیزون,
board_1403.jsonl,OBGYN-1403-BOARD-GENERAL-117,در سونوگرافی انجام شده رشد . ھفته به علت آبسه دندان جراحی فک شده و برای تسکین درد ژلوفن دریافت کرده است32خانم (2022 ویلیامز) بررسی داپلر کدام عروق جنینی ضروری است؟ .جنین نرمال و کاھش مایع آمنیوتیک گزارش می شود,شریان کلیوی,شریان نافی,داکتوس آرتریوزوس,شریان مغزی میانی,
board_1403.jsonl,OBGYN-1403-BOARD-GENERAL-118,در سونوگرافی رشد جنین .در بخش زایمان بستری می شود FHR=55 ھفته با سابقه رماتیسم مفصلی بعلت32 خانم حامله Anti RO .در اکوی قلب جنین بلوک درجه سه مشھوداست نرمال است و تجمع مایع در فضای پلور و پریکارد دیده می شود و (2022 ویلیامز) مناسبترین اقدام کدام است؟ .مثبت است,4mg/daily تجویز دگزامتازون,تجویزھیدروکسی کلروکین,تجویز تربوتالین,Pace maker ختم بارداری و گذاشتن,
board_1403.jsonl,OBGYN-1403-BOARD-GENERAL-119,(2022 ویلیامز) را در نوزاد پرترم افزایش می دھد؟IVH زیر میزان کدامیک از اقدامات,سزارین,بستن دیررس بند ناف,دوشیدن بند ناف,زایمان طبیعی,
board_1403.jsonl,OBGYN-1403-BOARD-GENERAL-120,"IUGR جنین در بررسی . و ادم و سردرد بستری می شود170/110 بارداری با فشار خون32 درھفتهG1 ساله34 خانم در . مشاھده می شودBrain sparing در شریان نافی و Absent end diastolic flow شدید و اختلالات داپلر بصورت متعاقب ختم . می باشدHb=14g/dL, SGOT= 65, SGPT=80, Creatinine= 1.08, UP=+3: آزمایشات بعمل آمده اقدام مناسب کدام است؟ .و سدیم ادرار بالا است +Creatinine= 2.5mg/dL, UP=3 بارداری بیمار اولیگوریک بوده و",(2022 ویلیامز),Intensive IV fluid therapy,انفوزیون آلبومین,تجویز دیورتیک جھت جلوگیری از ادم ریه,
board_1403.jsonl,OBGYN-1403-BOARD-GENERAL-121,"ھموفیلتریشن و دیالیز کماکان فشارخون بیمار بالا بوده و ترومبوسیتوپنی و آنمی وHELLP ھفته در خانم مبتلا به سندروم33 متعاقب زایمان زودرس ویلیامز) درمان مناسب کدام است؟ .دارد و در لام خون محیطی شیستوسیت مشاھده می شودCreatinine و ,LDH افزایش (2022",تجویز دگزامتازون,Plasma exchange,Furosomide IV,Plasma volume expander,
board_1403.jsonl,OBGYN-1403-BOARD-GENERAL-122,(Uptodate2023) اقدام مناسب کدام است؟ . ھفته با کاھش حرکت جنین مراجعه کرده است39 خانم حامله,زایمان,داپلر عروق جنینی,مشاوره با والدین و گوشزد نمودن افزایش خطر مرگ جنین,دو بار در ھفتهNST سونو و,
board_1403.jsonl,OBGYN-1403-BOARD-GENERAL-123,در سونوگرافی سه .مراجعه کرده است 8 بیماری با ناباروری اولیه بمدت دو سال ،خونریزی زیاد موقع قاعدگی با ھموگلوبین کدامیک از موارد . میلی متر گزارش شده است15 با فاصله تا سروزای رحم حدودFIGO I سانتی متری5 بعدی، یک میومای (2024 تلیندز) زیر بھترین انتخاب است؟,به مدت سه ماه و آھن روزانه و بعد ھیستروسکوپیک میومکتومی GNRH a,میومکتومی یک واحد خون قبل عمل و یک واحد برای عمل و لاپاراتومی,به مدت یک ماه و آھن روزانه و بعد لاپاراسکوپیک میومکتومی GNRH a,یک واحد خون قبل عمل و یک واحد برای عمل و ھیستروسکوپیک میومکتومی,
board_1403.jsonl,OBGYN-1403-BOARD-GENERAL-124,یک واحد خون قبل عمل و یک واحد برای عمل و ھیستروسکوپیک میومکتومی . ساله بوده است8 ساله که تلارک زودرس و رشد زودرس موھای پوبیس داشته است در بررسی سن استخوانی6 دختر خانم (2020 اسپیروف) قدم بعدی چیست؟. نرمال گزارش شده استstimulation GnRH-a تست,اطمینان به بیمار و تحت نظر گرفتن,توصیه به انجام سونوگرافی شکم و لگن,Brain MRI,TSH-T4 اندازه گیری,
board_1403.jsonl,OBGYN-1403-BOARD-GENERAL-125,داده اند کهsolid ساله که به علت لمس توده ای در پستان تحت سونوگرافی و ماموگرافی قرار گرفته تشخیص توده37 خانم (2020 برک نواک) سانتی متری بوده است قدم بعدی چیست؟3.5 منطبق بر فیبروآدنومای,Core needle biopsy,ماه آینده6 تکرار اولتراسوند در,تودهExcision,جھت بررسی تکمیلیMRI انجام,
board_1403.jsonl,OBGYN-1403-BOARD-GENERAL-126,در قدام و خونریزی رحم و منوراژی شدید و عدم پاسخ به درمان طبیFIGO3-6CM با یک فیبروم G3L3 ساله33 بیماری برک نواک) انتخاب مناسب کدام است؟ .و موثر غیر تھاجمی برای جایگزینی ھیسترکتومی است خواھان استفاده از روشی ایمن (2020,HIFU (high intensity focused ultrasound),رزکشن اندومتر,آمبولیزاسیون عروق رحم,NOVASURE ابلیشن اندومتر,
board_1403.jsonl,OBGYN-1403-BOARD-GENERAL-127,برای کاھش احتمال آریتمی قلبی حین . استEP ساله با سابقه آریتمی قلبی کاندیدای لاپاراسکوپیک سالپنژکتومی بدلیل32بیماری (2020 برک نواک) جراحی کدام گزینه صحیح است؟,جھت اتساع شکم CO2 به جای N2O استفاده از گاز,12mmHg نگھداشتن فشار داخل شکم زیر,انجام جراحی اندوسکوپیک در این بیمار منع می شود,درمان خاصی حین یا بعد عمل لازم ندارد,
board_1403.jsonl,OBGYN-1403-BOARD-GENERAL-128,بیمار سابقه . روز بعد از لاپاراسکوپیک رادیکال ھیسترکتومی و لنف آدنکتومی با تب و درد ناحیه کلیه مراجعه می کند4 بیماری شده و بافت خوبی ندارد، کدام ایسکمیک ( Mid ureter) در ھنگام لاپاراسکوپی مجدد، حالب درقسمت میدیورتر .شن کلیه دارد (2024 تلیندز) گزینه برای ترمیم مناسب تر است؟,بواری فلپ,پیوند حالب به مثانه,اناستاموز حالب به حالب,اناستاموز حالب به حالب مقابل,
board_1403.jsonl,OBGYN-1403-BOARD-GENERAL-129,ساله را از طریق برش مک برنی باز می کند و متوجه درگیری آپاندیس با20 جراح عمومی با علائم آپاندیسیت شکم بیماری با شما مشاوره می شود .اندومتریوز و التھاب شدید و اندومتریومای تخمدان راست می شود و کولدو ساک چسبندگی شدید دارد (2024 تلیندز) توصیه صحیح کدام است؟,فقط آپاندیس را بردارد,بدون دستکاری شکم را ببندد,برش را وسیع کند و جراحی کامل انجام شود,آپاندیس و اندومتریوما را عمل کند,
board_1403.jsonl,OBGYN-1403-BOARD-GENERAL-130,برای درمان .ادم دارد +۲ در معاینه . ساله با سابقه فشار خون کنترل شده از تعداد دفعات مکرر ادرار شبانه شاکی است۶۹ خانم (2020 برک نواک) این بیمار کدام داروی زیر کم خطر است؟,دسموپرسین,آنتی کولینرژیک,ایمی پرامین,بتانکول,
board_1403.jsonl,OBGYN-1403-BOARD-GENERAL-131,ساله با سابقه دیابت و فشار خون که ھفته قبل تروما به وولو داشته است با درد ناحیه وولو و تب و حال عمومی بد به۷۰ خانمی و ناحیه ای در وولو ادم شدید و سیاھی پوست که90/60 و فشار خون۱۲۰ در معاینه نبض.اورژانس ارجاع داده شده است (2024 تلیندز) کدام اقدام برای بیمار صحیح است؟ .حساس و دردناک و مرکز آن ضایعه بی حس و سیاه است,.انتقال به اتاق عمل شود پس از تجویز انتی بیوتیک,بستری در آی سی یو و درمان کنسرواتیو و کنترل روزانه,انسزیون ناحیه وولو در اورژانس و پانسمان وتجویز آنتی بیوتیک مناسب,تجویز آنتی بیوتیک وسیع الطیف برای سه روز و مراجعه بعدی,
board_1403.jsonl,OBGYN-1403-BOARD-GENERAL-132,تری وی سابقه .بعلت فیبرم قرار گرفته است و تمایل به ھورمون درمانی دارد TAH+BSO ساله چند ماه پیش تحت52 بیمار (2020 اسپیروف) کدامیک از روشھای زیر مناسب است ؟ . گلیسیرید بالا دارد,ایمپلنت استرادیول,واژینال استرادیول,استروژن ترانس درمال,کاندید مناسبی برای ھورمون درمانی نیست,
board_1403.jsonl,OBGYN-1403-BOARD-GENERAL-133,برنامه ریزی جھت . ساله به دلیل ضایعه ای مشکوک به بدخیمی در ناحیه تحتانی واژن کاندید عمل جراحی می باشد43 خانمی (2020 برک نواک) برداشتن کدام دسته گره ھای لنفاوی ضروری است؟,لترال ساکرال,اینگوینال,رکتال,اوبتوراتور,
board_1403.jsonl,OBGYN-1403-BOARD-GENERAL-134,.ھیسترکتومی و ساکروکولپوپکسی قرار می گیرد ساله به علت خونریزی مقاوم به درمان و بی اختیاری ادرار تحت عمل۴۸ خانم جراح پس از برداشتن رحم و ھنگام فیکس کردن مش روی.او سابقه فشارخون کنترل شده واستیوپوروز در حال درمان دارد پرومنتوار با نخ نایلون سوزن کات متوجه خونریزی شدید چپ لگن می شود و اقدام به کنترل خونریزی با کوتر و سوچور می کند در مورد خروج پک کدام اقدام زیر را.ولی موفق نمی شود و بیمار خون زیادی از دست می دھد و تصمیم به پک کردن لگن می گیرد (2024 تلیندز) صحیح می دانید؟,ساعت صبر کرده و پک را خارج و با گذاشتن دو درن شکم بسته شود۲,شکم بسته و روز بعد بیمار به اتاق عمل منتقل و پک خارج شود,ساعت بعد پک خارج شود۴۸ بھتر است پک طوری قرار گیرد که انتھای آن از داخل واژن خارج و فقط پوست بسته و,بھتر است فقط فاشیا بسته وکیسه فشار منفی روی شکم قرار گیرد,
board_1403.jsonl,OBGYN-1403-BOARD-GENERAL-135,احتمال بروز کدام یک از عوارض ذیل در وی افزایش .در آزمایشات خانم باردار گیاه خوار کمبود شدید روی گزارش شده است (2022 ویلیامز) می یابد؟,اختلال نورولوژیک,تاخیر در ترمیم زخم,بروز پره اکلامپسی,زایمان زودرس,
board_1403.jsonl,OBGYN-1403-BOARD-GENERAL-136,احتمال بروز کدامیک از عوارض ذیل در اثر مصرف این گروه . استSSRI خانمی باردار تحت نظر روانپزشک تحت درمان با (2022 ویلیامز) داروھا وجود دارد؟,ماھه اول3 سقط,نقایص لوله عصبی,اختلال رشد داخل رحمی,علائم قطع ناگھانی دارو در نوزاد,
board_1403.jsonl,OBGYN-1403-BOARD-GENERAL-137,در معاینه. ساله دو روز پس از عمل رادیکال ھیسترکتومی دچار درد طرف راست قفسه صدری و تنگی نفس شده است۶۴ خانم بھترین اقدام اولیه. سردی انتھاھا و ادم و ژوگولار ھای برجسته وجود دارد۱۴۰ روی نبض و تاکیکاردیmmHg ۶۰فشارخون (2024 تلیندز) کدام است؟,تزریق کریستالویید تا آماده شدن فراورده ھای خونی,انتقال بیمار به اتاق عمل و لاپاروتومی,شکم و لگن CT Scan انجام,حمایت عملکردی قلب با داروھای وازواکتیو و محدود کردن مایعات,
board_1403.jsonl,OBGYN-1403-BOARD-GENERAL-138,در مادر باردار که قرص آھن و مکمل ھای ویتامین مصرف می کند سطح سرمی کدام یک از موارد زیر در مادر بیشتر از جنین (2022 ویلیامز) است؟,Vitamin A,Vitamin C,Vitamin D,آھن,
board_1403.jsonl,OBGYN-1403-BOARD-GENERAL-139,دو فولیکولpick up در روز . وارد سیکل آنتاگونیست شده استmale factor در ھر تخمدان وAFC=2 ساله با44 خانم بھترین اقدام کدام است؟ . شده و ھربار فقط یک جنین فریز داشته استART بار وارد سیکل2 در سابقه .کشیده شده است (2020 اسپیروف),تکرار سیکل ھای متوالی و اضافه کردن جنین,مجدد تخمدان در ادامه ھمین سیکلstimulation,و انتقال جنینPGD,واحد در سیکل بعدی450 افزایش دوز گنادوتروپین به,
board_1403.jsonl,OBGYN-1403-BOARD-GENERAL-140,کدام وضعیت سبب ایجاد این عارضه . ساله پس از زایمان دچار گزگز و مورمور در ناحیه لابیا و کلیتوریس شده است31 خانمی (2022 ویلیامز) می گردد؟,کشش عصب پودندال خلف لیگامان ساکرواسپاینوس,تحت فشار قرار گرفتن عصب رکتال تحتانی,کشیده شدن شاخه ھای خلفی عصب فمورال در پوزیشن لیتوتومی,ایسکمی عصب ایلیواینگوینال,
board_1403.jsonl,OBGYN-1403-BOARD-GENERAL-141,"توده تشخیص با و گرفته قرار بررسی مورد وزن کاھش و زودرس سیری و قبل ماه چند از شکم درد بعلت ویرجین ساله ۲۰ خانم نرمال CA125,AFP, BHCG,LDH مارکرھای تومور ، گردیده ارجاع لگن در اسیت با ھمراه لگن و شکم در کیستیک -سالید ارجح درمان .باشد می ۱ گرید ایمچورتراتومای از حاکی ،لگنی ایمپلنت و راست طرف سالپنگوافورکتومی پاتولوژی .باشند می (2020 برک نواک) است؟ کدام",مرحله بندی و جراحی کاھنده کامل تومور,تخمدان مقابل بیوپسی مرحله بندی و,BEP شیمی درمانی با رژیم,فالواپ,
board_1403.jsonl,OBGYN-1403-BOARD-GENERAL-142,تورشن احتمال و راست ادنکس در سیستیک سالید توده وجود بعلت ، است کرده مراجعه شکم درد با ھفته ۲۴ حامله ساله ۲۸ خانم پاتولوژی گزارش . بوده پاره داشت تورشن دور دو که تخمدانی توده جدار ، داشته خونی مایع شکم در ، است شده لاپارتومی برک) باشد؟ می کدام یک از موارد زیر مناسب درمان .باشد می کپسول گرفتاری با دیس ژرمینوما از حاکی سالپنگواوفورکتومی (2020 نواک,LDH ادامه حاملگی و پیگیری با,ختم بارداری و شیمی درمانی,شیمی درمانی و ادامه حاملگی,جراحی مرحله بندی و برنامه ریزی درمانی براساس آن,
board_1403.jsonl,OBGYN-1403-BOARD-GENERAL-143,ساله، بازال سل کارسینوما گزارش شده۶۰ سانتی متری لابیاماژور در خانم۲ بیوپسی ضایعه خورنده با حاشیه ھای برجسته (2020 برک نواک) اقدام مناسب کدام است؟ .است,Radical vulvectomy,Radical Local excision,Radiation therapy,Chemotherapy,
board_1403.jsonl,OBGYN-1403-BOARD-GENERAL-144,در . ماه قبل بعلت پرزانتاسیون بریچ سزارین شده با شکایت ادامه لکه بینی بعد از زایمان مراجعه کرده است۲ ساله حدود۴۰ خانم سونوگرافی رحم را بزرگ با ضایعه دو سانتی .رحم بزرگ و نامتقارن است .دارد +۱ معاینه سرویکس نرمال و خونریزی در حد (2022 ویلیامز) اقدام مناسب بعدی کدام است؟ . میلی متری را گزارش کرده است۱۵ در میومتر و ضخامت اندومتر,کورتاژ,داپلر سونوگرافی,BHCG,سی تی انژیو عروق رحمی,
board_1403.jsonl,OBGYN-1403-BOARD-GENERAL-145,باشند کدام که کولپوسکوپی و بیوپسی ھا منفی می AGC- favor neoplasia ساله با پاپ اسمیر۴۰ اقدام مناسب در خانم (Uptodate2023) است؟,سال بعد Co- test,ھیسترکتومی,کولپوسکوپی سال بعد,کونیزاسیون سرویکس,
board_1403.jsonl,OBGYN-1403-BOARD-GENERAL-146,(2020 اسپیروف) نمی باشد؟ درباره تغییرات غده تیروئید در حاملگی کدام یک صحیح,در دو جھت مادری و جنینی انجام می شودT3-T4 انتقال جفتی,انتقال جفتی مستقل و ارتباط به سطح جنینی و مادری ندارد,مادری می باشدT4 در اوایل بارداری مغز جنین وابسته به انتقال جفتی,. ساب کلینیکال ھایپوتیروییدی مادر با افزایش ریسک زایمان زودرس ھمراه می باشد,
board_1403.jsonl,OBGYN-1403-BOARD-GENERAL-147,"(2020 اسپیروف) کدام گزینه صحیح می باشد؟ , آنتاگونیست خوراکی و آندومتریوزیسElagolix درباره",مناسب داردcytoreduction اثر,استرادیول می شودpartial استفاده از دوز بالا سبب کاھش,"داروی انتخابی می باشد , flare با توجه به عدم عارضه",ھمزمان ندارد contraception نیاز به,
board_1403.jsonl,OBGYN-1403-BOARD-GENERAL-148,وی .است گرفته قرار بندی مرحله و BSO، ھیسترکتومی تحت تشخیصی کورتاژ در اندومتر کارسینوما ادنو بعلت ساله ۴۹ خانم (2024 تلیندز) است؟ کدام مناسب اولین اقدام .باشد می نظر تحت و دھد می را قبل سال ۵ مثانه کانسر سابقه,لگنی تراپی رادیو,درمانی شیمی,رحم DNA MMR تست,درمانی پروژسترون,
board_1403.jsonl,OBGYN-1403-BOARD-GENERAL-149,رنگ بدن :به دنبال حاملگی ترم و مایع آمنیون آغشته به مکونیوم نوزادی با مشخصات زیر به روش زایمان طبیعی متولد شده است کدام اقدام زیر صحیح .، تنفس خودبخودی نرمال، حرکت فعال اندامھا120 صورتی و انتھاھا سیانوزه ،گریه ضعیف، ضربان قلب (2022 ویلیامز) است؟,لوله گذاری فوری جھت ساکشن تراشه,پوار فوری,گذاشتن سوند معده,تحت نظر گرفتن,
board_1403.jsonl,OBGYN-1403-BOARD-GENERAL-150,بلوکLH surge ،در کدام یک از سطوح پروژسترون زیر در دوره پره اوولاتوری . می باشدNatural IVF بیماری کاندید سیکل (2020 اسپیروف) می شود و عمل کنسل می شود؟,0.5ng/ml,1ng/ml,1.5ng/ml,2.5ng/ml,
board_1403.jsonl,OBGYN-1403-BOARD-GENERAL-151,2.5ng/ml . ساله ای که به بیماری اعتیاد تزریقی به مواد مخدر مبتلا است با علائم بالینی ابتلا به کرونا به اورژانس منتقل شده است۲۵ مرد ریه به عفونت مشخص شده و از نظر تنفسی در شرایط بحرانی قرار دارد و لازم است در۴۵٪ در سی تی اسکن ابتلای بیش از بازگرداندن وی به کمپ که امکانات مراقبت از طرفی .وی مخالف ادامه درمان و بستری شدن می باشد .اورژانس بستری شود مناسب ترین تصمیم در این شرایط با توجه به ارزش ھای بومی .فراھم نیست سایر مددجویان را در معرض خطر قرار خواھد داد کدام مورد است؟,پذیرفتن تقاضای بیمار و ادامه مراقبت در حد امکانات از وی در کمپ,دادن اطلاعات لازم مناسب با شرایط وی و تلاش برای تصمیم گیری و حق مصالح عالیه خود و دیگران,مخالفت با تقاضای بیمار و بستری نمودن الزامی وی برای درمان در بخش مراقبت ویژه,درخواست مشاوره پزشکی قانونی و اقدام برحسب موازین قانونی,
board_1403.jsonl,OBGYN-1403-BOARD-GENERAL-152,درخواست مشاوره پزشکی قانونی و اقدام برحسب موازین قانونی ، آزمودنی پس از امضای فرم رضایت آگاھانه و انجام آزمایش ھا۱۹ در یک کارآزمایی بالینی فاز یک واکسن تولید شده برای کووید و معاینات اولیه برای تایید معیارھای ورود به مطالعه و تزریق دوز اول واکسن از ادامه ھمکاری در مطالعه اعلام انصراف می کدام عبارت از عبارت ھای ذیل صحیح است؟ .کند,.با توجه به خروج آزمودنی از مطالعه، پژوھشگر در قبال عوارض احتمالی تزریق واکسن به آزمودنی مسئولیتی ندارد,.آزمودنی باید فرم امتناع آگاھانه جھت خروج از مطالعه را امضاء کند,.آزمودنی متعھد است ھزینه آزمایش ھای بررسی سلامت وی را در شروع مطالعه پرداخت کند,.آزمودنی به ھر دلیل و ھر زمان می تواند از ادامه ھمکاری در پژوھش انصراف دھد,
fellowship_maternal_fetal_1403.jsonl,OBGYN-1403-FELLOWSHIP-MFM-001,آزمون فلوشیپ خرداد ۱۴۰۳ زنان - طب مادر و جنین نوع استخراج: متن لایهٔ متنی PDF؛ فقط نرمال‌سازی نویسه‌های فارسی و ترتیب دیداری RTL انجام شده و هیچ محتوای تازه‌ای افزوده نشده است. مدت:زمان ۱۲۰ دقیقه پاسخ غلط نمره عدم در کدام یک از هایروش زیر توانمی برای تسریع القاء زایمان همزمان از اکسیتوسین استفاده کرد؟,Cervadil,لامیناریا,خوراکیPGE۱,کتتر فولی ۳۶ ترانس سرویکال,
fellowship_maternal_fetal_1403.jsonl,OBGYN-1403-FELLOWSHIP-MFM-002,در پی القاء لیبر با اکسیتوسین با دوز افزایشی ۶mu/min در خانم باردار ٣٨ هفته متوجه وجود انقباضات رحمی ۵ عدد در ١٠ دقیقه،میشویم تراسه بیمار کاتاگوری ٢ باشدمی اقدام بعدی کدام است؟,اکسی توسین را قطع و پس از مناسب شدن شرایط با نصف دوز شروع میکنیم,اکسیتوسین را با نصف دوز ادامه دهیممی,اکسیتوسین را قطع و از روش دیگری برای القاء لیبر استفاده کنیممی,اکسیتوسین را ًاموقت قطع و پس از قطع انقباضات با دوز ۴ mu/min ادامه دهیممی,
fellowship_maternal_fetal_1403.jsonl,OBGYN-1403-FELLOWSHIP-MFM-003,کدام روش تشخیصی زیر با بیشترین میزان اشعه یونیزه همراه است؟,Cerebral Angiography,Cardiac Angiography,Double vessel PTCA,Barium Swallow,
fellowship_maternal_fetal_1403.jsonl,OBGYN-1403-FELLOWSHIP-MFM-004,در سونوگرافی انجام شده برای خانم بارداری در سن ۲۲ هفته هایکلیه هر دو طرف جنین دارای اکوژنیستیته بالا و بدون کیست،واضح به طوری که کل فضای شکم را اشغال،اندکرده رویت،شد مثانه کوچک است و ۴ AFI cm است ترینمحتمل تشخیص کدام است؟,)کلیهADPKD پلی کیستیک اتوزمال (غالب,)کلیهARPKD پلی کیستیک اتوزمال (مغلوب,multi cystic dysplastic kidney,genetic syndrome,
fellowship_maternal_fetal_1403.jsonl,OBGYN-1403-FELLOWSHIP-MFM-005,پاسخ غلط نمره عدم مادر باردار ۱۳ هفته جهت انجام غربالگری و سونوگرافی مراجعه کرده است طی سونوگرافی متوجه دیامترطولی مثانه ۸mm همراه با دیلاتاسیون یورترای پروکسیمال باشدمی نکته پاتولوژیک دیگری مشهود.نیست اقدام مناسب بعدی کدام است؟,تست تشخیصی,ختم بارداری,جشانت وزیکو آمنیوتیک,آمنیواینفیوژن,
fellowship_maternal_fetal_1403.jsonl,OBGYN-1403-FELLOWSHIP-MFM-006,در بررسی سونوگرافی جنین ۲۸ هفته متوجه بزرگی کلیه چپ به همراه دو ساختار کیستیک داخل آن که ارتباطی با هم ندارند شویممی حالب چپ به صورت دیلاته قابل مشاهده است و یک ساختار کیست مانند هم داخل مثانه وجود دارد تشخیص احتمالی کدام است؟,multi cystic dysplastic kidney,duplicated renal collecting system,congenital megaureter,ARPKD)کلیه پلی کیستیک اتوزمال (مغلوب,
fellowship_maternal_fetal_1403.jsonl,OBGYN-1403-FELLOWSHIP-MFM-007,در سونوگرافی خانم باردار ۲۸ هفته متوجه توده سالید کیستیک پنج و نیم متریسانتی در ناحیه ساکرو کوکسیژیال میشویم که دارای داپلر عروقی.است همه موارد صحیح است به جز؟,زایمان باید به روش سزارین باشد,اکو قلب جنین,کاریوتایپ,"بررسی,Bpp NST به صورت هفتگی",
fellowship_maternal_fetal_1403.jsonl,OBGYN-1403-FELLOWSHIP-MFM-008,خانم باردار ۳۰ ساله G۱ با حاملگی ۲۸ هفته و BMI:۳۰ قصد مسافرت هوائی با طول پرواز ۶ ساعت را.دارند همه توصیه های زیر صحیح است به جز؟,استفاده از جوراب واریس,راه رفتن حداقل یک بار در ساعت,حرکات پریودیک اندام تحتانی,تجویز هپارین پروفیلاکسی,
fellowship_maternal_fetal_1403.jsonl,OBGYN-1403-FELLOWSHIP-MFM-009,پاسخ غلط نمره عدم خانم باردار در ۱۴ هفته به دلیل گاز گرفتگی توسط سگ ولگرد به اورژانس مامایی مراجعه کرده اقدام.است صحیح کدام است؟,شستشوی زخم و ارجاع به اورژانس مرکز بهداشت همگانی جهت مشاوره,تزریق واکسن هاری و ختم بارداری,شستشوی زخم و تزریق واکسن کزاز و اطمینان خاطر به بیمار,دبریدمان و سوچور زخم در صورت عمیق بودن و ارجاع به مرکز بهداشت,
fellowship_maternal_fetal_1403.jsonl,OBGYN-1403-FELLOWSHIP-MFM-010,کدام گزینه در مورد تزریق واکسن -دیفتری -کزاز سیاه سرفه در بارداری صحیح است؟,توصیه به تزریق آن بین ۲۷ تا ۳۶ هفته بارداری به همه خانم های باردار,توصیه به تزریق آن در اولین ویزیت پره ناتال,توصیه به تزریق آن بلافاصله بعد از زایمان,تزریق آن طبق دستورالعمل زمان غیر بارداری,
fellowship_maternal_fetal_1403.jsonl,OBGYN-1403-FELLOWSHIP-MFM-011,در بیماری که با تشخیص سقط کاندید،عفونی تخلیه با ساکشن پس از دریافت آنتی بیوتیک کدامیک،است از بررسی های زیر ضروری نمی باشد؟,آزمایش (U/A)ادرار,CBC,Vaginal culture,Blood culture,
fellowship_maternal_fetal_1403.jsonl,OBGYN-1403-FELLOWSHIP-MFM-012,در کدام هفته باردار، کلیه جنین فانکشنال می شود؟,هفته ۸,هفته ۱۲,هفته ۲۰,هفته ۲۸,
fellowship_maternal_fetal_1403.jsonl,OBGYN-1403-FELLOWSHIP-MFM-013,پاسخ غلط نمره عدم کدام مورد در رابطه با تیرویید جنین صحیح است؟,غده تیرویید در هفته ۸-۶ توانایی ساخت هورمون را دارد,هورمون تیرویید جنین در تکامل طبیعی تقریبا تمام بافت های جنین نقش دارد,انتی بادی های ضد تیرویید از جفت عبور نمی کند,هیپوتیروئیدی مادرزادی زمانی رخ می دهد که انتی بادی مادری محرک تیروئید از جفت عبور می کند,
fellowship_maternal_fetal_1403.jsonl,OBGYN-1403-FELLOWSHIP-MFM-014,در مراحل اولیه زندگی رویانی، خونسازی اولین بار در کجا دیده می شود؟,کبد,کیسه زرده,طحال,مغز استخوان,
fellowship_maternal_fetal_1403.jsonl,OBGYN-1403-FELLOWSHIP-MFM-015,خانمی که ۳ روز قبل سزارین شده است در مورد درمان استفاده از شکم بند برای برطرف شدن شلی دیواره شکم سوال می کند شما چه توصیه ای می کنید؟,هر زمان پس از سزارین,یک هفته پس از سزارین,۴ هفته پس از سزارین,پس ازبرطرف شدن درد شکم,
fellowship_maternal_fetal_1403.jsonl,OBGYN-1403-FELLOWSHIP-MFM-016,خانمی ۶ ساعت بعداز زایمان قادر به ادرار کردن نمی باشد در. معاینه پرینه و ژنیتالیا هماتوم ندارد اقدام. مناسب کدام است؟,گذاشتن کاتتر ادراری به مدت ۴۸ ساعت,همراه با کاتتر ادراری انتی بیوتیک و اکسی توسین شروع می کنیم,ساعت۶ دیگر فرصت می دهیم و مجدد ارزیابی می کنیم,کاتتر ادراری می گذاریم و ۲۴ ساعت،بعد براساس حجم ادرار باقی مانده تصمیم گیری می کنیم,
fellowship_maternal_fetal_1403.jsonl,OBGYN-1403-FELLOWSHIP-MFM-017,پاسخ غلط نمره عدم کدامیک از موارد زیر در جلوگیری از زایمان زودرس موثر است؟,غربالگری و درمان باکتریال واژینوزیس,درمان بیماری های لثه,فاصله گذاری بارداری بیشتر از ۲ و کمتر از ۴ سال,مصرف پروژسترون در افراد risk Low,
fellowship_maternal_fetal_1403.jsonl,OBGYN-1403-FELLOWSHIP-MFM-018,خانم باردار ۱۹ G۲ هفته با سابقه زایمان زودرس ۳۲W در بارداری قبلی و مصرف پروژسترون واژینال در این حاملگی مراجعه کرده است کدامیک از اقدامات زیر را انجام می دهید؟,اگر طول سرویکس در سونوگرافی واژینال کمتر از ۲۵mm باشد سرکلاژ می.کنیم,تزریق هفتگی پروژسترون کاپروات,با توجه به سن بارداری سرکلاژ کنتراندیکه.است,اگر طول سرویکس از ۱۵mm کمتر باشد پساری می..گذاریم,
fellowship_maternal_fetal_1403.jsonl,OBGYN-1403-FELLOWSHIP-MFM-019,کدامیک از جملات زیر در مورد پیشگیری زایمان زودرس صحیح است؟,غربالگری روتین طول سرویکس با سونوگرافی واژینال,غربالگری باکتریال واژینوزیس در افراد با سابقه زایمان زودرس,بررسی طول سرویکس با سونوگرافی واژینال در افراد با سابقه زایمان زودرس,مصرف A.S.A از سه ماهه اول در افرادی که سابقه زایمان زودرس خود بخودی.دارند,
fellowship_maternal_fetal_1403.jsonl,OBGYN-1403-FELLOWSHIP-MFM-020,خانم G۳ در سن حاملگی ۸W با تشخیص سندرمAPS)آنتی فسفولیپید آنتی (بادی جهت ویزیت مراجعه کرده است DVTسابقه در بعد از زایمان بارداری قبلی را ذکر می.کند اقدامات زیر را در وی توصیه می.کنید به جز؟,شروع A.S.A از این سن حاملگی,مصرف اناکساپارین پروفیلاکسی در طول بارداری,مصرف اناکساپارین پروفیلاکسی ۶ هفته بعد از زایمان,شروع اناکساپارین درمانی در طول بارداری,
fellowship_maternal_fetal_1403.jsonl,OBGYN-1403-FELLOWSHIP-MFM-021,پاسخ غلط نمره عدم کدامیک از جملات زیر در مورد ترومبوفیلی ارثی صحیح است؟,شایعترین ترومبوفیلی ارثی موتاسیون فاکتور ۵ لیدن است,موتاسیون ژن G۲۰۲۱۰A سبب فعال شدن پروتئین C میشود,طبق ACOGگایدلاین بررسی آنها در سقط مکرر توصیه میشود,موتاسیون G۲۰۲۱۰A منجر به سقط می.شود,
fellowship_maternal_fetal_1403.jsonl,OBGYN-1403-FELLOWSHIP-MFM-022,در سونوگرافی ۳D از Surfaceروش rendering برای بررسی اعضاء زیر جنین استفاده می،شود به جز؟,صورت,اندامها,استخوانها,جنس جنین,
fellowship_maternal_fetal_1403.jsonl,OBGYN-1403-FELLOWSHIP-MFM-023,نوزاد متولد شده با آپنه و تعداد ضربان قلب min/۹۵، تحت احیا با PPV)تهویه با فشار (مثبت قرار می،گیرد کدامیک از موارد زیر بهترین نشان دهنده تهویه کافی در نوزاد است؟,افزایش میزان سچوراسیون اکسیژن در پالس اکسی متری نوزاد,افزایش میزان ضربان قلب,افزایش تعداد تنفس,افزایش تونیسیته,
fellowship_maternal_fetal_1403.jsonl,OBGYN-1403-FELLOWSHIP-MFM-024,در نوزاد متولد شده از مادر مبتلا به عفونت گنوکوکی،فعال علاوه بر انجام تست گنوره و کلامیدیا کدام تجویز در مورد نوزاد صحیح است؟,پماد چشمی اریترومایسین,بتادین چشمی,سفتریاکسون تزریقی,آزیترومایسین خوراکی,
fellowship_maternal_fetal_1403.jsonl,OBGYN-1403-FELLOWSHIP-MFM-025,پاسخ غلط نمره عدم جهـت درمان سندرم دیسترس تنفسی (RDS) در نوزاد پره ترم با وزن ۱۲۰۰،گرم تجویـز همه موارد زیر توصیـه می،شود به جز؟,کافئین,ویتامین A,نیتریک اکساید استنشاقی,سورفاکتانت,
fellowship_maternal_fetal_1403.jsonl,OBGYN-1403-FELLOWSHIP-MFM-026,بیمار خانم ۳۰ ساله گراوید یک به دنبال NVD دچار پارگی درجه ۴ پرینه شده است در مورد ترمیم پرینه گزینه صحیح کدام است؟,ترمیم مخاط رکتوم با سوچور ۲ صفر، absorbable Rapid,روش ارجح approximation، end to= end- می‌باشد,ترمیم پارگی اسفنکتر خارجی ۲بانخ صفر absorbable Rapid,ترمیم پارگی اسفنکتر داخلی با نخ ۲،صفر ویکریل,
fellowship_maternal_fetal_1403.jsonl,OBGYN-1403-FELLOWSHIP-MFM-027,بیمار خانم ۲۳ ساله G۲L۱ با سن بارداری ۱۷ هفته به دلیل،تب درد شکمی و زردی مراجعه کرده.است دربررسی تشخیص هپاتیت Aحاد داده شده.است کدام گزینه جز اندیکاسیون بستری این بیمار است؟,Serum Albumin= ۳.۵ g/dl,TOTal bilirubin= ۱.۴ g/dl,AST= ۴۰۰۰U/L,BS=۶۰ mg/dl,
fellowship_maternal_fetal_1403.jsonl,OBGYN-1403-FELLOWSHIP-MFM-028,بیمار خانم ۳۷ ساله با سن بارداری ۳۰ هفته بدلیل خونریزی با تشخیص دکولمان بستری تحت نظر گرفته می شود بعداز چند روز دچار،استفراغ زردی پیشرونده و کاهش سطح هوشیاری می.شود اولین اقدام صحیح در اداره این بارداری کدام است؟,تعویض پلاسما اورژانسی,اندازه گیری تری گلیسیرید سرم,انتقال به OR جهت پیوند اورژانسی کبد,ختم بارداری,
fellowship_maternal_fetal_1403.jsonl,OBGYN-1403-FELLOWSHIP-MFM-029,پاسخ غلط نمره عدم بیمار خانم ۳۱ ساله G۱ با سن بارداری ۲۸ هفته جهت مراقبت بارداری مراجعه کرده است Agبیمار HBS مثبت می.باشد copy/ml load viral می‌باشد اقدام صحیح بعدی کدام است؟,چک Ab HBS Anti,تجویز ایمونوگلوبولین,شروع تنوفویر,نیاز به اقدام خاصی ندارد,
fellowship_maternal_fetal_1403.jsonl,OBGYN-1403-FELLOWSHIP-MFM-030,در پروسه تکامل عروق جفتی تهاجم به داخل میومتر) intramyometrial (در چه زمانی اتفاق می افتد؟,قبل از هفته ۸ بارداری,بین هفته ۱۲ - ۸ بارداری,بین ۱۶ - ۱۲ هفته بارداری,بعد از هفته ۱۶ بارداری,
fellowship_maternal_fetal_1403.jsonl,OBGYN-1403-FELLOWSHIP-MFM-031,در مورد کلسیفیکاسیون جفتی کدام گزینه صحیح نمی باشد؟,ارتباط مستقیم با سیگار و افزایش کلسیم مادر.دارد,درجه بندی آن از صفر تا ۳.میباشد,ارتباط قوی با پیامدهای پریناتال.دارد,در صورتی که قبل از ۳۲ هفته با درجه ۳ مشاهده شود شانس مرگ داخل رحمی بالاتر می.باشد,
fellowship_maternal_fetal_1403.jsonl,OBGYN-1403-FELLOWSHIP-MFM-032,در ارزیابی ریتم قلب جنین با اکوکاردیوگرافی همه موارد صحیح.است به جز؟,استفاده از روش M-MODE هم در ارزیابی اریتمی ها و هم عملکرد بطنی کاربرد.دارد,آریتمی PAC می تواند ناشی از مصرف کافیین یا هیدرالازین توسط مادر.باشد,ارزیابی مجدد ریتم قلب در موارد PAC حداقل یک ماه بعد توصیه می.شود,در دو درصد موارد PAC ممکن است بعدها به سوپراونتریکولار تاکیکاردی تبدیل.گردد,
fellowship_maternal_fetal_1403.jsonl,OBGYN-1403-FELLOWSHIP-MFM-033,پاسخ غلط نمره عدم در خانم باردار با سابقه دو بار سزارین و یک نوبت کورتاژ در سن ۲۶ هفته جفت سر راهی گزارش شده است در اداره ایشان کدام گزینه صحیح است؟,اندازه گیری روتین طول سرویکس هفتگی برای کنترل شرایط زایمان اورژانسی توصیه می.گردد,در ایشان انجام MRI برای اختلالات چسبندگی جفت ضروری.است,ختم بارداری در سن ۳۴ هفته توصیه می.گردد,تکرار سونوگرافی ارزیابی جفت در ۲۸ و ۳۲ هفتگی توصیه می.گردد,
fellowship_maternal_fetal_1403.jsonl,OBGYN-1403-FELLOWSHIP-MFM-034,در ارزیابی انومالی اسکن جنین ۱۹ هفته cyst plexus Choroid هشت میلی متری دو طرفه ایزوله گزارش شده است. در ارزیابی تکمیلی همه گزینه ها صحیح است به جز؟,رویت دست باز دوطرفه جنین,رویت نرمال بودن نماهای قلبی,وجود سه رگ در بند ناف,تکرار آنومالی اسکن چهار هفته بعد,
fellowship_maternal_fetal_1403.jsonl,OBGYN-1403-FELLOWSHIP-MFM-035,در سونوگرافی روتین جنین ۲۸ هفته متوجه کیست پرونسفالیک می.شویم همه موارد زیر در اداره دوران جنینی توصیه می شود به جز؟,بررسی فاکتورهای ترومبوفیلی ارثی در والدین,انجام MRI مغز جنین,بررسی ژنتیک جنین,ختم بارداری به روش سزارین,
fellowship_maternal_fetal_1403.jsonl,OBGYN-1403-FELLOWSHIP-MFM-036,اختلالات بینایی که در بیمار پره اکلامپسی ایجاد می شود با کدام اقدام زیر بهتر می شود؟,رهیدره کردن بیمار,تجویز سولفات منیزیم,تجویز کورتون,استراحت,
fellowship_maternal_fetal_1403.jsonl,OBGYN-1403-FELLOWSHIP-MFM-037,پاسخ غلط نمره عدم خانم ۳۱ ساله G۲P۱ در سونوگرافی آنومالی اسکن افزایش مقاومت شریان های رحمی گزارش شده است کدام مورد زیر صحیح است؟,ارزش پیشگویی برای IUGR دارد,شانس پره اکلامپسی افزایش می یابد,تجویز آسپرین,تجویز آسپرین بعلاوه هپارین,
fellowship_maternal_fetal_1403.jsonl,OBGYN-1403-FELLOWSHIP-MFM-038,خانم باردار ۳۰ ساله در سن حاملگی ۳۲ هفته مبتلا به پره اکلامپسی شدید دچار ادم ریه شده.است محتمل ترین علت آن کدام است؟,تجویز ایندومتاسین,تجویز سولفات منیزیم,تجویز مایعات زیاد,خونریزی,
fellowship_maternal_fetal_1403.jsonl,OBGYN-1403-FELLOWSHIP-MFM-039,خانم ویرجین ۲۵ ساله به علت ترومای جنسی به اورژانس زنان مراجعه کرده،است در معاینه ژنیتال تشخیص ترومای جنسی تایید می شود کدام مورد زیر را تجویز می کنید؟,مترونیدازول g۲ دوز واحد بعلاوه سفتریاکسون ۲۵۰mg دوز واحد,آزیترومایسین ۱g دوز واحد بعلاوه مترونیدازول ۲g دوز واحد بعلاوه سفتریاکسون ۲۵۰mg دوز واحد و کنتراسپشن اورژانس,آزیترومایسن ۱g دوز واحد بعلاوه سفتریاکسون ۲۵۰mg دوز واحد و کنتراسپشن اورژانس,آزیترومایسن ۱g دوز واحد بعلاوه آزیترومایسین ۴ ۵۰۰mg بار در روز برای ۷ روز,
fellowship_maternal_fetal_1403.jsonl,OBGYN-1403-FELLOWSHIP-MFM-040,در مورد عوامل افتراق دهنده سندرم Help و TTP کدام گزینه زیر صحیح است؟,در سندرم help کاهش خفیف تا متوسط MTS-۱۳ ADA میتواند رخ دهد,در افزایشTTP متوسط درآنزیم های کبدی رخ می.دهد,همولیز میکروآنؤیوپاتیک در سندرم HELLP شدید ودر TTP خفیف است,ترومبوسیتوپنی در سندرم HELLP شدید ودر TTP خفیف است,
fellowship_maternal_fetal_1403.jsonl,OBGYN-1403-FELLOWSHIP-MFM-041,پاسخ غلط نمره عدم در طی زایمان طبیعی هنگام خروج سر،جنین کدامیک از اقـدامات زیر احتمال بروز پارگی درجه ۳ و ۴ را کاهش می دهد؟,ماساژ پرینه در مرحله دوم زایمان,استفاده از تکنیک Hands-poised,استفاده از مانور ریتگن تعدیل شده,استفاده از روش Hands-on,
fellowship_maternal_fetal_1403.jsonl,OBGYN-1403-FELLOWSHIP-MFM-042,در خانمی بدنبال زایمان طبیعی جفت خارج نشده.است آپگار نـوزاد خوب است و خونریزی غیر طبیعی در مادر وجود ندارد و علائم حیاتی ایشان نیز پایدار.است طبق توصیـه WHO تا چه مدت برای خروج خود بخود جفت می توان صبر کرد؟,۱۵ دقیقه,۲۰ دقیقه,۳۰ دقیقه,۶۰ دقیقه,
fellowship_maternal_fetal_1403.jsonl,OBGYN-1403-FELLOWSHIP-MFM-043,با افزایش سن حاملگی انتظار داریم که در حالت،طبیعی کدامیک از تغییرات زیر در ضربان قلب جنینی رخ دهد؟,افزایش تاثیر سیستم پاراسمپاتیک در FHR جنین,عدم تغییر در variability Beat to Beat,کاهش میزان acceleration در پاسخ به حرکت جنین,ثابت ماندن rate قلب جنین از هفته ۱۸ تا ۳۶,
fellowship_maternal_fetal_1403.jsonl,OBGYN-1403-FELLOWSHIP-MFM-044,کدامیک از گزینه های زیر در مورد داپلر شریان بند ناف صحیح است؟,میزان ratio S/D تحت تاثیر سن حاملگی نمی.باشد,میزان ratio S/D وابسته به insonation of angle نمی.باشد,محل استاندارد اندازه گیری داپلر بند ناف محل، اتصال آن به شکم جنین است,ratio S/D تحت تاثیر حرکت و تنفس جنین قرار.نمیگیرد,
fellowship_maternal_fetal_1403.jsonl,OBGYN-1403-FELLOWSHIP-MFM-045,پاسخ غلط نمره عدم در خانمی که مبتلا به Rh ایمونیزاسیون است و تصمیم به بررسی جنین از نظر آنمی کدام،داریم پارامتر زیر را اندازه گیری می کنیم؟,بررسی شریان MCA از نظر velocity systolic peak,بررسی نسبت PI در شریان MCA به شریان بند ناف,اندازه گیری ratio S/D شریان MCA,بررسی Centralization در شریان MCA وداکتوس ونوزوس,
fellowship_maternal_fetal_1403.jsonl,OBGYN-1403-FELLOWSHIP-MFM-046,کدامیک از داروهای ضد صرع زیر خاصیت تراتوژنسبتی بالاتری دارند؟,Valproic Acid,lamotrigine,Levetiracetam,Carbamazepine,
fellowship_maternal_fetal_1403.jsonl,OBGYN-1403-FELLOWSHIP-MFM-047,برای کاهش خطر تراتوژنیسیتی ویتامین،A توصیه فعلی برای حداکثر دوز مصرفی روزانه چقدر است؟,۱۰۰۰ واحد,۲۰۰۰ واحد,۲۵۶۰ واحد,۱۰۰۰۰ واحد,
fellowship_maternal_fetal_1403.jsonl,OBGYN-1403-FELLOWSHIP-MFM-048,خانم باردار ۲۵ G۱،،هفته در ویزیت پره ناتال فشار خون ۱۵۰/۱۰۰.دارد آزمایشات پراکلامپسی نرمال.است تا به حال دارویی مصرف نمی کرده.است زمینه آسم.دارد کدام داروی ضد فشار خون برای این بیمار تجویز شود؟,پروپرانولول,لابتالول,مترپرولول,هیدروکلروتیازید,
fellowship_maternal_fetal_1403.jsonl,OBGYN-1403-FELLOWSHIP-MFM-049,پاسخ غلط نمره عدم افت حاد فشار خون متعاقب آنستزی اپیدورال در کدامیک از موارد زیر بیشتر می‌باشد؟,باردار مبتلا به فشار خون مزمن,پراکلامپسی خفیف Mild,پراکلامپسی شدید Severe,پراکلامپسی imposed Super,
fellowship_maternal_fetal_1403.jsonl,OBGYN-1403-FELLOWSHIP-MFM-050,برای خانم باردار ۳۰ هفته مبتلا به کلستاز بارداری درمان با ۳۰۰mg/TDS Tab UDCA شروع شده.است انتظار می رود خارش تا چه مدت پس از شروع دارو بهبود یابد؟,۵-۳ روز,-۲ ۱ هفته,۳-۲ هفته,پایان هفته ۴,
fellowship_maternal_fetal_1403.jsonl,OBGYN-1403-FELLOWSHIP-MFM-051,خانم باردار G۲P۱Lch۱ در سن بارداری ۲۵ هفته برای بار دوم با علائم شدید سنگ کیسه صفرا مراجعه کرده.است درمان مناسب برای ایشان کدام است؟,NPO کردن و تجویز آنتی بیوتیک,تعبیه tube NG,تجویز UDCA,لاپاراسکوپی یا درمان آندوسکوپیک,
fellowship_maternal_fetal_1403.jsonl,OBGYN-1403-FELLOWSHIP-MFM-052,خانم باردار ۳۰ هفته با علائم،تهـوع،استفراغ درد شدید اپیگاستر مراجعه کرده.است در سونوگرافی انجام شده سنگ های متعدد در duct bile Common دیده شده.است آمیلاز ۴۰۰۰ و لیپاز ۲۰۰۰.دارد درمان مناسب در این بیمار کدام است؟,NPO رهیدراتاسیون,تجویز آنتی بیوتیک,ERCP,لاپاراسکوپی,
fellowship_maternal_fetal_1403.jsonl,OBGYN-1403-FELLOWSHIP-MFM-053,پاسخ غلط نمره عدم کدام ساختار مغز در آلوبار هولوپروزنسفالی دیده می شود؟,Thalami,Interhemispheric fissure,Falx cerebri,Corpus callosum,
fellowship_maternal_fetal_1403.jsonl,OBGYN-1403-FELLOWSHIP-MFM-054,از Index Jaw در سونوگرافی برای تشخیص کدام آنومالی جنین استفاده می گردد؟,Cystic Hygroma,Micrognathia,Bilateral Cleft Palate,Unilateral Cleft Lip without Cleft Palate,
fellowship_maternal_fetal_1403.jsonl,OBGYN-1403-FELLOWSHIP-MFM-055,screening cardiac Fetal در سه ماهه،دوم در بارداری های کم خطر شامل کدام نما نمی باشد؟,Four-chamber view,Right ventricular outflow tract,Left ventricular outflow tract,Ductal arch view,
fellowship_maternal_fetal_1403.jsonl,OBGYN-1403-FELLOWSHIP-MFM-056,انجام کدام مراقبت در بارداری همراه با diabetes Overt توصیه می گردد؟,Optimal preconceptional glucose control,مصرف aspirin dose low به محض مثبت شدن تست بارداری,توصیه به کاهش وزن در بارداری,بررسی کراتینین ادرار ۲۴ ساعته در اولین ویزیت,
fellowship_maternal_fetal_1403.jsonl,OBGYN-1403-FELLOWSHIP-MFM-057,پاسخ غلط نمره عدم کدام درمان در کتواسیدوز دیابتیک حین بارداری اشتباه می‌باشد؟,یک لیتر نرمال سالین در عرض یک ساعت اول,loading دوز انسولین وریدی ۴ ۲-۰ ۰ U/kg,پتاسیم ۱۵-۲۰ mEq/h بدون چک سطح پتاسیم سرم,دکستروز ۵ % در saline Half درصورت رسیدن گلوکز پلاسما به ۲۵۰ mg/dl,
fellowship_maternal_fetal_1403.jsonl,OBGYN-1403-FELLOWSHIP-MFM-058,خانم ۶باردار هفته با سابقه فوت فرزند قبلی به دلیل Hyperplasi Adreal Congenihal جهت مشاوره به درمانگاه پریناتولوژی مراجعه کرده است اقدام صحیح کدام است؟,انجام NIPT در صورت مونث بودن جنین شروع درمان با دگزامتازون,شروع درمان با دگزامتازون قبل از هفته ۹ و انجام CVS در هفته ۱۲-۱۰,انجام وNIPT تعیین ابتلای جنین و سپس درمان با دگزامتازون در صورت جنین مبتلا,انجام CVS در هفته ۱۰ حاملگی و شروع درمان با دگزامتازون در صورت ابتلای جنین,
fellowship_maternal_fetal_1403.jsonl,OBGYN-1403-FELLOWSHIP-MFM-059,خانم باردار ۳۲ هفته جهت سونوگرافی بیومتری جنین مراجعه کرده است در سونوگرافی انجام شده جنین دچار محدودیت رشد همراه با پلی هیدرآمینوس و تاکی کاردی می‌باشد مادر سابقه جراحی تیروئیدکتومی به علت بیماری گریوز را ۲ سال قبل ذکر می کند که تحت درمان با لووتیروکسین می.باشد اقدام صحیح کدام است؟,کوردوسنتز و بررسی جنین از نظر تیروتوکسیکوز,تجویز داروی آنتی تیروئید داخل مایع آمنیون,تجویز داروی آنتی تیروئید داخل بند ناف جنین,تعیین میزان TSH مایع آمنیون,
fellowship_maternal_fetal_1403.jsonl,OBGYN-1403-FELLOWSHIP-MFM-060,خانم باردار ۲۸ هفته به علت تاکی کاردی جنین ارجاع شده.است حین انجام اکوکاردیوگرافی ضربان قلب جنین به طور ناگهانی از ۱۵۰ به افزایش۱۸۰ یافته ودر بررسی با Mode M نسبت ضربان دهلیز به بطن می.باشد تشخیص کدام است؟,Sinus Tachy caridi,premature Atrial Contraction,Atrial flutter,Supraventriculor Tachy cardia,
fellowship_maternal_fetal_1403.jsonl,OBGYN-1403-FELLOWSHIP-MFM-061,پاسخ غلط نمره عدم خانم ۳۶ سال G۳P۲A۱ که اخیرا در هفته ۶ باردار ی دچارسقط جنین خودبخودی شده.است و مجددا میخواهد.باردارشود قاعدگی های طبیعی و سیکلیک را با خونریزی خفیف تا متوسط گزارش می.کند در سونوگرافی یک میوم سانتیمتر۳*۴ اینترا مورال خلف فوندوس نشان داده شده.است چه درمانی را قبل از بارداری دوباره توصیه می کنید؟,آمبولیزاسیون شریان رحمی,Hysteroscopic myomectomy,تکرار سونوگرافی در ۸ هفته,نیازی به درمان یا اقدام خاصی.ندارد,
fellowship_maternal_fetal_1403.jsonl,OBGYN-1403-FELLOWSHIP-MFM-062,در یکی از بیماران باردار یک توده پستان ۲ سانتی متری متحرک و غیر حساس را لمس می کنید پس از ارزیابی،بیشتر test triple benign Concordant بوده است. برای مدیریت بیش تر چه پیشنهادی دارید؟,معاینه فیزیکی سریال,برداشتن جراحی,(MRI) Magnetic resonance imaging,نیازی به درمان یا اقدام خاصی نیست,
fellowship_maternal_fetal_1403.jsonl,OBGYN-1403-FELLOWSHIP-MFM-063,در یک خانم ۲۰ G۱ ساله در هفته ۱۸ بارداری در سونوگرافی روتین یک توده بدون علامت در،آدنکس ۱۰cm کمپلکس با سپتوم های ضخیم و اجزای سولید گزارش شده.است برای این بیمار کدام اقدام ارجح است؟,Expectant management,Magnetic resonance imaging,برداشتن فوری با لاپاراسکوپی,لاپاراتومی,
fellowship_maternal_fetal_1403.jsonl,OBGYN-1403-FELLOWSHIP-MFM-064,پاسخ غلط نمره عدم خانم ۲۱ ساله ۱P۰ G در هفته ۳۳ باردار ی با دوقلوهای diamnionic/dichorionic از بثورا ت خارش دار به مدت ۴ روزکه بیش ترروی شکم و ران است شکایت دارد. صورت و کف دست و پا ضایعات را.ندارند او تب و تماس با بیمار را نداشته است. تشخیص Pregnancy of Plaques and Papules Urticarial Pruritic مطرح است. همه موارد زیر در مورد بیماری او صحیح است به جز؟,بعد از زایمان بهبود میابد,به ندرت در سا یر بارداری ها عود می کند.,به نرم کننده ها آنتی هیستامین های خورا کی و استروئیدها جواب میدهد,ماهیت خود ایمنی داشته و عوارض جانبی بر روی بارداری دارد,
fellowship_maternal_fetal_1403.jsonl,OBGYN-1403-FELLOWSHIP-MFM-065,یک خا نم ۲۵ ساله G۱P۰ در هفته ۳۵ بارداری با شکایت از خارش شدید به مدت یک هفته مراجعه می کند. درمعاینه به جز خارش درمحل خارش ها هیچ ضایعه ای ندارد. او،بثورات تب یا تماس با بیمار نداشته است. محتمل ترین تشخیص کدام یک از موارد زیر است؟,اگزمای بارداری,Pemphigoid gestationis,کلستاز داخل کبدی بارداری pregnancy of cholestasis Intrahepatic,Pruritic urticarial papules and plaques of pregnancy (PUPPP),
fellowship_maternal_fetal_1403.jsonl,OBGYN-1403-FELLOWSHIP-MFM-066,خانم G۱ پس از زایمان طبیعی و اپیزیوتومی انجام شده دچار احساس فشار و درد در ناحیه واژن شده است در معاینه بیمار تورم دردناک اکیموتیک در دیواره واژن رویت می شود همه موارد زیر در مورد وی صحیح است به:جز,سایز هماتوم ولوو واژینال درمدیریت آن موثر.است,در صورتیکه هماتوم سوپرالواتور باشد احتمال خونریزی رتورپرتیوئن وجود.دارد,درصورت درد شدید و ادامه افزایش سایزهماتوم جراحی باید انجام.شود,گذاشتن کاتتر ادراری درهمه بیماران دارای هماتوم ولوو ِینالژوا ضروری.است,
fellowship_maternal_fetal_1403.jsonl,OBGYN-1403-FELLOWSHIP-MFM-067,پاسخ غلط نمره عدم خانم ۲۸ ساله در حین زایمان و خروج جفت دچار افت ناگهانی فشار و دیسترس تنفسی و خونریزی می شود همه اقدامات تشخیصی و درمانی زیر برای بیمار ضروری است به:جز,بررسی علل اختلال قلبی عروقی مثل انفارکتوس میوکارد,بررسی تجویز عوامل اینوتروپیک,احیا پیشرفته فوری,تجویز مایع با حجم زیاد,
fellowship_maternal_fetal_1403.jsonl,OBGYN-1403-FELLOWSHIP-MFM-068,خانم چاق حامله با سابقه قبلی ۲ سزارین عرضی روی رحم که با پره اکلامپسی جهت زایمان مراجعه نموده.است کدام یک از موارد زیر TOLAC را در بیمار با ریسک بالا همراه می کند؟,چاقی,سابقه ۲ بار سزارین عرضی قبلی,پره اکلامپسی,عدم وجود پرسنل ورزیده,
fellowship_maternal_fetal_1403.jsonl,OBGYN-1403-FELLOWSHIP-MFM-069,بیمار باردار دو قلوی منوکوریون دی آمنیون در سن بارداری ۱۸ هفته جهت انجام آنومالی اسکن مراجعه کرده.است در سونوگرافی انجام شده تصویر یک جنین سالم دریک ساک و تصویرجنین با نمای انانسفال و توراکس غیرطبیعی و ابنورمالیتی شدید در اندامها در ساک دوم مشهود.است بیومتری امکان پذیر.نیست با وجود این سایز شکم قل مبتلا بزرگتر از قل سالم.است کدام گزینه را صحیح می دانید؟,TRAP جهت این بیمار مطرح بوده و Ablation Radiofrequency اقدام درمانی.است,Fetus Anomalous Selective جهت بیمار مطرح بوده و با توجه به منوکوریون بودن ختم بارداری توصیه می.شود,Fetus Anomalous Selective جهت بیمار مطرح بوده و تزریق KCL اندیکاسیون.دارد,TRAP جهت بیمار مطرح بوده وبا توجه به منوکوریون بودن ختم بارداری توصیه می.شود,
fellowship_maternal_fetal_1403.jsonl,OBGYN-1403-FELLOWSHIP-MFM-070,بیمار خانم باردار با سن حاملگی ۳۴ هفته و ۲ روز هفته است که با کانترکشن و دیلاتاسیون ۳ سانتی متر با تشخیص پره ترم لیبر بستری شده.است وی حدود ۳ هفته قبل با تشخیص زایمان زودرس ۲، دوز بتامتازون با فاصله ۲۴ ساعت دریافت کرده کدام.است اقدام زیر در حال حاضر جهت وی ضروری است؟,تزریق course Rescue بتامتازون جهت بلوغ ریه,مونیتور قند خون نوزاد بدو تولد در صورت.زایمان,استفاده از نیفیدیپین جهت مهار کانترکشن به مدت ۴۸ ساعت,استفاده از سولفات منیزیوم نوروپروتکتیو,
fellowship_maternal_fetal_1403.jsonl,OBGYN-1403-FELLOWSHIP-MFM-071,پاسخ غلط نمره عدم در دو قلویی TAPS قل PSVدهنده MCA بیشتر از ۱.۵ mom و قل گیرنده PSV MCA کمتر از ۸ ۰ دارد در چه stage می‌باشد؟,۱,۲,۳,۴,
fellowship_maternal_fetal_1403.jsonl,OBGYN-1403-FELLOWSHIP-MFM-072,برای کاهش خطر آسپیراسیون چه اقدامی در بیهوشی خانم های باردار بایستی انجام شود؟,استفاده از آنتی اسیدها,استفاده از H۲ بلاکرها,موقع انتوباسیون فشار روی کریکوئید باشد,ناشتایی طولانی مدت,
fellowship_maternal_fetal_1403.jsonl,OBGYN-1403-FELLOWSHIP-MFM-073,با کدام سطح از پلاکت می توان اسپینال آنالژزی برای سزارین انجام داد؟,۵۰ هزار,۶۰ هزار,۷۰ هزار,بستگی به قسمت های انعقادی تکمیلی دارد,
fellowship_maternal_fetal_1403.jsonl,OBGYN-1403-FELLOWSHIP-MFM-074,در مادر حامله ۱۱ هفته با depression Major مقاوم به درمان تصمیم به ECT گرفته.شد رعایت کدامیک از موارد زیر ضروری است؟,Fasting به مدت ۶ ساعت,تجویز آنتی کوآگولانت,گذاشتن Wedge زیر هیپ سمت راست,هیپرونتیلیشن در طول ECT,
fellowship_maternal_fetal_1403.jsonl,OBGYN-1403-FELLOWSHIP-MFM-075,پاسخ غلط نمره عدم در مادری با سابقه سوء مصرف مواد که دچار اختلال اضطراب شدید،است مصرف کدام داروی زیر ممنـوع است؟,سیتالوپرام,فلوکستین,ایمی پرامین,کلرودیازپوکساید,
fellowship_maternal_fetal_1403.jsonl,OBGYN-1403-FELLOWSHIP-MFM-076,در آنومالی اسکن جنین ۱۸ هفته در پروفایل صورت جنین Micrognathia مشاهده می.شود در بررسی قلب Overriding آئورت و آترزی دریچه پولمونر دیده می.شود بعد از مشاوره با والدین آمنیوسنتز انجام.شد درخواست کدام مورد برای بررسی ژنتیکی صحیح است؟,QFPCR,Standard karyotype,CMA Chromosome micro array,WES,
fellowship_maternal_fetal_1403.jsonl,OBGYN-1403-FELLOWSHIP-MFM-077,خانم ۲۴ ساله GA=۲۸w مراجعه کرده.است در حال حاضر شکایتی.ندارد در U/A باکتری Few و اپی تلیال Cell Few: گزارش شده.است کدام اقدام صحیح است؟,آموکسی سیلین ۳gr تک دوز,آموکسی سیلین TDS/۵۰۰ برای ۵ روز,منتظر جواب U/C می مانیم,تکرار ۱۰ (U/A) روز بعد از درمان آنتی بیوتیکی,
fellowship_maternal_fetal_1403.jsonl,OBGYN-1403-FELLOWSHIP-MFM-078,کدام یک از یافته های سونوگرافی در تشخیص حاملگی خارج Specificity،رحمی بالاتری دارد؟,Tubal Ring sign,Complex Adenexal mass,Ring of fire,Trilaminar endometrial pattern,
fellowship_maternal_fetal_1403.jsonl,OBGYN-1403-FELLOWSHIP-MFM-079,پاسخ غلط نمره عدم خانم ۳۲ ساله G۲P۱ که به تازگی دچار عفونت HIV شده است به درمانگاه مامایی مراجعه نموده.است در رابطه با اقدامات لازم جهت بیمار کدام گزینه صحیح نمی باشد؟,Chest-xray,تست PPD جهت توبرکولوزیس,بررسی HSV-۱/HSV-۲ -–توکسوپلاسموزیس سیتومگالوویروس,بررسی باکتریال -واژینوزیس Dهپاتیت,
fellowship_maternal_fetal_1403.jsonl,OBGYN-1403-FELLOWSHIP-MFM-080,خانم ۲۶ ساله بارداری دوقلویی مونوکوریون دی آمنیون در هفته ۱۶ مراجعه کرده در.است مورد مراقبت های پره ناتال کدام توصیه صحیح است؟,تجویز رژیم غذایی حاوی ۴۰ کیلو کالری پرکیلو ASA+روزانه روزانه,سونوگرافی هفتگی از هفته ۲۲ برای TTTSبررسی + رژیم حاوی ۳ وعده غذایی اصل و ۳ میان وعده,ویزیت هر ۲ هفته از هفته ۲۵ همراه با معاینه واژینال در هر ویزیت جهت تشخیص کوتاهی سرویکس,تجویز ASA تا هفته ۲۸ + تست های ارزیابی باسلامت جنین از هفته ۳۶,
fellowship_maternal_fetal_1403.jsonl,OBGYN-1403-FELLOWSHIP-MFM-081,"خانم باردار ۳۱ هفته که از ماه ها قبل آنمی متوسط دارد و بعلت عدم تحمل آهن آهن،خوراکی تکمیلی مصرف نکرده است در حال حاضر بعلت سنگ ادراری ودیزوری و تب ۴۰ درجه سانتیگراد تاکی،تاکیکاردی پنه بستری شده و نتیجه CBC بشرح زیر:است ×WBC=۳۹, ×Hb=۷gr/dl, Hct=۱۹, Platelet=۱۵۸ اقدام صحیح کدام است؟",ترانسفوزیون cell packed و آنتی بیوتیک,تجویز آهن پارنترال و آنتی بیوتیک,فقط درمان علت عفونت,آنتی بیوتیک و لیتوتریپسی,
fellowship_maternal_fetal_1403.jsonl,OBGYN-1403-FELLOWSHIP-MFM-082,کدامیک از گزینه های زیر در درمان پلی سیتمی ورا در حین حاملگی تجویز نمی شود؟,آسپرین,هپارین پروفیلاکتیکLMW,هیدروکسی اوره,اینترفرون آلفا,
fellowship_maternal_fetal_1403.jsonl,OBGYN-1403-FELLOWSHIP-MFM-083,پاسخ غلط نمره عدم خانم ۳۸ ساله با سابقه سه بارداری جهت مراجعهTL کرده.است سابقه کنسر تخمدان در خواهر.دارد روش جراحی پیشنهادی شما چیست؟,TL parkland,سالپنژکتومی,TL pumeroy,هیسترکتومی,
fellowship_maternal_fetal_1403.jsonl,OBGYN-1403-FELLOWSHIP-MFM-084,در کدامیک از موارد زیر خطر آلوایمونیزاسیون RH کمتر است؟,ABمادر منفی جنین O مثبت,ABمادر منفی جنین A مثبت,مادر A منفی جنین B مثبت,ABمادر منفی جنین B مثبت,
fellowship_maternal_fetal_1403.jsonl,OBGYN-1403-FELLOWSHIP-MFM-085,مادر RH منفی که تالاسمی بتا نیز دارد و نوزاد RH مثبت را بدنبال دکولمان و سزارین اورژانسی بدنیا آورده است کدام اقدام زیر برای پیشگیری از ایزوایمونیزاسیون RH صورت می گیرد؟,تزریق دو دوز آنتی RH ایمونوگلوبولین,تعیین وجود خونریزی فتومترنال با تست روزت,استفاده از تست کلیه ها وربتکه جهت تعیین میزان ایمونوگلوبولین مورد نیاز,استفاده از فلوسیتومتری جهت تعیین میزان ایمونوگلوبولین مورد نیاز,
fellowship_maternal_fetal_1403.jsonl,OBGYN-1403-FELLOWSHIP-MFM-086,در خانمی غیر حامله با سابقه نوزاد ۲۸ IUGR هفته در بارداری،قبلی بررسی از نظر آنتی بادی فسفولیپید انجام داده.ایم نتیجه تست مثبت اقدام.است بعدی کدام است؟,تایید نتیجه مثبت آنتی بادی فسفولیپید هفته۱۲ بعد,تزریق هپارین پروفیلاکتیک در بارداری بعدی,تجویز آسپرین dose LOW در بارداری بعدی,تجویز هپارین درمانی در بارداری بعدی,
fellowship_maternal_fetal_1403.jsonl,OBGYN-1403-FELLOWSHIP-MFM-087,پاسخ غلط نمره عدم خانمی گروید،یک در هفته ۳۷ بارداری با علائم سردرد مراجعه و در کنترل مکرر فشار خون ثبت شده پروتئین.است ادرار در ۲ نوبت +۲ تست، های کبدی و کلیوی دیگر نرمال.است در معاینه ارتفاع رحم مناسب سن بارداری و بی شاب اسکور ۳.است اقدام مناسب شما کدام است؟,ختم بارداری با سزارین,رایپ سرویکس سپس اینداکشن لیبر,انتظار تا ۳۹ هفته جهت شروع زایمان یا مناسب شدن سرویکس,تکرار بررسی پروتئین اوری با ادرار ۲۴ ساعت و تصمیم در مورد زمان ختم بارداری,
fellowship_maternal_fetal_1403.jsonl,OBGYN-1403-FELLOWSHIP-MFM-088,در خانمی که با فشار خون بالا تحت ختم بارداری با روش واژینال قرار،گرفته بعد زایمان جهت کنترل فشار خون داروی خوراکی آملودیپین دریافت می (۵mg/day)کند در بررسی وی فشار خون همچنان -۱۵۰ ۱۶۰/۱۰۰mmHg می.باشد دست و صورت ادماتو و وزن وی تنها یک کیلوگرم در طی ۲ روز بعد زایمان کاهش.دارد کدام گزینه جهت کنترل فشار خون وی مناسب است؟,لابتولول وریدی,هیدرالازین وریدی,فورسماید وریدی,اضافه کردن لابتالول خوراکی به درمان فعلی,
fellowship_maternal_fetal_1403.jsonl,OBGYN-1403-FELLOWSHIP-MFM-089,خانم ۳۸ ساله G۴L۳(NVD) با حاملگی ۳۸ هفته بعلت درد زایمانی مراجعه و در معاینه انقباضات پراکنده،داشته دیلاتاسیون ۲ سانتیمتر و Funicپرزانتاسیون می.باشد اقدام مناسب کدام است؟,سزارین اورژانس,بستری و درمان انتظاری,مراجعه در صورت تشدید انقباضات,سزارین الکتیو در هفته۳۹ درصورت پایدار ماندن وضعیت فوق,
fellowship_maternal_fetal_1403.jsonl,OBGYN-1403-FELLOWSHIP-MFM-090,خانمی ۲۳ ساله PG با حامگی ۴۰ هفته با شروع انقباضات منظم زایمانی از حدود ۲۴ ساعت قبل مراجعه می.کند در معاینه واژینال سرویکس بسته و افاسمان ۳۰٪.است کدام یک از اقدامات زیر کمک کننده است؟,آمنیوتومی,قدم زدن,تجویز مسکن,سرم تراپی,
fellowship_maternal_fetal_1403.jsonl,OBGYN-1403-FELLOWSHIP-MFM-091,پاسخ غلط نمره عدم خانمی ۳۹ ساله PG با حاملگی ۲۸ هفته با شکایت از،تب تنگی،نفس سرفه های پروداکتیو و درگیری مولتی لوبار در CXR بستری شده.است تست کووید منفی.است پس از سه روز درمان با آزیترومایسین وریدی و تامی فلو تب بیمار ادامه داشته و در CBC لکوپنی و ترومبوسیتوپنی دیده می.شود چه اقدامی مناسب است؟,ادامه درمان برای ۴۸ ساعت دیگر,تغییر آزیترومایسین به کلاریترومایسین,جایگزینی درمان با لووفلوکساسین,اضافه کردن داکسی سیکلین به آزیترومایسین,
fellowship_maternal_fetal_1403.jsonl,OBGYN-1403-FELLOWSHIP-MFM-092,خانمی با حاملگی ۲۵ هفته که فروشنده مواد غذایی است تست ۶ PPD میلی،متر و بدون علامت است اقدام مناسب بعدی کدام است؟,شروع ایزونیازید ۳۰۰ mg روزانه,درمان با ترکیبات ریفامپین,انجام رادیوگرافی قفسه سینه,اندازه گیری ترانس آمینازهای کبد,
fellowship_maternal_fetal_1403.jsonl,OBGYN-1403-FELLOWSHIP-MFM-093,ساله۲۷خانمی با حاملگی ۳۶ هفته بعلت سردرد بدون افزایش،فشارخون MRIتحت قرارگرفت و آنوریسم اینتراکرانیال تشخیص داده شد که با درمان حمایتی سردرد بهبود.یافت اقدام درمانی مناسب جهت بیمارکدام است؟,اینداکشن و زایمان طبیعی سپس ترمیم آنوریسم,جراحی همزمان آنوریسم و سزارین,سزارین سپس ترمیم آنوریسم,ادامه درمان حمایتی و انتظار برای شروع لیبر,
fellowship_maternal_fetal_1403.jsonl,OBGYN-1403-FELLOWSHIP-MFM-094,۳۳خانم ساله با حاملگی ۳۰ هفته و سابقه مولتیپل اسکلروزیس از روز گذشته دچار ضعف و پارستزی وکاهش بینایی شده.است درمان مناسب این مرحله چیست؟,۱ گرم متیل پردنیزولون وریدی بمدت ۵ روز,پردنیزولون خوراکی ۱۰ میلیگرم روزانه بمدت ۲ ماه,پلاسمافرزیس تا بهبود علایم,ایمونوگلوبولین داخل وریدی بمدت ۵ روز,
fellowship_maternal_fetal_1403.jsonl,OBGYN-1403-FELLOWSHIP-MFM-095,پاسخ غلط نمره عدم خانمی در ابتدای بارداری جهت مراقبت روتین مراجعه نموده است mg/dl، FBS:۱۲۶ می‌باشد کدامیک از گزینه های زیر در مورد مراقبت بارداری صحیح است؟,انجام ۷۵gr GTT,شروع متفورمین,شروع انسولین,ابتدا رژیم غذایی و سپس چک مجدد قند خون,
fellowship_maternal_fetal_1403.jsonl,OBGYN-1403-FELLOWSHIP-MFM-096,درسونوی واژینال سه بعدی ازرحم، در نمای کرونال depth partition زیر یک سانتیمتر و depth partition بیش از ۹۰ درجه می.باشد طبق معیار ASRM کدام، آنومالی رحمی مطرح است؟,Arcuate,Septate,Bicurnuate,Didelphys,
fellowship_maternal_fetal_1403.jsonl,OBGYN-1403-FELLOWSHIP-MFM-097,خانمی ساله۳۰ حاملگی اول با laborتشخیص obstructed به اتاق عمل انتقال داده،میشود جراح پس از خروج جنین متوجه می شود که انسزیون هیستروتومی در خلف رحم داده شده تشخیص.است شما چیست؟,Retroflexion of uterine,uterine incarceration,anterior sacculation,Uterine torsion,
fellowship_maternal_fetal_1403.jsonl,OBGYN-1403-FELLOWSHIP-MFM-098,خانم باردار با پستان های بسیاربزرگ پاتولوژیک،Gigantomastia چه اقدامی توصیه می کنید؟,پوشیدن سینه بند بسیارمحکم دربارداری,استفاده از گنهای مخصوص درحاملگی,مصرف بروموکریپتین بعداز زایمان,جراحی سینه بعد از زایمان,
fellowship_maternal_fetal_1403.jsonl,OBGYN-1403-FELLOWSHIP-MFM-099,پاسخ غلط نمره عدم خانم باردار ۲۰ هفته ای با سونوگرافی دال بر وجود ندول ۶ میلیمتری هیپواکو حاوی مناطق میکروکلسیفیکیشن درتیروئید بدون هیچ علامتی به شما مراجعه نموده است. پیشنهاد شما جهت وی کدام است؟,اسکن رادیواکتیو,بیوپسی,جراحی,MRI,
fellowship_maternal_fetal_1403.jsonl,OBGYN-1403-FELLOWSHIP-MFM-100,در سونوگرافی ۲۶جنین هفته متوجه ضایعه هیپواکوی ۷cm با حدود مشخص در نزدیکی Umbilical insertion در سطح جنینی جفت می شویم که در بررسی کالرداپلر Flow arterial دیده نمی.شود کدام مشاوره با بیمار صحیح است؟,احتمال بروز IUGR وجود دارد,احتمال بروز هیدروپس جنینی وجود دارد,اختلال شایعی است,احتمال اختلالات بدخیمی جفت مطرح است,
fellowship_maternal_fetal_1403.jsonl,OBGYN-1403-CAT-035,نوزادی پس از تولد هر دو گوش کوچک و مجرای گوش خارجی مسدود هستند (microtia). مادر مبتلا به تخمدان‌های پلی کیستیک و اپی‌لپسی بوده است. مادر بدون برنامه‌ریزی باردار شده است. کدامیک از داروهای مصرفی ذیل می‌تواند عامل عارضه بالا باشد؟ (ویلیامز) - الف) متفورمین,null,لووتیر استام,ایزوترتینونین,لاموتریژین,
fellowship_maternal_fetal_1403.jsonl,OBGYN-1403-CAT-037,کدام یک از اعضای زیر نباید در تصویر دیده شوند؟ (ویلیامز) (AC) برای اندازه گیری دور شکم جنین - الف) معده,null,تنه مهره,سینوس پورتال,کلیه,
fellowship_maternal_fetal_1403.jsonl,OBGYN-1403-CAT-038,خانم باردار ۲۵ هفته با تشخیص افسردگی ماژور تحت درمان با فلوکستین از ۱.۵ ماه قبل باشکایت عدم بهبود مراجعه کرده است. اقدام بعدی کدام است؟ (ویلیامز) - الف) ادامه درمان تا ۸ هفته و سپس ارزیابی مجدد,null,تغییر درمان به سیتالوپرام,افزایش دوز داروی فلوکستین,اضافه کردن داروی دوم به فلوکستین,
fellowship_maternal_fetal_1403.jsonl,OBGYN-1403-CAT-040,فاز نهفته خانم نولی پار حداقل ۳۰ ساعت طول کشیده است. احتمال بروز کدامیک از موارد زیر وجود دارد؟ (ویلیامز) - الف) افزایش عوارض جنین,null,افزایش عوارض مادر,طولانی شدن فاز فعال زایمان,افزایش احتمال سزارین,
fellowship_maternal_fetal_1403.jsonl,OBGYN-1403-CAT-041,خانم ۴۰ ساله مولتی پار با گزارش سیتولوژی سرویکس مبنی بر عفونت اکتینومایسیس به کلینیک ژنیکولوژی مراجعه کرده است. از ۶ سال قبل IUD دارد. چه اقدامی باید انجام دهید؟ (آپتودیت) - الف) بررسی از نظر علائم PID و انجام کشت سرویکس,null,بلافاصله خروج IUD و شروع درمان تجربی,خروج IUD و ارسال آن جهت کشت,بلافاصله شروع درمان تجربی بدون خروج IUD,
fellowship_maternal_fetal_1403.jsonl,OBGYN-1403-CAT-042,در سیر لیبر زائو ۴۰ هفته در دیلاتاسیون ۵ سانت دفع مکونیوم مشاهده شد. کدامیک بهترین اقدام در موقع زایمان نوزاد است؟ (ویلیامز) - الف) کلامپ سریع بند ناف,null,ساکشن ترشحات دهان و حلق,اینتوباسیون اندوتراکئال,درخواست حضور متخصص اطفال,
fellowship_maternal_fetal_1403.jsonl,OBGYN-1403-CAT-043,به علت آتونی رحم پس از زایمان چند واحد پکد سل تزریق می‌شد. در عرض ۶ ساعت بعد از شروع رترانسفوزیون دچار تنگی نفس شدید و افت سچوریشن در حد ۸۰٪ می‌شود. محتمل‌ترین تشخیص کدام است؟ (ویلیامز) - الف) عفونت,null,تزریق خون ناسازگار,TRALI (transfusion related acute lung injury),TACO (transfusion associated circulatory overload),
fellowship_maternal_fetal_1403.jsonl,OBGYN-1403-CAT-044,کدام یک از موارد زیر جزء اندیکاسیون‌های سزارین نمی‌باشد؟ (ویلیامز) - الف) permanent cerclage,null,HPV infection,invasive cervical-cancer,cerebral aneurysm,
fellowship_maternal_fetal_1403.jsonl,OBGYN-1403-CAT-045,کدام مورد مانع از تعویق ۴۸ ساعته ختم بارداری جهت دریافت کورتیکواستروئید در پره‌اکلامپسی شدید می‌شود؟ - محدودیت رشد جنین (IUGR) - اولیگوهیدرامنیوس - درد پایدار اپی‌گاستر - داپلر معکوس شریان نافی,null,null,null,null,
fellowship_maternal_fetal_1403.jsonl,OBGYN-1403-CAT-046,در مورد زن کارگر کارخانه رنگ‌سازی با سابقه یک فرزند معلول، کدام گزینه در مشاوره قبل از بارداری غلط است؟ - انجام اندازه‌گیری سطح سرب خون - درمان با شلاتور در صورت بالا بودن سطح سرب خون - تراتوژن بودن سرب با هر دوزی - مشخص کردن منبع سرب و اجتناب از تماس,null,null,null,null,
fellowship_maternal_fetal_1403.jsonl,OBGYN-1403-CAT-048,خانم باردار در تریمستر دوم با کوریوامنیونیت، تنگی نفس، تاکی‌پنه و کاهش اشباع اکسیژن بستری شده است. محتملترین تشخیص کدام است؟ - ادم ریوی - آمبولی مایع آمنیوتیک - شوک سپتیک - آمبولی ریوی,null,null,null,null,
fellowship_maternal_fetal_1403.jsonl,OBGYN-1403-CAT-049,خانم باردار G2 P1 با سابقه زایمان زودرس قبلی در هفته ۳۰ بارداری مراجعه کرده است. طول سرویکس ۲۴ میلی‌متر و مصرف پروژسترون واژینال ۴۰۰mg ذکر می‌کند. مناسبترین اقدام کدام است؟ - سرکلاژ - افزایش دوز پروژسترون - تزریق هفتگی پروژسترون (OHPC-17) - انجام سونوگرافی هفتگی,null,null,null,null,
fellowship_maternal_fetal_1403.jsonl,OBGYN-1403-CAT-050,در بیمار ۶۰ ساله کاندید هیسترکتومی واژینال برای جلوگیری از عود انتروسل، کدام اقدام همزمان با جراحی کمک کننده است؟ - ترمیم رکتوسل - Plication فاشیای خلفی - مک کال کلدوپلاستی (McCall culdoplasty) - فیکساسیون لیگامان ساکرو اسپاینوس,null,null,null,null,
fellowship_maternal_fetal_1403.jsonl,OBGYN-1403-CAT-051,خانم باردار ۳۸ هفته با دردهای زایمانی، دیلاتاسیون ۶-۷ سانتی‌متر، Station=0، و نمای جنین Face با منتوم خلفی (Mentum posterior). اقدام صحیح کدام است؟ - سزارین - چرخش منتوم به قدام - تحت نظر جهت پیشرفت زایمان خودبخودی - استفاده از فورسپس جهت زایمان,null,null,null,null,
fellowship_maternal_fetal_1403.jsonl,OBGYN-1403-CAT-052,خانم باردار ۲۹ هفته با 36cm AFI بدلیل تنگی نفس، کاندید آمینوریداکشن می‌باشد. گزینه صحیح را انتخاب نمایید؟ - تخلیه مایع حداکثر ۲۰۰-۵۰۰ میلی‌لیتر در هر نوبت - در صورت نیاز به تکرار تخلیه روزانه - تخلیه مایع تا رسیدن AFI به ۲۵ سانتی‌متر - تخلیه سریع مایع طی ۲-۵ دقیقه,null,null,null,null,
fellowship_maternal_fetal_1403.jsonl,OBGYN-1403-CAT-053,خانم باردار با BMI=32، حامله با IVF در هفته ۳۰ بارداری جهت مراقبت پریناتال مراجعه کرده است. بیماری زمینه‌ای ندارد. کدام مطلب صحیح است؟ - انجام سونوگرافی رشد و AFI در هفته ۳۲ - شروع تست‌های سلامت جنین از هفته ۳۶ - شمارش حرکات جنین توسط مادر از هفته ۳۶ - NST هفتگی از همینک,null,null,null,null,
fellowship_maternal_fetal_1403.jsonl,OBGYN-1403-CAT-054,خانم باردار ۳۱ هفته به علت دردهای زایمانی بستری شده است. مصرف کدامیک از موارد زیر، ریسک IVH (Intraventricular Hemorrhage) را در نوزاد کاهش می‌دهد؟ - کورتیکواستروئید - سولفات منیزیم - فنوباربیتال - ویتامین E,null,null,null,null,
fellowship_maternal_fetal_1403.jsonl,OBGYN-1403-CAT-055,خانم باردار در هفته ۳۴ بارداری به علت کاهش حرکت مراجعه کرده است. سونوگرافی انجام شده و NST همان روز نرمال است. وزن جنین و مایع آمنیوتیک نرمال است. در NST افت متغیر به مدت ۴۰ ثانیه در عرض ۳۰ دقیقه ثبت شده است. اقدام بعدی کدام است؟ - ختم بارداری - BPP - داپلر سونوگرافی عروق جنینی - تست استرس (NST),null,null,null,null,
fellowship_maternal_fetal_1403.jsonl,OBGYN-1403-CAT-056,خانم باردار ۱۸ هفته که با تشخیص ریفلاکس گاسترو ازوفاژیال به درمان با آنتی اسید پاسخ نداده است. درمان مناسب کدام است؟ - درمان با پنتوپرازول ۲۰ میلی‌گرم برای ۱۰ هفته - درمان با لانزوپرازول ۱۵ میلی‌گرم روزانه، ۸ هفته - امپرازول ۲۰ میلی‌گرم روزانه تا هفته ۳۹ بارداری - سایمتیدین ۴۰۰ میلی‌گرم دو بار در روز برای ۸ هفته,null,null,null,null,
fellowship_maternal_fetal_1403.jsonl,OBGYN-1403-CAT-057,کدام یک از آزمایشات زیر باید در هفته ۲۵ تا ۲۸ بارداری در مراقبت‌های پره‌ناتال روتین درخواست شود؟ - الف) چک هموگلوبین و هماتوکریت,null,غربالگری آنتی‌بادی,کشت ادرار,کشت رکتوواژینال استرپتوکوک گروه B,
fellowship_maternal_fetal_1403.jsonl,OBGYN-1403-CAT-061,خانمی حامله در سن ۱۲ هفته برای غربالگری آنیوپلوئیدی، cell-free DNA (cfDNA) را انجام می‌دهد ولی جواب «نامشخص» (no-call) گزارش می‌شود. اقدام بعدی چیست؟ - الف) تکرار آزمایش cfDNA یک هفته بعد,null,سونوگرافی هدفمند و آنومالی اسکن دقیق,انجام آمنیوسنتز,انجام غربالگری براساس آنالیزهای سرم,
fellowship_maternal_fetal_1403.jsonl,OBGYN-1403-CAT-062,خانم ۳۶ ساله با تشخیص کانسر سرویکس که خواهان حفظ باروری است، کاندید جراحی می‌باشد. کدام اقدام تشخیصی قبل از عمل جهت تصمیم‌گیری برای انجام تراکلکتومی و بررسی درگیری internal os در این بیمار پیشنهاد می‌شود؟ - الف) Transvaginal Sonography (TVS),null,PET scan,MRI with gadolinium contrast,CT with contrast,
fellowship_maternal_fetal_1403.jsonl,OBGYN-1403-CAT-063,بیمار خانم ۳۰ ساله دیابتیک با سابقه مشکوک به هپاتیت B در سن حاملگی ۱۰ هفته مراجعه کرده است. در ارزیابی آزمایشات سرونگاتیو می‌باشد. کدامیک از موارد زیر صحیح است؟ - الف) تکرار آزمایش یک ماه بعد,null,تجویز واکسن هپاتیت B به مادر,تجویز ایمونوگلوبولین HBV به مادر,بدون اقدام خاص,
fellowship_maternal_fetal_1403.jsonl,OBGYN-1403-CAT-064,بیمار خانم ۶۵ ساله بعلت کانسر اندومتر تحت جراحی قرار گرفته است. سابقه دلیریوم بدنبال جراحی تعویض مفصل در سال گذشته دارد. برای پیشگیری از دلیریوم بعد از جراحی اقدام مناسب کدام است؟ - الف) تجویز هالوپریدول ۲۴ ساعت اول,null,تحرک زودرس بیمار,تجویز میدازولام ۲۴ ساعت اول,کاهش روشنایی اتاق در طول روز,
fellowship_maternal_fetal_1403.jsonl,OBGYN-1403-CAT-065,خانم حامله در سن حاملگی ۴۱ هفته و سه روز جهت زایمان بستری می‌شود. انقباضات رحم نامناسب است و Bishop Score=2 دارد. آمنیوتومی انجام می‌شود و مایع آغشته به مکونیوم غلیظ است. بهترین روش اداره این زایمان چیست؟ - الف) آماده‌سازی دهانه رحم با استفاده از میزوپروستول,null,شروع اینداکشن با اکسی‌توسین,یک ساعت مانیتورینگ و سپس شروع اکسی‌توسین,سزارین,
fellowship_maternal_fetal_1403.jsonl,OBGYN-1403-CAT-066,خانم ۳۶ ساله بعلت دیسپارونی عمقی شدید مقاوم به درمان مدیکال تحت جراحی لاپاراسکوپی قرار گرفته است. حین جراحی رحم رتروورسه و آندومتریومای ۵ سانتی‌متری یک طرفه تخمدان و ندول‌های اندومتریوز عمقی کف لگن در یوتروساکرال و کلدوساک مشاهده می‌شود. علاوه بر جراحی استاندارد اندومتریوز و حذف کامل ضایعات، کدام تکنیک جراحی در بهبود درد بیمار مؤثر است؟ - الف) نورکتومی پره ساکرال,null,ساسپنشن رحم,اوفورکتومی یکطرفه,قطع لیگامان یوتروساکرال,
fellowship_maternal_fetal_1403.jsonl,OBGYN-1403-CAT-088,خانمی با حاملگی دوقلویی منوکوریون دی‌آمنیون با سن حاملگی ۲۴ هفته با سونوگرافی مبنی بر وجود پلی‌هیدرامنیوس در یک قل و اولیگوهیدرامنیوس همراه با پره رویت مثانه در قل دیگر به درمانگاه پریناتال مراجعه کرده است. با توجه به یافته‌های فوق اقدام ارجح کدام است؟ (ویلیامز) - الف) لیزر ابلیشن عروق آناستوموزی,null,سلکتیو فتال ریداکشن (Selective fetal reduction),آمنیوریداکشن سریال (Serial amnio-reduction),سپتوستومی (Septostomy),
fellowship_maternal_fetal_1403.jsonl,OBGYN-1403-CAT-089,خانمی Y ساله G1 ساعت‌ها بعد از زایمان واژینال دچار علائم فشار لگنی همراه با درد و ناتوانی در ادرار کردن شده است. اقدام مناسب کدام است؟ (ویلیامز) - الف) تشویق بیمار به ادرار کردن از طریق شستشوی پرینه,null,معاینه واژن و پرینه از نظر هماتوم,سونوگرافی رحم و مثانه,قطع اکسی‌توسین,
fellowship_maternal_fetal_1403.jsonl,OBGYN-1403-CAT-091,خانمی ۵ ساله G2P1 مبتلا به SLE که فرزند اول وی دچار لوپوس نوزادی بوده است جهت کاهش ریسک لوپوس نوزاد در بارداری دوم مناسب‌ترین درمان کدام است؟ (ویلیامز) - الف) سیکلوسپورین (Cyclosporine),null,هیدروکسی‌کلروکین (Hydroxychloroquine),آزاتیوپرین (Azathioprine),کورتیکواستروئید (Corticosteroid),
fellowship_maternal_fetal_1403.jsonl,OBGYN-1403-CAT-092,خانمی با حاملگی ترم در حال زایمان توسط EMS به اورژانس زنان آورده می‌شود. در معاینه پرزانتاسیون فرانک بریچ بوده و تنه در حال خروج از واژن می‌باشد. حین کمک به زایمان پشت جنین به سمت سمفیز پویس نمی‌چرخد. کدام یک از مانورهای زیر جهت زایمان پیشنهاد می‌شود؟ (ویلیامز) - الف) PINARD,null,Mauriceau,Modified Prague,Lovset’s,
fellowship_maternal_fetal_1403.jsonl,OBGYN-1403-CAT-093,خانمی ۲۵ ساله G2P2 بعد از سزارین با بی‌حسی نخاعی با شکایت از سردرد شدید در وضعیت ایستاده و نشسته که در حالت خوابیده بهبود می‌یابد، مراجعه کرده است. کدام درمان بیشترین کارایی را دارد؟ (ویلیامز) - الف) تجویز NSAID,null,تجویز کافئین,استفاده از پچ خونی اپیدورال,مایع درمانی وریدی,
fellowship_maternal_fetal_1403.jsonl,OBGYN-1403-CAT-095,خانمی با حاملگی ۲۰ هفته جهت آنومالی اسکن مراجعه و در بررسی انجام شده، جنین مونث بوده، مثانه و قسمت پروگزیمال پیشابراه متسع است. اولیگوهیدرامنیوس شدید دارد. با توجه به یافته‌های فوق انجام کدامیک از اقدامات زیر توصیه می‌شود؟ (ویلیامز) - الف) وزیکوسنتز سریالی (Serial vesicocentesis),null,شانت وزیکوآمنیوتیک (Vesicoamniotic shunt),آمنیواینفیوژن سریالی (Serial amnioinfusion),مراقبت روتین بارداری,
fellowship_maternal_fetal_1403.jsonl,OBGYN-1403-CAT-097,بیماری به علت متریت پس از سزارین تحت درمان با آنتی‌بیوتیک تزریقی بوده اما علیرغم درمان، تب وی پس از ۷۲ ساعت کماکان ادامه داشته و در معاینه اندوریشن در پارامتر سمت چپ رحم همراه با لمس توده سفت بدون فلوکچویشن در سپتوم رکتوم واژینال در خلف سرویکس دارد: مناسبترین اقدام درمانی چیست؟ (ویلیامز) - الف) کولپوتومی همراه با درناژ,null,لاپاراتومی و درناژ توده و بافت‌های نکروتیک,شروع هپارین درمانی,ادامه آنتی‌بیوتیک وسیع‌الطیف وریدی,
fellowship_maternal_fetal_1403.jsonl,OBGYN-1403-CAT-098,کدام تشخیص محتمل‌تر است؟ (ویلیامز) بیمار با سطح فریتین افزایش یافته و آنمی مراجعه کرده است. الف) آنمی در اثر بیماری مزمن,null,پدیده فیزیولوژیک بارداری,کم خونی فقر آهن,آنمی مگالوبلاستیک,
fellowship_maternal_fetal_1403.jsonl,OBGYN-1403-CAT-099,کدام اقدام صحیح است؟ (ویلیامز) بیمار ۳۲ ساله GIPILI بعلت ادامه خونریزی واژینال بعد از زایمان مراجعه کرده، بیمار فرزند ۶ماهه ماحصل زایمان طبیعی دارد. در معاینه رحم در حد ۶ هفته و نرم به دست می‌خورد و توده بنفش رنگ ۱ سانتی‌متری نیز در لترال راست واژن مشهود است. B-HCG در حد 187000 mIU/mL گزارش شده و در سونوگرافی توده ۴-۳ سانتی‌متر وسکولار داخل رحم دارد. الف) بیوپسی از توده واژینال جهت بررسی پاتولوژی,null,شیمی درمانی با متوتروکسات,کورتاز رحم و شیمی درمانی,شیمی درمانی ترکیبی,
fellowship_maternal_fetal_1403.jsonl,OBGYN-1403-CAT-100,کدام مورد در ادامه زندگی این نوزاد دیده می‌شود؟ (ویلیامز) نوزاد دختر با کوآرکتاسیون آئورت، کلیه نعل اسبی و لنف ادم مادرزادی متولد شده است. الف) عقب ماندگی ذهنی,null,اختلال رشد,بلوغ زودرس,تأخیر تکامل زبانی,
fellowship_maternal_fetal_1403.jsonl,OBGYN-1403-CAT-102,خانم ۳۲ ساله با سن بارداری ۳۱ هفته با شکایت سردردهای میگرنی، تحت درمان دارویی است. کدام یک از داروهای زیر باید قطع شود؟ (ویلیامز) الف) NSAIDs,null,Triptans,Ondansetron,Metoclopramide,
fellowship_maternal_fetal_1403.jsonl,OBGYN-1403-CAT-103,در هنگام زایمان ابزاری کدام مورد زیر توصیه می‌شود؟ (ویلیامز) الف) تخلیه مثانه,null,اپیزیوتومی دوطرفه,تجویز آنتی‌بیوتیک پروفیلاکتیک,زور زدن مادر در هنگام کرائینگ سر,
fellowship_maternal_fetal_1403.jsonl,OBGYN-1403-CAT-105,خانم ۳۲ ساله که ۳ روز قبل زایمان طبیعی نموده با درد گهگاهی هیپوگاستر مراجعه می‌کند. علائم ادراری، تهوع و استفراغ ندارد. از ۱۲ ساعت قبل از زایمان کیسه آب پاره بوده است. در معاینه علائم حیاتی نرمال است. فوندوس در حد ۱۶ هفته با قوام سفت و خونریزی در حد طبیعی می‌باشد و رحم تندرنس واضحی ندارد. در معاینه سرویکس ۱ Finger است و معاینه سیستمیک SG مثبتی ندارد. کدام اقدام در این بیمار صحیح می‌باشد؟ (ویلیامز) الف) تجویز متیل ارگونوین,null,تجویز آنتی‌بیوتیک خوراکی,سونوگرافی برای رد بقایای جفتی,اقدام خاصی نیاز ندارد,
fellowship_maternal_fetal_1403.jsonl,OBGYN-1403-CAT-106,خانم ۲۸ ساله با سن بارداری ۸ هفته مراجعه کرده است. بیمار سابقه نارسایی کلیه دارد و تحت درمان با دیالیز صفاقی ۳ بار در هفته است. پس از مشاوره با بیمار، او خواهان ادامه بارداری است. کدامیک از موارد زیر توصیه می‌شود؟ (ویلیامز) الف) افزایش دفعات دیالیز به ۵ بار در هفته,null,شروع رژیم غذایی کمپروتئین,تبدیل دیالیز صفاقی به همودیالیز,تجویز مولتی ویتامین با نصف دوز,
fellowship_maternal_fetal_1403.jsonl,OBGYN-1403-CAT-107,خانم باردار ۲۰ هفته با درد شکم مراجعه و با تشخیص آپاندیسیت حاد کاندید لاپاروسکوپی می‌باشد. کدام جمله در مورد نحوه انجام لاپاروسکوپی در این بیمار صحیح است؟ (ویلیامز) الف) مادر در وضعیت نیمه به پهلو بخوابد.,null,فشار داخل شکم در حد ۲۰ میلی‌متر جیوه حفظ شود.,ورود تروکار از LUQ انجام شود.,به منظور دید بهتر تخلیه روده انجام شود.,
fellowship_maternal_fetal_1403.jsonl,OBGYN-1403-CAT-117,پیشگیری از چسبندگی مجدد در خانمی ۳۵ ساله با سابقه ۳ بار سقط که به علت آشرمن و وجود باندهای چسبندگی شدید و آمنوره تحت عمل هیستروسکوپی قرار گرفته است، کدامیک از روش‌های زیر برای پیشگیری از چسبندگی مجدد توصیه می‌شود؟ * الف) OCP,null,هورمون درمانی با IUD میرنا,اسید هیالورونیک,هورمون درمانی,
fellowship_maternal_fetal_1403.jsonl,OBGYN-1403-CAT-118,درمان عفونت کلامیدیایی خانمی ۳۰ ساله با سن حاملگی ۲۵ هفته به دلیل آرتریت واکنشی، اورتریت و سرویسیت موکوسی-چرکی مراجعه کرده است. تست تقویت اسید نوکلئیک در نمونه اولین قسمت ادرار مثبت است. درمان مناسب کدام است؟ * الف) آزیترومایسین,null,داکسی سایکلین,اریترومایسین استولات,سیپروفلوکساسین,
fellowship_maternal_fetal_1403.jsonl,OBGYN-1403-CAT-119,اقدام درمانی برای CIN 1 خانم ۴۵ ساله نولی‌گراوید برای اولین بار Co-test انجام می‌دهد. HPV 16 مثبت و پاپ اسمیر نرمال است. کولپوسکوپی رضایت‌بخش بوده و در بیوپسی، سلول‌های نابالغ و میتوز در یک سوم تحتانی اپیتلیوم گزارش می‌شود. اقدام بعدی کدام است؟ * الف) LEEP,null,Cold Knife Conization,Co-test سال آینده,غربالگری روتین,
fellowship_maternal_fetal_1403.jsonl,OBGYN-1403-CAT-126,کمک کننده در برنامه‌ریزی درمان پرولاپس خانم ۶۹ ساله به دلیل stage IV پرولاپس از ۱ سال قبل و سابقه بیماری قلبی و تمایل به درمان کنسرواتیو، کاندید جراحی کولپوکلایزیس می‌باشد. تست‌های غربالگری را تاکنون کامل انجام داده است. در سونوگرافی همراه ضخامت آندومتر ۱۰ میلی‌متر گزارش شده است. کدام مورد در برنامه‌ریزی درمانی این بیمار کمک کننده است؟ * الف) پاپ اسمیر,null,MRI,D&C در زمان جراحی کلپوکلایزیس,سونوگرافی ترانس واژینال,
fellowship_maternal_fetal_1403.jsonl,OBGYN-1403-CAT-127,اقدام ارجح برای AGC-NOS خانم ۳۹ ساله با سابقه یک نوبت سزارین به دلیل خونریزی بعد از نزدیکی مراجعه کرده است. در سیتولوژی AGC-NOS (Atypical Glandular Cells-Non Otherwise Specified) گزارش شده است. اقدام ارجح کدام است؟ * الف) انجام تست HPV,null,کولپوسکوپی و همزمان تست HPV,کورتاژ اندوسرویکال به همراه کولپوسکوپی,کورتاژ آندومتر اندوسرویکس و کولپوسکوپی,
fellowship_maternal_fetal_1403.jsonl,OBGYN-1403-CAT-128,نوزاد ترم بعد از تولد HR: 110 دارد و علیرغم اقدامات اولیه احیاء شامل گرم کردن، خشک کردن و تحریک کردن همچنان تنفس دشوار دارد. اقدام بعدی کدام است؟ الف) انتوباسیون,null,تهویه با فشار مثبت,مدنظر قرار دادن CPAP,ادامه خشک کردن و پاک کردن ترشحات,
fellowship_maternal_fetal_1403.jsonl,OBGYN-1403-CAT-130,بیمار خانم باردار ۳۳ ساله با سن بارداری ۱۹ هفته و سابقه یک نوبت سزارین و یک نوبت کورتاژ تخلیه‌ای مراجعه کرده است. سابقه بیماری خاصی ندارد. در سونوگرافی آنومالی، جفت پرویا گزارش شده است و در بررسی اکتروکاردیوگرافی (ECG) آنومالی مشاهده نمی‌شود. در حال حاضر خونریزی واژینال ندارد. با توجه به موقعیت فعلی جفت، تکرار اولین سونوگرافی بعدی در چه سنی از بارداری توصیه می‌شود؟ الف) ۲۴ هفتگی,null,۲۸ هفتگی,۲۲ هفتگی,۳۶ هفتگی,
fellowship_maternal_fetal_1403.jsonl,OBGYN-1403-CAT-133,یکی از یافته‌های آزمایشگاهی زیر با احتمال بروز Superimposed preeclampsia همراه است؟ الف) افزایش هورمون گنادوتروپین جفتی انسانی (hCG),null,افزایش PAPP-A,کاهش sFlt-1,کاهش PlGF,
fellowship_maternal_fetal_1403.jsonl,OBGYN-1403-CAT-134,بیمار خانم ۳۲ ساله با سابقه ۳ نوبت سقط زیر ۱۰ هفته جهت مشاوره قبل از بارداری مراجعه کرده است؛ در بررسی‌های انجام شده Anticardiolipin IgG بالا گزارش شده است و بیمار سابقه ترومبو آمبولیسم ندارد. اقدام مناسب بعدی کدام است؟ الف) تکرار تست ۱۲ هفته بعد,null,شروع آسپرین بلافاصله,شروع آسپیرین به محض تست مثبت بارداری,شروع LMWH با رویت حاملگی داخل رحمی,
fellowship_maternal_fetal_1403.jsonl,OBGYN-1403-CAT-186,خانم PA ساله، G2L2، چهار ساعت پس از زایمان طبیعی دفع ادرار نداشته است. وزن نوزاد ۴ کیلوگرم بوده. سابقه بیماری خاصی ندارد. اولین اقدام مناسب کدام است؟ - الف) سونوگرافی جهت تعیین حجم ادرار باقیمانده,null,قرار دادن کاتتر برای ۲۴ ساعت در اسرع وقت,معاینه از نظر هماتوم پرینه و واژینال,تخلیه مثانه با کاتتر و تحت نظر گرفتن,
fellowship_maternal_fetal_1403.jsonl,OBGYN-1403-CAT-188,خانم ۵۹ ساله با تشخیص کانسر آندومتر نوع آندومترویید، Early Stage مراجعه کرده است. گزینه صحیح کدام است؟ - الف) هیسترکتومی و مرحله‌بندی,null,هیسترکتومی و برداشتن تخمدان‌ها و مرحله‌بندی,درمان دارویی با پروژسترون,هیسترکتومی و بیوپسی از تخمدان‌ها و مرحله‌بندی,
fellowship_maternal_fetal_1403.jsonl,OBGYN-1403-CAT-192,خانمی به دنبال ترمیم اپیزیوتومی دچار عفونت محل پرینه شده است. کدام یک از آنتی‌بیوتیک‌های زیر را تجویز می‌کنید؟ - الف) سفالوسپورین,null,سفالوسپورین + مترونیدازول,کلیندامایسین,کلیندامایسین + جنتامایسین,
fellowship_maternal_fetal_1403.jsonl,OBGYN-1403-CAT-193,در کدام یک از موارد، حاملگی با پرزنتاسیون بریچ ترجیحاً سزارین انجام شود؟ - الف) وزن جنین حدود ۲۵۰۰ گرم,null,پلی هیدرآمنیوس,وزن جنین ۲۳۰۰ گرم,پرزنتاسیون بریچ کامل,
fellowship_maternal_fetal_1403.jsonl,OBGYN-1403-CAT-195,خانم باردار با بی‌اختیاری مدفوعی/مقعدی تحت معاینه پری‌آنال قرار می‌گیرد. در معاینه dovetail sign وجود دارد. این علامت دلالت بر کدام آسیب زیر دارد؟ - الف) آسیب عصب پودندال,null,گسیختگی اسفنکتر داخلی,پارگی اسفنکتر خارجی آنال,پارگی اسفنکتر داخلی آنال,
fellowship_maternal_fetal_1403.jsonl,OBGYN-1403-CAT-196,- شاخه Sl ly شریان رحمی چه نام دارد؟ - الف) شریان مدیال,null,شریان اینفریور رکتال,شریان اینترنال پودندال,شریان آزیگوس واژن,
fellowship_maternal_fetal_1403.jsonl,OBGYN-1403-CAT-197,اولین اقدام پس از پارگی مخاط واژن حین عمل اسلینگ - خانمی ۶۴ ساله با شکایت از stress urinary incontinence تحت عمل اسلینگ میداور ترال ترانساوبتراتور (TOT) قرار می‌گیرد. حین عمل پس از گذاشتن مش متوجه پارگی در مخاط واژن می‌شویم. اولین اقدام کدام است؟ - الف) TOT for تبدیل به مینی اسلینگ,null,تبدیل عمل POS به TOT,عبور تروکار از Glad عمیق‌تر در دیواره واژن,ادامه جراحی و ترمیم پارگی مخاط واژن,
fellowship_maternal_fetal_1403.jsonl,OBGYN-1403-CAT-199,نیاز به بررسی یورودینامیک قبل از جراحی بی‌اختیاری ادرار - خانمی ۵۰ ساله با شکایت بی‌اختیاری ادرار Cael po نموده است. در چه صورت نیاز به بررسی یورودینامیک قبل از اقدام به جراحی می‌باشد؟ - الف) بی‌اختیاری ادراری مختلط با ارجحیت استرس,null,باقیمانده ادرار ۲۰۰ سیسی,تست سرفه مثبت در معاینه,پرولاپس ارگان لگنی مرحله ۱,
fellowship_maternal_fetal_1403.jsonl,OBGYN-1403-CAT-200,بهترین برش روی رحم در شرایط جنین بزرگ با وضعیت عرضی - خانمی ۲۴ ساله، بارداری اول، با پارگی کیسه آب از ۸ ساعت قبل. در سونوگرافی، جنین با وزن حدود ۴۸۰۰ گرم و وضعیت عرضی گزارش شده است. در معاینه، impacted shoulder دارد. بهترین برش روی رحم در این شرایط کدام است؟ - الف) Low segment,null,Classical cesarean,J-shape,T-shape,
fellowship_maternal_fetal_1403.jsonl,OBGYN-1403-CAT-201,احتمال آنیوپلوئیدی در نقص بالشتک اندوکاردی - در آنومالی اسکن خانم باردار ۳۰ ساله‌ای که غربالگری آنیوپلوئیدی سه ماهه اول انجام نداده است، احتمال ناهنجاری قلبی مطرح و بدنبال آن اکوکاردیوگرافی جنین endocardial cushion defect گزارش شده است. احتمال کدام یک از آنیوپلوئیدی‌های ذیل بیشتر مطرح است؟ - الف) تریزومی ۲۱,null,تریزومی ۱۳,تریزومی ۱۸,تریزومی X,
fellowship_maternal_fetal_1403.jsonl,OBGYN-1403-CAT-202,داروی توصیه‌شده برای تیروئیدیت پست‌پارتوم - خانمی ۳ ماه پس از زایمان به علت تپش قلب و خستگی مفرط که به طور ناگهانی شروع شده، مراجعه کرده و مشخص شده که دچار تیروئیدیت پست‌پارتوم شده است. تجویز کدام دارو توصیه می‌شود؟ - الف) متی‌مازول,null,ید رادیواکتیو,پروپیل‌تیو‌یوراسیل,پروپرانولول,
fellowship_maternal_fetal_1403.jsonl,OBGYN-1403-CAT-203,اقدام موثر در پیشگیری از زایمان زودرس در بارداری‌های دوقلویی - کدامیک از موارد زیر در پیشگیری از زایمان زودرس در بارداری‌های دوقلویی موثر بوده است؟ - الف) استراحت در بستر,null,تزریق هفتگی 17-OHPC (هیدروکسی پروژسترون کاپروات),تجویز پروفیلاکتیک توکولیتیک‌ها,سرکلاژ براساس وضعیت سرویکس,
fellowship_maternal_fetal_1403.jsonl,OBGYN-1403-CAT-204,خانم بارداری که اندازه رحم حدود PA هفته بارداری است در ICU دچار ایست قلبی ناگهانی شده است. اقدام درست چیست؟ الف) انتقال به اتاق عمل در حین انجام عملیات احیا,null,سزارین پس از ۴ دقیقه از عملیات احیای ناموفق,فشار بر قفسه سینه به میزان حداقل ۱۲۰ بار در دقیقه,یک بار تنفس به ازای هر ۲۰ ماساژ قلبی,
fellowship_maternal_fetal_1403.jsonl,OBGYN-1403-CAT-205,"خانم باردار ۳۴ هفته با شکایت بی‌حالی و تهوع، استفراغ مکرر که از روز قبل شروع شده، مراجعه کرده است. در معاینه فشارخون نرمال و اسکلرا ایکتریک است. آزمایشات به شرح زیر می‌باشد. کدام بیماری بیشتر مطرح است؟ AST = 810 U/L, BS = 68 mg/dL, WBC = 13000 الف) سندروم HELLP",null,کبد چرب غیر الکلی,هپاتیت ویروسی,کبد چرب بارداری,
fellowship_maternal_fetal_1403.jsonl,OBGYN-1403-CAT-206,خانمی ۵۰ ساله مبتلا به سندرم ترنر قصد بارداری دارد و جهت مشاوره قبل بارداری نزد شما آمده است. توضیحات شما در مورد بارداری در ترنر چیست؟ الف) تفاوتی در میزان کلستاز با افراد عادی ندارد.,null,در صورت بارداری میزان سزارین در این افراد بیشتر است.,تفاوتی در میزان پره اکلامپسی و دیابت با افراد عادی ندارد.,این افراد در بارداری بیشتر مستعد نارسایی دریچه سه‌لتی هستند.,
fellowship_maternal_fetal_1403.jsonl,OBGYN-1403-CAT-207,خانمی ۳۰ ساله با بارداری خارج از رحم dita قبل یک دوز متوترکسات دریافت کردند. به دلیل افت مناسب سطح hCG کاندید دریافت دوز دوم می‌باشند. قبل از تجویز دوز دوم چه اقداماتی لازم است؟ الف) نیاز به اقدام خاصی ندارد.,null,چک تست‌های کبدی، کلیوی و CBC,دوز دوم ۱۰۰ میلی‌گرم بر متر مربع سطح بدن,تجویز اسید فولیک لازم است.,
fellowship_maternal_fetal_1403.jsonl,OBGYN-1403-CAT-210,خانم ۲۷ ساله G1D1 در هفته ۳۶ حاملگی با سونوگرافی دال بر بزرگی طحال (حدود +2F بیشتر از نرمال) و کبد نرمال مراجعه کرده است. اقدام بعدی کدام است؟ الف) بررسی از نظر عفونت‌ها مانند مالاریا,null,بررسی از نظر فشار ورید پورتال,بررسی از نظر آنمی,این وضعیت طبیعی است و نیاز به بررسی ندارد,
fellowship_maternal_fetal_1403.jsonl,OBGYN-1403-CAT-211,خانم ۲۱ ساله در فاز دوم زایمانی دچار deceleration مکرر می‌شد. اقدام اولیه صحیح کدام است؟ الف) سزارین,null,قرار دادن مادر در وضعیت lateral decubitus,تجویز مایعات,تجویز توکولیتیک,
fellowship_maternal_fetal_1403.jsonl,OBGYN-1403-CAT-212,وضعیت mentum posterior در مرحله دوم زایمان خانم ۶۵ ساله‌ای در مرحله II زایمان با وضعیت mentum posterior و وزن تخمینی جنین ۳۵۰۰ گرم مواجه هستیم. اقدام صحیح کدام است؟ * الف) اقدام به سزارین,null,زایمان واژینال بدون دستکاری,زایمان واژینال با کمک فورسپس,انجام external rotation,
fellowship_maternal_fetal_1403.jsonl,OBGYN-1403-CAT-213,ادامه درمان آتروفی واژن با کرم استروژن خانم یائسه‌ای به مدت ۶ ماه از کرم استروژن واژینال برای آتروفی واژن استفاده کرده است. برای ادامه درمان چه اقدامی لازم است؟ * الف) اضافه کردن پروژستین به درمان,null,بررسی آندومتر لازم است,می‌تواند درمان را بدون اقدامی ادامه دهد,سطح استروژن خون اندازه‌گیری شود,
fellowship_maternal_fetal_1403.jsonl,OBGYN-1403-CAT-214,آمادگی قبل از هیسترکتومی شکمی خانم ۵۰ ساله‌ای کاندید هیسترکتومی شکمی به دلیل میوم ۱۰ سانتی‌متری و خونریزی است. چه اقدامی پیش از عمل می‌تواند به تسهیل جراحی کمک کند؟ * الف) مصرف OCP مداوم + آهن,null,استفاده از TUD میرنا,مصرف مدروکسی پروژسترون پیش از عمل,تجویز GnRH agonist پیش از عمل,
fellowship_maternal_fetal_1403.jsonl,OBGYN-1403-CAT-215,درمان عفونت حاد توکسوپلاسموز در بارداری خانمی با بارداری ۱۹ هفته، علائم شبیه آنفولانزا و لنفادنوپاتی مراجعه کرده و تشخیص عفونت حاد توکسوپلاسموز داده شده است. درمان ارجح کدام است؟ * الف) اسپیرامایسین و آزیترومایسین,null,پیریمیتامین و سولفادیازین و اسیدفولینیک,اسپیرامایسین و سولفادیازین و آهن,اسپیرامایسین و آزیترومایسین,
fellowship_maternal_fetal_1403.jsonl,OBGYN-1403-CAT-219,مدیریت هماتوم ولو پس از زایمان خانم ۲۲ ساله‌ای بلافاصله بعد از زایمان دچار هماتوم ۱۵ سانتی‌متری در ناحیه ولو شده است. اقدام مناسب کدام است؟ * الف) جراحی و تخلیه هماتوم,null,کمپرس سرد و مسکن,آنتی‌بیوتیک و پانسمان فشاری,کارگذاری کتتر تحت گاید سونوگرافی,
fellowship_maternal_fetal_1403.jsonl,OBGYN-1403-CAT-220,یافته‌های آزمایشگاهی یک روز پس از زایمان در بررسی آزمایشات یک روز بعد از زایمان، WBC: 22000، Hb: 11.2، PLT: 460000 گزارش شده است. اقدام شما چیست؟ * الف) مشاوره هماتولوژی جهت رد بدخیمی خونی,null,مشاوره عفونی,تهیه لام خون محیطی,پس از زایمان این یافته‌ها طبیعی است,
fellowship_maternal_fetal_1403.jsonl,OBGYN-1403-CAT-221,مدیریت بارداری با وازوپرویا و سرویکس کوتاه خانمی باردار در هفته ۳۴ بارداری، با سونوگرافی واژینال که عروق جنینی در پرده‌ها و سرویکس کوتاه را نشان می‌دهد، مراجعه کرده است. کدام یک از موارد زیر در مورد مدیریت این بیمار صحیح است؟ * الف) استراحت مطلق در بستر,null,بستری کردن بیمار و تجویز بتامتازون,سزارین الکتیو در ۳۸ هفتگی,توصیه به کلامپ کردن تأخیری بند ناف,
fellowship_maternal_fetal_1403.jsonl,OBGYN-1403-CAT-222,تکمیل غربالگری آنوپلوئیدی در بارداری با سابقه فرزند داون خانمی باردار ۳۲ ساله با سابقه یک فرزند مبتلا به داون، در هفته ۱۵ بارداری جهت مشاوره غربالگری مراجعه کرده است. سونوگرافی NT نرمال بوده و غربالگری مرحله اول ۱/۶۰ گزارش شده است. کدام یک از موارد زیر جهت تکمیل غربالگری توصیه می‌شود؟ * الف) Cell free DNA (غربالگری یکپارچه),null,Integrated test (غربالگری یکپارچه),Sequential (غربالگری متوالی),Contingent (غربالگری مداوم مبتنی بر احتمال),
fellowship_maternal_fetal_1403.jsonl,OBGYN-1403-CAT-223,مدیریت نقص کامل ضخامت دیواره شکم جنین در سونوگرافی آنومالی، نقص کامل ضخامت دیواره شکم جنین مشاهده شده و روده‌ها داخل آمنیون شناور هستند. کدام یک از موارد زیر در مورد تشخیص و مدیریت این نقص جنینی صحیح است؟ * الف) در سه ماهه اول قابل تشخیص نبوده است,null,در مادران مسن‌تر دیده می‌شود,قویاً آمنیوسنتز توصیه می‌شود,سریال سونوگرافی جهت رشد جنین توصیه می‌شود,
fellowship_maternal_fetal_1403.jsonl,OBGYN-1403-CAT-245,خانم ۴۰ ساله به دلیل SCC سرویکس تحت جراحی رادیکال هیسترکتومی تیپ II قرار گرفته است. روز سوم بعد از عمل که فولی خارج شده است، در ۲ بار بررسی حجم ادرار دفع شده 200cc و حجم ادرار باقیمانده 60cc بوده است. اقدام مناسب جهت این بیمار کدام است؟ - الف) مرخص کردن بیمار بدون فولی کاتتر,null,فیکس کردن کاتتر فولی برای یک هفته آینده,استفاده از کاتتر توسط بیمار,تجویز دارو جهت کمک به تخلیه مثانه,
fellowship_maternal_fetal_1403.jsonl,OBGYN-1403-CAT-246,خانم بارداری ۱۰ هفته با شکایت لکه‌بینی مراجعه نموده است. در پاپ اسمیر سه هفته قبل Fragile گزارش شده است. در معاینه توده کوچک پولیپ شکل، قرمز و شکننده در دهانه سرویکس دیده می‌شود. اقدام صحیح چیست؟ - الف) برداشتن توده سرویکس با رینگ فورسپس در مطب,null,برداشتن توده سرویکس با کوتر در اتاق عمل,بررسی بیشتر بیمار با انجام ECC,فالوآپ و بررسی ۴ هفته بعد,
fellowship_maternal_fetal_1403.jsonl,OBGYN-1403-CAT-278,خانمی با پرزانتاسیون بریچ در حال زایمان است. پشت جنین به سمت سمفیز نچرخیده است. پزشک با استفاده از دو انگشت یک دست خود، شانه‌های جنین را که پشت وی به سمت پایین است از زیر می‌گیرد و با استفاده از دست دیگر خود پاهای جنین را روی شکم مادر به سمت بالا می‌کشد. کدام مانور در این فرد انجام شده است؟ * الف) مانور تعدیل شده پراگ,null,مانور براخت,مانور زاوانلی,مانور مک‌رابرتز,
fellowship_maternal_fetal_1403.jsonl,OBGYN-1403-CAT-297,خانمی باردار بدلیل پتوز، دوبینی و احساس ضعف عضلات صورت توام با دشواری در صحبت کردن و بلع مراجعه کرده است. اولین خط درمان کدام است؟ - الف) متیل پردنیزولون وریدی,null,پیریدوستیگمین خوراکی,دوز بالای IVIG,تعویض پلاسما,
fellowship_maternal_fetal_1403.jsonl,OBGYN-1403-CAT-298,۱- خانمی بدلیل متریت پس از سزارین بستری و تحت درمان با آنتی‌بیوتیک وریدی قرار گرفته و از ۲۴ ساعت قبل تب وی قطع شده است. جهت ادامه درمان کدام گزینه صحیح است؟ - الف) ادامه آنتی‌بیوتیک وریدی تا ۲۴ ساعت,null,Sign out و تحت نظر تا ۲۴ ساعت,ترخیص با ادامه آنتی‌بیوتیک خوراکی,ترخیص بدون نیاز به درمان آنتی‌بیوتیک,
fellowship_maternal_fetal_1403.jsonl,OBGYN-1403-CAT-299,"خانمی ۳۰ ساله که ۲ روز قبل زایمان کرده است را ویزیت می‌کنیم. در معاینه شکم نرم و رحم جمع بوده و خون‌ریزی فعال ندارد. ملتحمه مختصری Pale است اما بیمار هیچگونه شکایتی ندارد. در آزمایشات: Hb=7g/dL, HCT=22%, PLT=130,000. علائم حیاتی بیمار به شرح زیر است: BP=100/60, PR=86. برای این بیمار درمان مناسب کدام است؟ - الف) تزریق یک واحد پک سل",null,آهن تزریقی,آهن خوراکی,اریتروپویتین نوترکیب,
fellowship_maternal_fetal_1403.jsonl,OBGYN-1403-CAT-300,"خانمی ۳۰ ساله با شکایت از نداشتن شیر مراجعه کرده است. ۲۰ روز قبل زایمان سخت و خونریزی شدید را ذکر می‌کند. در آزمایشات انجام شده PLT=240,000, FBS=62mg/dL, TSH=2.8ng/mL گزارش شده است. علائم حیاتی به شرح زیر است: BP=80/50 mmHg, PR=120/min. کدامیک از اقدامات زیر بایستی در اسرع وقت انجام شود؟ - الف) ارزیابی عملکرد آدرنال",null,ارزیابی پرولاکتین,تجویز هورمون‌های تیروئید,تجویز استروژن و پروژسترون,
fellowship_maternal_fetal_1403.jsonl,OBGYN-1403-CAT-301,خانمی ۳۰ ساله پرایمی‌گراوید با حاملگی ۳۲ هفته به علت ضایعات پوستی خارش‌دار که از یک ماه قبل شروع شده مراجعه نموده است. در معاینه پلاک‌های کهیری اریتماتو در شکم و اطراف ناف و روی هر دو دست مشاهده می‌شود که در برخی نواحی با تاول همراه است. بیمار اظهار می‌دارد که با مصرف کورتون موضعی و آنتی‌هیستامین خوراکی اصلاً بهبودی نداشته است. درمان مناسب کدام است؟ - الف) پردنیزولون خوراکی,null,پلاسمافرز,سیکلوسپورین,اینفلیکسیماب,
fellowship_maternal_fetal_1403.jsonl,OBGYN-1403-CAT-313,شب گذشته جنینی ۲۸ هفته به ظاهر سالم و فاقد ضربان قلب متولد شده است. جهت ارزیابی علت stillbirth، کدامیک از اقدامات زیر ارجح است؟ * الف) karyotype,null,chromosomal micro array,QF-PCR,whole exome sequencing,
fellowship_maternal_fetal_1403.jsonl,OBGYN-1403-CAT-314,خانم ۲۵ ساله، بدون بیماری زمینه‌ای و با فشار خون نرمال، کاندید آنالژزی اپیدورال می‌باشد. وی به دنبال تزریق داروی بی‌حس کننده موضعی دچار تشنج و کاهش سطح هوشیاری می‌شود. پس از انجام اقدامات اولیه، بهترین داروی تجویز شده کدام است؟ * الف) سولفات منیزیوم,null,میدازولام,آلپرازولام,اینترالیپید,
fellowship_maternal_fetal_1403.jsonl,OBGYN-1403-CAT-315,بیمار خانم ۳۰ ساله، Gravida 1، بعد از زایمان واژینال به علت ناتوانی در ادرار کردن، سوند فولی به مدت ۲۴ ساعت داشته است. پس از خارج کردن سوند در عرض ۴ ساعت نتوانسته ادرار کند. رزیدوی ادراری در سونوگرافی ۳۰۰ میلی‌لیتر بوده و پس از ۲۴ ساعت جاگذاری مجدد سوند و ارزیابی مجدد، بیمار برای بار دوم نیز توانایی ادرار کردن ندارد. توصیه بعدی چیست؟ * الف) نگهداری کاتتر به مدت ۲۴ ساعت دیگر,null,تجویز آنتی‌بیوتیک,کاتتریزاسیون مجدد برای یک هفته,کاتتریزاسیون مجدد به مدت ۱۲ ساعت,
fellowship_maternal_fetal_1403.jsonl,OBGYN-1403-CAT-316,خانمی با بارداری ۳۴ هفته و bipolar disorder، با سابقه بستری در بخش روانپزشکی به دلیل افکار خودکشی، که در حال حاضر تحت درمان با لیتیوم می‌باشد، جهت مشاوره ارجاع داده شده است. توصیه صحیح کدام است؟ * الف) ختم بارداری,null,اکوکاردیوگرافی قلب جنین,Cell free DNA,مراقبت روتین بارداری,
fellowship_maternal_fetal_1403.jsonl,OBGYN-1403-CAT-354,خانم ۳۶ ساله G2L1 با بارداری ۳۶ هفته و سونوگرافی مبنی بر IUGR مراجعه کرده است. در حال حاضر برای بررسی علت مرگ جنین، فقط امکان کاریوتایپ جنین به صورت Conventional در دسترس است. کدام نمونه سلولی برای بررسی مناسب‌تر است؟ - الف) بند ناف,null,مایع آمنیون با آمنیوسنتز,سلول جفت در محل اتصال ناف,نمونه بافتی جنین,
fellowship_maternal_fetal_1403.jsonl,OBGYN-1403-CAT-355,خانم ۴۵ ساله G2P1A1 به دنبال سقط غیر قانونی هفته گذشته با ترشحات واژینال چرکی مراجعه کرده است. تب ندارد. لکوسیتوز 23000 و تندرنس رحمی دارد. در imaging هوا در دیواره رحم گزارش شده است. مناسب‌ترین اقدام کدام است؟ - الف) کورتاژ,null,لاپاروتومی,آنتی‌بیوتیک تزریقی و تحت نظر,هیستروسکوپی,
fellowship_maternal_fetal_1403.jsonl,OBGYN-1403-CAT-365,خانمی نولی‌گراوید با حاملگی ۴۱ هفته جهت ختم بارداری بستری شده است. کدامیک از گزینه‌های زیر سبب کاهش موفقیت القای زایمان می‌شود؟ - الف) Bishop score ۷,null,انجام stripping,station = 0,amniotic membrane stripping,
fellowship_maternal_fetal_1403.jsonl,OBGYN-1403-CAT-366,خانمی ۵۲ ساله با حاملگی ترم، پس از زایمان دچار خونریزی روشن و نسبتا زیاد می‌باشد. رحم منقبض است. در بررسی کانال زایمان: واژن و سرویکس سالم است. حفره رحم دارای Sab در لترال چپ می‌باشد. اقدام مناسب کدام است؟ - الف) سونوگرافی شکم و لگن,null,پک کردن حفره رحم,لاپاراتومی اورژانس,تجویز بوتروتونیک و درمان انتظاری,
fellowship_maternal_fetal_1403.jsonl,OBGYN-1403-CAT-374,کدامیک از روش‌های جراحی زیر در اصلاح بی‌اختیاری استرسی ادرار موثر است؟ - الف) Kelly plication,null,کولپورافی قدامی,BURCH,نیدل ساسپنشن,
fellowship_maternal_fetal_1403.jsonl,OBGYN-1403-CAT-375,کدامیک از حرکات اصلی جنین در طی زایمان باعث کاهش قطر عرضی سر جنین برای عبور از لگن شده و شرط اصلی زایمان است؟ - (A) آنگازمان (Engagement),null,فلکشن (Flexion),اینترنال روتیشن (Internal Rotation),اکستنشن (Extension),
fellowship_maternal_fetal_1403.jsonl,OBGYN-1403-CAT-376,خانمی با بارداری ۴۰ هفته و پرزانتاسیون سفالیک با انقباضات نامناسب رحمی مراجعه کرده است. به منظور Augmentation یک دوز میزوپروستول 75 mcg خوراکی ۴ ساعت پیش تجویز شده است. انقباضات هنوز نامناسب است. اقدام مناسب بعدی کدام است؟ - الف) تکرار دوز قبلی,null,تجویز دوز 100 mcg میزوپروستول خوراکی,اینداکشن با اکسی‌توسین,درمان انتظاری تا ۲ ساعت بعد,
fellowship_maternal_fetal_1403.jsonl,OBGYN-1403-CAT-377,خانمی در مرحله ۲ زایمان دچار arrest زایمان شده و در حین سزارین، به دلیل گیر کردن سر جنین، خروج آن مشکل است. تمام تکنیک‌های زیر جهت خروج سر جنین صحیح است بجز؟ - الف) Dislodge کردن سر جنین,null,خروج جنین به روش بریچ (Breech),TE کردن جنین با بالا کشیدن یکی از شانه‌ها,گذاشتن بالون از راه واژن زیر سر جنین و باد کردن آن,
fellowship_maternal_fetal_1403.jsonl,OBGYN-1403-CAT-385,کدامیک از موارد زیر، جزو اجزای ارزیابی استاندارد سونوگرافی جنین در حاملگی ۱۳ هفتهاست؟ - الف) داپلر شریان رحمی,null,محل اتصال بند ناف به دیواره شکم,برآورد وزن جنین,تعیین انیدکس مایع آمنیوتیک,
fellowship_maternal_fetal_1403.jsonl,OBGYN-1403-CAT-386,در سونوگرافی استاندارد جنینی در هفته ۱۸ بارداری، میزان HC (دور سر) سه انحراف معیار زیر میانگین است. اقدام مناسب بعدی کدام است؟ - الف) ادامه مراقبت روتین بارداری,null,آمنیوسنتز,سونوگرافی پیشرفته,تکرار سونوگرافی در ۲ هفته,
fellowship_maternal_fetal_1403.jsonl,OBGYN-1403-CAT-388,خانمی با حاملگی ۷ هفته و به دلیل پارگی کیسه آب، تحت اینداکشن و مونیتور جهت زایمان است. انقباضات منظم و در معاینه دیلاتاسیون ۴ سانت است. FHR در حد ۱۴۰ ضربه در دقیقه بوده و از یک ساعت پیش نمای خط پایه (baseline) به صورت نوسانی یا Saltatory مشاهده می‌شود. سایر یافته‌های تراسه نرمال است. اقدام مناسب کدام است؟ - الف) سزارین اورژانس,null,قطع اکسی توسین,تخلیه مثانه,ادامه مونیتورینگ,
fellowship_maternal_fetal_1403.jsonl,OBGYN-1403-CAT-389,خانمی ۳۰ ساله PG با حاملگی ۳۳ هفته با تشخیص پره‌اکلامپسی شدید بستری و ختم واژینال بارداری انجام شد. پس از زایمان، بدلیل درد شدید RUQ تحت انجام CT-scan قرار گرفت که موید هماتوم حجیم ساب‌کپسولر کبدی (150x100) است. علائم حیاتی پایدار می‌باشد. اقدام مناسب کدام است؟ - الف) جراحی باز فوری,null,امبولیزاسیون آنژیوگرافیک,جراحی لاپاروسکوپیک,نظارت دقیق,
fellowship_maternal_fetal_1403.jsonl,OBGYN-1403-CAT-390,خانمی ۴۱ ساله با بارداری ۷ هفته به اورژانس آورده شده است. BP=150/90، FHR نرمال است. سولفات منیزیم و بتامتازون شروع شد. در ارزیابی‌های انجام شده: جنین سفالیک و PF نرمال است. پاسخ آزمایشات: PLT=60000، ALT=140، Cr=1.2، P/C ratio=0.5. در تکرار نیز مشابه گزارش شده است. اقدام مناسب در رابطه با تداوم حاملگی کدام است؟ - الف) ختم بارداری ۴۸ ساعت بعد,null,سزارین اورژانس,مداخله فوری جهت زایمان,درمان انتظاری,
fellowship_maternal_fetal_1403.jsonl,OBGYN-1403-CAT-391,خانمی با بارداری ۲۲ هفته و دو نوبت سونوگرافی در مراکز معتبر دال بر محدودیت شدید رشد جنین و معکوس شدگی جریان پایان دیاستولی (3 (Stage) مراجعه کرده است. هفته‌ی قبل بتامتازون دریافت شده است. اقدام مناسب چیست؟ - الف) NST روزانه,null,داپلر روز در میان,ختم بارداری,BPP روز در میان,
fellowship_maternal_fetal_1403.jsonl,OBGYN-1403-CAT-392,خانمی PG با بارداری ۳۴ هفته دوقلو MC-DA و اختلاف وزن ۳۰٪ بین دو قلو جهت مشاوره مراجعه کرده است. داپلر هر دو قلو نرمال است. سونوگرافی بعدی چند هفته بعد انجام شود؟ - الف) یک هفته,null,دو هفته,سه هفته,چهار هفته,
fellowship_maternal_fetal_1403.jsonl,OBGYN-1403-CAT-393,خانمی ۳۶ ساله با بارداری ۳۳ هفته را که از هفته قبل با تشخیص کاردیومیوپاتی در بخش قلب بستری بوده، به دلیل آبریزش به زایشگاه منتقل می‌کنند. BP=177/109 است. اقدام صحیح کدام است؟ - الف) ختم بارداری,null,تجویز آنتیکوآگولانت,شروع سولفات تراپی,سعی در افزایش افترلود,
fellowship_maternal_fetal_1403.jsonl,OBGYN-1403-CAT-394,خانمی ۳۶ ساله با سابقه فشارخون از یکسال قبل و مصرف روزانه قرص لابتالول جهت مشاوره پیش از بارداری مراجعه کرده است. کدامیک از اقدامات زیر صحیح است؟ - الف) تغییر دارو به متیل دوپا,null,انجام اکوی قلب,تعیین نسبت پروتئین به کراتینین,شروع آسپرین پیش از بارداری,
fellowship_maternal_fetal_1403.jsonl,OBGYN-1403-CAT-395,در سونوگرافی انجام شده در خانم باردار ۲۴ هفته، هیدروپس جنینی گزارش شده است. همه موارد زیر جزو بررسی‌های اولیه می‌باشد، بجز؟ - الف) تست کومبس غیرمستقیم مادر,null,سونوگرافی آناتومیک پیشرفته,اکوکاردیوگرافی قلب جنین,بررسی مادر از نظر تالاسمی,
fellowship_maternal_fetal_1403.jsonl,OBGYN-1403-CAT-416,خانمی ۳۳ ساله G1 دو قلویی دی‌کوریون دی‌آمنیون در هفته ۱۱ حاملگی مراجعه کرده است. جهت پیشگویی زایمان زودرس اقدام مناسب کدام است؟ - الف) بررسی طول سرویکس در هفته ۱۲,null,بررسی سرویکس و فیبرونکتین در هفته ۱۶,بررسی طول سرویکس در هفته ۱۶,نیاز به اقدام خاصی نیست,
fellowship_maternal_fetal_1403.jsonl,OBGYN-1403-CAT-417,خانم ۲۴ ساله G1 با شکایت هیرسوتیسم مراجعه کرده است و با توجه به معیار فریدمن گالوی امتیاز ۱۵ می‌گیرد. پریودهای وی مرتب است و در بررسی آزمایشگاهی، غلظت تستوسترون توتال بالا گزارش شده است. بهترین اقدام چیست؟ - الف) فیناسترید + OCP واجد سیپروترون استات,null,تجویز اسپیرونولاکتون,OCP واجد سیپروترون استات,متفورمین + OCP واجد دراسپیرنون,
fellowship_maternal_fetal_1403.jsonl,OBGYN-1403-CAT-425,خانم ۵۰ ساله با سابقه AUB تحت TAH قرار گرفته و چسبندگی شدید شکمی دارد. با شکایت پرولاپس مراجعه کرده است. در معاینه پرولاپس گرید ۲، آپمس در حد ۱+ و طول واژن ۵ سانتی‌متر است. جراحی مناسب برای این پرولاپس کدام است؟ - الف) ساسپنشن ساکرواسپینوس,null,APR,گلیامز,ابلیوکوکسیژیال ساسپنشن,
fellowship_maternal_fetal_1403.jsonl,OBGYN-1403-CAT-426,بیمار با حاملگی سرویکال تحت درمان دارویی بوده و ۲ هفته قبل مرخص شده است. تیتر BHCG منفی شده است. در سونوگرافی واژینال همچنان توده سرویکال مشاهده می‌شود و بیمار با نگرانی مراجعه کرده است. کدام درمان پیشنهاد می‌شود؟ - الف) ساکشن کورتاژ,null,هیسترکتومی,متوتروکسات,فالوآپ,
fellowship_maternal_fetal_1403.jsonl,OBGYN-1403-CAT-427,خانم ۶۵ ساله با شکایت بیرون زدگی واژن مراجعه می‌کند. از بی‌اختیاری ادرار شکایت ندارد. در معاینه سرویکس ۴ سانتی‌متر پایین‌تر از هایمن قرار دارد. در پورو دینامیک انجام شده نقطه نشت ادرار در حجم‌های ۱۵۰ سی‌سی با فشار ۱۱۰ و ۱۶۰ سانتی‌متر آب مثبت شد. کدام درمان پیشنهاد می‌شود؟ - الف) هیسترکتومی واژینال و ترمیم قدامی خلفی,null,ساکرو اسپینوس ساسپنشن و هیسترکتومی واژینال,ساکرو هیستروپکسی شکمی و ترمیم قدامی خلفی,TVH و ساکرو اسپینوس ساسپنشن و اسلینگ میدیورترا,
fellowship_maternal_fetal_1403.jsonl,OBGYN-1403-CAT-428,کدام یک از تست‌های کبدی در حاملگی نرمال افزایش می‌یابد؟ - الف) گاماگلوتامیل ترانس‌پپتیداز,null,AST و ALT,فعالیت آمینوپپتیداز,سطح بیلیروبین,
fellowship_maternal_fetal_1403.jsonl,OBGYN-1403-CAT-433,خانم ۳۹ ساله‌ای کاندید ماموپلاستی است. کدام اقدام زیر قبل از جراحی توصیه می‌شود؟ - الف) ماموگرافی,null,MRI,سونوگرافی,Chest CT,
fellowship_maternal_fetal_1403.jsonl,OBGYN-1403-CAT-434,خانمی ۲۶ ساله G1 جهت گزارش آزمایشات در هفته ۱۶ مراجعه کرده است. در آزمایشات گروه خونی مادر منفی O و کومبس غیر مستقیم مثبت می‌باشد. اقدام مناسب چیست؟ - الف) تیتراژ کمی IgG و IgM,null,انجام آمنیوسنتز,بررسی داپلر MCA,تکرار تست یک هفته بعد,
fellowship_maternal_fetal_1403.jsonl,OBGYN-1403-CAT-435,خانم حامله‌ای با سابقه خشونت خانگی مراجعه کرده است. اقدام صحیح چیست؟ * الف) مصاحبه صرفاً در زمان مراجعه,null,مصاحبه در حضور نزدیکترین دوست یا فامیل,مصاحبه توسط پزشک مطابق قوانین,مصاحبه بایستی حضوری انجام شود,
fellowship_maternal_fetal_1403.jsonl,OBGYN-1403-CAT-437,در صورت وجود کدامیک از ضایعات زیر در تصویربرداری نوزاد نارس، می‌توان به زمان ایجاد مشکل در دوران بارداری پی برد؟ * الف) خونریزی داخل بطنی (Intraventricular Hemorrhage),null,خونریزی مغزی (cerebral hemorrhage),لکومالاسی دوربطنی (periventricular leukomalacia),خونریزی ساب دورال (subdural hemorrhage),
fellowship_maternal_fetal_1403.jsonl,OBGYN-1403-CAT-438,خانم با بارداری ۱۸ هفته G3P1A1 با سابقه زایمان پره‌ترم که در حاملگی دوم سزارین شده است. اقدام ارجح کدام است؟ * الف) سرکلاژ مجدد واژینال,null,سرکلاژ واژینال و پروژسترون,سرکلاژ شکمی,سرکلاژ واژینال و پروژسترون,
fellowship_maternal_fetal_1403.jsonl,OBGYN-1403-CAT-440,یکی از گزینه‌های زیر از اندیکاسیون‌های بررسی پاتولوژیک جفت بعد از زایمان است؟ * الف) زایمان پره‌ترم در هر سن حاملگی,null,ابتلای مادر به مالاریا در حاملگی,خونریزی شدید در اوایل بارداری,دفع مکونیوم رقیق موقع زایمان,
fellowship_maternal_fetal_1403.jsonl,OBGYN-1403-CAT-441,در خانمی باردار ۲۸ ساله با سونوگرافی دال بر ساک حاملگی داخل رحمی بدون کیسه زرده مراجعه کرده است. پس از گذشت چه مدتی اگر رویان یا کیسه زرده دیده نشود، تشخیص سقط زود هنگام مطرح است؟ * الف) ۷ روز,null,۱۱ روز,۱۴ روز,۲۱ روز,
fellowship_maternal_fetal_1403.jsonl,OBGYN-1403-CAT-443,در سونوگرافی آنومالی اسکن خانم باردار ۲۸ هفته، نمای strawberry shaped skull مشاهده می‌شود. کدام تشخیص محتمل‌تر است؟ * الف) تریزومی ۱۳,null,تریزومی ۱۸,تریزومی ۲۱,منوزومی X,
fellowship_maternal_fetal_1403.jsonl,OBGYN-1403-CAT-445,- الف) پاکی تن (Pachytene),null,زیگوتن (Zygotene),دیپلوتن (Diplotene),لپتوتن (Leptotene),
fellowship_maternal_fetal_1403.jsonl,OBGYN-1403-CAT-446,- الف) بررسی فیلد بینایی در هر تریمستر,null,چک پرولاکتین سرم در طول حاملگی,تجویز پروموکریپتین در صورت علامتدار شدن,انجام MRI در صورت بروز علائم,
fellowship_maternal_fetal_1403.jsonl,OBGYN-1403-CAT-447,- الف) برآورد کم سن حاملگی (Underestimated gestational age),null,کیست هیداتیدوز جفتی (Chorioangioma of placenta),پلی هیدروآمنیوس (Polyhydramnios),هپاتوم مادر (Maternal hepatoma),
fellowship_maternal_fetal_1403.jsonl,OBGYN-1403-CAT-450,خانم باردار ۲۰ هفته که خودش در سن حاملگی ۳۱ هفته متولد شده بوده است با تابلوی زردی و ادم و اختلال انعقادی و هیپرتانسیون پورت مراجعه کرده است. در این شرایط کدام اقدام ضروری‌تر است؟ الف) تجویز بتا آگونیست,null,غربالگری آندوسکوپیک واریس,تجویز وریدی اکتروتاید,تجویز وازوپرسین,
fellowship_maternal_fetal_1403.jsonl,OBGYN-1403-CAT-451,خانم G1P0 33 ساله با سابقه یکبار سزارین، پرزانتاسیون بریچ است. تخمین وزن جنین ۳۲۰۰ گرم و دیلاتاسیون ۴ سانت، افاسمان ۵۰ درصد. کدامیک از اقدامات زیر را ترجیح می‌دهید؟ الف) آمنیوتومی,null,اگمنتاسیون,سزارین,پلویمتری,
fellowship_maternal_fetal_1403.jsonl,OBGYN-1403-CAT-461,برخورد با بیمار مبتلا به کانسر آندومتر گرید ۱ خانمی ۳۲ ساله با جواب پاتولوژی کانسر آندومتر گرید ۱ مراجعه کرده است. برخورد صحیح پزشک با این بیمار چگونه باید باشد؟ * الف) وخامت بیماری را به‌طور واضح و صریح برای وی توضیح دهد.,null,از وی خواسته شود تصمیم‌گیری در مورد گزینه‌های مختلف درمانی را در همین جلسه انتخاب کند.,از وی خواسته شود که در ویزیت بعدی همسر یا یکی از اعضای خانواده را به همراه بیاورد.,توصیه شود از گرفتن اطلاعات بیشتر در مورد بیماری از منابع اینترنتی خودداری ورزد.,
fellowship_maternal_fetal_1403.jsonl,OBGYN-1403-CAT-462,"اقدام درمانی مناسب برای باردار ۳۲ هفته با علائم میکروآنژیوپاتی ترومبوتیک باردار ۳۲ هفته با سردرد و تب مراجعه کرده است. فشارخون 120/80 mmHg، HCT= 24%، Plat= 60,000، Cr=1.2 mg/dL، AST=30 U/L، ALT=24 U/L، LDH=950 U/L. در اسمیر خون محیطی شیزوسیتوز شدید و گلبول‌های قرمز هسته‌دار دیده می‌شود. مناسب‌ترین اقدام درمانی چیست؟ * الف) تجویز سولفات منیزیم و ختم بارداری",null,تجویز FFP و ختم حاملگی ظرف ۲۴ ساعت,انجام پلاسما فرزیس و تحت نظر,تجویز آنتی‌بادی مونوکلونال و تحت نظر,
fellowship_maternal_fetal_1403.jsonl,OBGYN-1403-CAT-463,اقدام درمانی مناسب برای باردار دیابتی با نتایج تست بیوفیزیکال پروفایل باردار دیابتی در هفته ۳۱ بارداری با نتایج تست بیوفیزیکال پروفایل (BPP) به شرح زیر مراجعه کرده است: یک تنفس ۲۰ ثانیه‌ای، ۲ حرکت مجزای اندام، یک اپیزود اکستانسیون-فلکسیون اندام، مایع آمنیوتیک کم (2 cm). مناسب‌ترین اقدام را توصیه می‌کنید؟ * الف) فقدان اندیکاسیون برای مداخله - تکرار هفتگی تست,null,تکرار تست ۲۴ ساعت بعد,تکرار تست همان روز,ختم بارداری,
fellowship_maternal_fetal_1403.jsonl,OBGYN-1403-CAT-474,کدام گزاره در مورد درمان دارویی چاقی صحیح است؟,null,null,null,null,
fellowship_maternal_fetal_1403.jsonl,OBGYN-1403-CAT-475,داروی تراتوژنیک و ناهنجاری‌های جنینی نوزادی با کرانیوسینوستوز، موقعیت پایین گوش‌ها و میکروگناتی متولد شده است. این سندرم با عوارض مصرف کدام دارو در دوران بارداری بیشتر مرتبط است؟,null,null,null,null,
fellowship_maternal_fetal_1403.jsonl,OBGYN-1403-CAT-476,مدیریت تراتوم ساکروکسیژنال در جنین در سونوگرافی جنین در هفته ۲۸، توده‌ای در ناحیه ساکروکسیژنال با مشخصات زیر مشاهده می‌شود: بخش توپر بیش از ۵۰٪ حجم ضایعه، کاملاً خارجی، افزایش حجم ۱.۵ برابری در یک هفته، و علائم هیدروپس جنینی. اقدام مناسب کدام است؟,null,null,null,null,
fellowship_maternal_fetal_1403.jsonl,OBGYN-1403-CAT-477,مدیریت اولیه سندرم اوگیلوای (ایلئوس کاذب کولون) خانمی پس از زایمان دچار درد شدید شکم شده است. X-ray اتساع نیمه راست کولون را نشان می‌دهد و مایع آزاد شکمی وجود ندارد. اولین اقدام درمانی چیست؟,null,null,null,null,
fellowship_maternal_fetal_1403.jsonl,OBGYN-1403-CAT-478,مدیریت بارداری با کمبود فاکتور ۵ لیدن هموزیگوت مادر باردار (۳۲ هفته) با سابقه ترومبوز وریدی و تشخیص کمبود فاکتور ۵ لیدن هموزیگوت (Factor V Leiden homozygous). اقدام مناسب بر اساس گایدلاین‌های ACOG چیست؟,null,null,null,null,
fellowship_maternal_fetal_1403.jsonl,OBGYN-1403-CAT-479,کدام دارو برای درمان نفریت لوپوسی در یک خانم باردار ۳۰ هفته با سابقه پره‌اکلامپسی زودرس، راش و پروتئینوری توصیه می‌شود؟ - الف) آزاتیوپرین,null,هیدروکسی‌کلروکین,سیکلوسپورین,تاکرولیموس,
fellowship_maternal_fetal_1403.jsonl,OBGYN-1403-CAT-480,در موارد انجام زایمان با وکیوم، همه موارد صحیح است به‌جز؟ - الف) قرار دادن انگشت شست روی کاپ,null,وارد کردن نیروی پیچشی با دست به کاپ,کشش در هنگام زور زدن مادر,قرار دادن کاپ بر روی نقطه فلکسیون,
fellowship_maternal_fetal_1403.jsonl,OBGYN-1403-CAT-510,در سیر لیبر بیمار خانم ۳۰ ساله با آسم تحت درمان کورتیکواستروئید استنشاقی و سن حاملگی ۳۸ هفته، کدام گزینه صحیح است؟ * استفاده از میرپرودین به فنتانیل ارجح است. * برای انجام زایمان آنالژزی اسپاینال ایده‌آل است. * استفاده از پروستاگلاندین E2 کنترااندیکاسیون دارد. * تجویز استرس دوز کورتون اندیکاسیون دارد.,null,null,null,null,
fellowship_maternal_fetal_1403.jsonl,OBGYN-1403-CAT-511,خانم باردار جهت سزارین تحت بی‌حسی نخاعی قرار گرفته است. بعد از تزریق ماده بی‌حسی فشارخون مادر به ۷۰/۵۰ میلی‌متر جیوه و ضربان قلب وی به ۱۲۰ رسیده است. کدام دارو ارجح است؟ * اپی‌نفرین * نوراپی‌نفرین * افدرین * فنیل‌آفرین,null,null,null,null,
fellowship_maternal_fetal_1403.jsonl,OBGYN-1403-CAT-512,در طی زایمان طبیعی هنگام خروج سر جنین، کدام اقدام احتمال بروز پارگی درجه ۳ و ۴ را کاهش می‌دهد؟ * ماساژ پرینه در مرحله دوم * مانور ریتگن تعدیل‌شده * تکنیک Hands-poised * تکنیک Hands-on,null,null,null,null,
fellowship_maternal_fetal_1403.jsonl,OBGYN-1403-CAT-522,خانمی بدنبال آبریزش از ۲ روز قبل به علت پره‌اکلامپسی تحت سزارین قرار گرفته است. سه روز پس از عمل با علایم تب و لرز و درد قسمت تحتانی شکم مراجعه کرده. با دریافت آنتی‌بیوتیک علایم بهبود داشته اما تب پس از ۵ روز همچنان ادامه دارد. تشخیص احتمالی شما کدام است؟ الف) فلگمون پارامتری,null,آبسه آدنکس,پریتونیت,ترومبوفلبیت سپتیک لگن,
fellowship_maternal_fetal_1403.jsonl,OBGYN-1403-CAT-523,خانمی ۳۸ ساله با حاملگی ۳۰ هفته با شکایت سردرد مراجعه کرده است. در بررسی انجام شده BP=160/100 mmHg و پروتئینوری ۳+ داشته که جهت بیمار سولفات منیزیم شروع شده است. حین ارزیابی مادر دچار تشنج تونیک کلونیک می‌شود. افت ضربان قلب جنین تا ۶۰ ضربه به مدت ۸ دقیقه اتفاق می‌افتد که به تدریج تا ۱۱۰ افزایش می‌یابد. بهترین اقدام چیست؟ الف) سزارین اورژانسی به علت دیسترس جنینی,null,تک دوز کورتون، تثبیت وضعیت مادر و ختم سریع بارداری,مانیتورینگ جنین، تجویز دوز کامل کورتیکواستروئید و ختم بارداری,تثبیت وضعیت مادر و ارزیابی مجدد پاراکلینیک,
fellowship_maternal_fetal_1403.jsonl,OBGYN-1403-CAT-524,خانمی را از کمپ ترک اعتیاد با دیلاتاسیون کامل به زایشگاه آورده‌اند که بلافاصله زایمان می‌نماید. وی سن بارداری خود را نمی‌داند. نوزاد وزن ۲ کیلوگرم، قد بلند و باریک با پوست چروکیده و پوسته پوسته، پوشیده شده با لایه‌ای از مکونیوم ضخیم و چسبناک دارد. کدام تشخیص در این نوزاد مناسب‌تر است؟ الف) پره‌ترم و AGA (Appropriate for Gestational Age),null,پست ترم و SGA (Small for Gestational Age),ترم و SGA,ترم و AGA,
fellowship_maternal_fetal_1403.jsonl,OBGYN-1403-CAT-525,خانم ۲۴ ساله G1P0 با حاملگی ۵ هفته، سردرد، پروتئینوری +۲ و BP=160/100 mmHg و پیش‌سابقه میاستنی گراو تحت درمان می‌باشد. کدام اقدام صحیح می‌باشد؟ الف) سولفات منیزیم و اینداکشن با اکسی توسین,null,فنی توئین و اینداکشن با اکسی توسین,سولفات منیزیم و سزارین با اسپاینال آنستزی,فنی توئین و سزارین با بیهوشی عمومی,
fellowship_maternal_fetal_1403.jsonl,OBGYN-1403-CAT-536,خانم ۴۵ ساله به دنبال هیستروسکوپی میومکتومی دچار خونریزی شدید شده است. لاپاراسکوپی تشخیصی پرفوراسیون رحم را رد کرد. اولین اقدام مناسب کدام است؟ - الف) تزریق وازوپرسین رقیق شده به داخل سرویکس و تحت نظر گرفتن بیمار,null,گذاشتن سوند فولی به مدت ۱۲-۲۴ ساعت و سپس خارج کردن سوند,لاپاراتومی و هیسترکتومی بیمار,لاپاراتومی و بستن شریان‌های رحمی,
fellowship_maternal_fetal_1403.jsonl,OBGYN-1403-CAT-537,خانم ۳۵ ساله با سابقه GTN جهت مشاوره قبل از بارداری مراجعه کرده است. کدام یک از توضیحات زیر صحیح است؟ - الف) احتمال افزایش GTN بعدی در حدود ۱۰ درصد.,null,احتمال خطر بالای آنومالی و سقط.,پیشگیری از حاملگی تا یک سال از اتمام درمان.,پیشگیری از حاملگی تا ۶ ماه از ساکشن کورتاژ.,
fellowship_maternal_fetal_1403.jsonl,OBGYN-1403-CAT-538,خانم ۵۵ ساله پست‌ترم به علت عدم شروع شدن دردهای زایمانی در ۴۲ هفتگی بستری شده است. احتمال کدام یک از ناهنجاری‌های جنینی در ایشان بیشتر است؟ - الف) هیپرپلازی آدرنال (Adrenal hyperplasia),null,آژنزی کلیه (Renal agenesis),هیپوپلازی ریه (Pulmonary hypoplasia),آنانسفالی جنینی (Fetal anencephaly),
fellowship_maternal_fetal_1403.jsonl,OBGYN-1403-CAT-539,در نوزادی که در هفته ۲۷ بارداری در حال تولد است، کدام یک از موارد ذیل بر روی احتمال بروز Intraventricular hemorrhage (IVH) در وی درست است؟ - الف) Milking Cord باعث افزایش شدید IVH می‌شود.,null,زایمان سزارین ریسک بروز را کم می‌کند.,تجویز فنوباربیتال پس از تولد ریسک بروز را کم می‌کند.,تجویز Antenatal Vit K باعث کاهش بروز IVH می‌شود.,
fellowship_maternal_fetal_1403.jsonl,OBGYN-1403-CAT-543,سوال ۶: خانم باردار ترم با شکایت کاهش حرکت جنین مراجعه کرده است. در سونوگرافی انجام شده Funic Presentation گزارش شده است. وضعیت مادر و جنین پایدار است. کدام اقدام زیر مناسب است؟ - سزارین - عدم نیاز به درمان - القای زایمان - انجام آمنیوتومی,null,null,null,null,
fellowship_maternal_fetal_1403.jsonl,OBGYN-1403-CAT-544,سوال ۷: بیمار خانم ۴۶ ساله با سابقه زایمان ترم ۵ سال قبل به دلیل AUB تحت بیوپسی آندومتر قرار گرفته که در پاتولوژی predominantly intermediate or inter mediate trophoblast گزارش شده است. سطح β-hCG محدود به رحم می‌باشد. علائم متاستاز مشهود نمی‌باشد. اقدام درمانی مناسب این بیمار کدام است؟ - کمورادیوتراپی - کموتراپی - هیسترکتومی - رزکسیون لوکال توده,null,null,null,null,
fellowship_maternal_fetal_1403.jsonl,OBGYN-1403-CAT-545,سوال ۸: در سونوگرافی آنومالی اسکن ۱۸ هفته بارداری دوقلوی منوکوریون دی‌آمنیون، وزن یکی از قلوها در محدوده IUGR و مایع آمنیون ناچیز گزارش شده و در قلو دیگر وزن نرمال و مایع بیش از حد نرمال (پلی‌هیدرامنیوس) می‌باشد. اقدام مناسب کدام است؟ - ختم حاملگی - Laser ablation - سپتوستومی - ختم انتخابی جنین,null,null,null,null,
fellowship_maternal_fetal_1403.jsonl,OBGYN-1403-CAT-546,سوال ۹: خانم ۲۵ ساله با درد زایمان بستری و در دیلاتاسیون ۴ سانتی‌متر آمینوتومی شده است. بعد از دو ساعت هیچ پیشرفتی در دیلاتاسیون مشاهده نشده است. طبق پروتکل مدیریت فعال لیبر، اقدام بعدی کدام است؟ - شروع اکسی‌توسین - تجویز میزوپروستول - سزارین - ارزیابی مجدد طی یک ساعت,null,null,null,null,
fellowship_maternal_fetal_1403.jsonl,OBGYN-1403-CAT-549,سوال ۱۲: خانمی ۳۵ ساله با سابقه فشار خون مزمن تحت درمان کاپتوپریل است. متوجه بارداری خود می‌شود (۴w-5). در معاینه فشار خون وی mmHg ۱۶۰/۱۰۰ می‌باشد. در مورد داروی خط اول درمان کدام گزینه را صحیح می‌دانید؟ - قرص لابتالول - ادامه همان درمان قبلی - قرص متیل دوپا - قرص هیدرالازین,null,null,null,null,
fellowship_maternal_fetal_1403.jsonl,OBGYN-1403-CAT-552,مورد بالینی: تومور مرزی تخمدان خانمی که تحت سیستکتومی و اوفورکتومی قرار گرفته بود و سپس در پاتولوژی تومور مرزی (Borderline) گزارش شد، آیا به جراحی فوری دیگری نیاز دارد؟,null,null,null,null,
fellowship_maternal_fetal_1403.jsonl,OBGYN-1403-CAT-571,۳. بیماری به دنبال جایگذاری تروکار لترال در قسمت تحتانی جدار شکم دچار درد مزمن شده است. آسیب کدام عصب محتمل است؟ - الف) ژنیتوفمورال,null,پودندال,لترال کوتانئوس,ایلیواینگوئینال,
fellowship_maternal_fetal_1403.jsonl,OBGYN-1403-CAT-572,۴. خانم ۳۵ ساله مبتلا به کانسر پستان گیرنده استروژن مثبت، که چند سال قبل تحت جراحی قرار گرفته است. جهت درمان ادجوانت، پیشنهاد درمانی شما کدام است؟ - الف) تاموکسیفن,null,لتروزول,تراستوزوماب,آگونیست GNRH,
fellowship_maternal_fetal_1403.jsonl,OBGYN-1403-CAT-573,۵. حین پاپ اسمیر خانم منوپوز، ترنسفورمیشن زون (TZ) مشاهده نشده است. پیشنهاد شما چیست؟ - الف) در منوپوز مشاهده TZ اهمیت ندارد.,null,تکرار پاپ اسمیر بعد از ۶ هفته.,درمان با استروژن واژینال و تکرار پاپ اسمیر بعد از ۶ هفته.,ECC (کورتاژ اندوسرویکس).,
fellowship_maternal_fetal_1403.jsonl,OBGYN-1403-CAT-574,۶. خانم حامله دوقلو ۲۸ هفته با اولیگوری و آنوری مراجعه کرده و در معاینه فشار خون ۱۳۰/۸۰ میلی‌متر جیوه و در بررسی پلی‌هیدرامنیوس در جنین‌ها و هیدرونفروز کلیه‌های مادر گزارش شده است. کراتینین ۵.۱ است. اقدام مناسب را بفرمایید. - الف) همودیالیز,null,استنت‌گذاری حالب,نفروستومی,ختم بارداری,
fellowship_maternal_fetal_1403.jsonl,OBGYN-1403-CAT-602,مادر ترم دیابتی که تحت درمان با انسولین می‌باشد با شروع دردهای زایمانی مراجعه کرده است. در معاینه دیلاتاسیون ۵ سانتی‌متر و BS بدو ورود ۱۱۵ میلی‌گرم در دسی‌لیتر می‌باشد. برای کنترل قند خون کدام گزینه صحیح است؟ - انفوزیون نرمال سالین - در حال اقدامی لازم نیست. - انسولین رگولار در دکستروز ۱۵% - انسولین رگولار در نرمال سالین,null,null,null,null,
fellowship_maternal_fetal_1403.jsonl,OBGYN-1403-CAT-603,خانم حامله ۲۰ هفته‌ای در حال مصرف PTU (پروپیل تیواوراسیل) می‌باشد. در بررسی‌های انجام شده متوجه تیروتوکسیکوز جنین می‌شویم. تست‌های تیروئیدی مادر نرمال است. اقدام مناسب بعدی چیست؟ - تزریق PTU اینتراآمنیوتیک - افزایش دوز دارو - ادامه دارو با دوز قبلی - افزودن کورتون,null,null,null,null,
fellowship_maternal_fetal_1403.jsonl,OBGYN-1403-CAT-604,خانم حامله ۳۵ هفته با خارش ژنرالیزه مراجعه کرده است. BILE ACID = 35 µmol/L (نرمال: < 10). سونوگرافی کبد و مجاری صفراوی نرمال است. وی تحت درمان با آنتی‌هیستامین و اورسودئوکسی کولیک اسید قرار می‌گیرد. پس از یک هفته درمان خارش شدیدتر شده است. NST ری‌اکتیو، BPP نرمال است. BILE ACID = 81 µmol/L. اقدام مقتضی کدام است؟ - NST و BPP روزانه تا ۲۹ هفته - تجویز یک دوره دگزامتازون و کلستیرامین - ختم بارداری در هفته ۳۷ - سزارین اورژانس,null,null,null,null,
fellowship_maternal_fetal_1403.jsonl,OBGYN-1403-CAT-607,خانمی در هفته ۱۰ بارداری با شکایت درد و ادم در ساق همراه با گرمی و تندرنس و قرمزی مراجعه کرده است. در معاینه نشانه Cute Homans است. اولین اقدام تشخیصی کدام است؟ - سونوگرافی فشاری - انجام MRI - اسکن CT - تست D-dimer,null,null,null,null,
fellowship_maternal_fetal_1403.jsonl,OBGYN-1403-CAT-609,مادر باردار ۳۰ ساله با سن بارداری ۳۱ هفته به علت پره‌اکلامپسی در بخش حاملگی‌های پرخطر بستری می‌باشد. در NST انجام شده ضربان قلب جنین سه بار به میزان ۱۰ ضربه و به مدت ۱۰ ثانیه افزایش با تغییرپذیری نرمال رویت می‌شود. همچنین یک افت متغیر ۱۵ ثانیه‌ای مشاهده می‌شود. گزینه صحیح کدام است؟ - ادامه NST تا ۴۰ هفته - انجام OCT - اقدام خاصی لازم نیست. - انجام Biophysical Profile,null,null,null,null,
fellowship_maternal_fetal_1403.jsonl,OBGYN-1403-CAT-620,خانم ۳۰ ساله در سن بارداری ۳۴ هفته به علت کاهش حرکات جنین مراجعه کرده است. در شرح حال خود اظهار ۶ حرکت در عرض دو ساعت در زمان استراحت خود می‌کند. اقدام بعدی در کنترل بیمار کدام است؟ - الف) درخواست BPP (Biophysical Profile),null,انجام OCT (Oxytocin Challenge Test),درخواست کالر داپلر (Color Doppler),کنترل ارتفاع سمفیز-فوندوس (SFH) و NST (Non-Stress Test),
fellowship_maternal_fetal_1403.jsonl,OBGYN-1403-CAT-647,خانم باردار ۳۰ ساله با سن حاملگی A هفته، در پاپ‌اسمیر روتین، atypical glandular cell (AGC) گزارش شده است. اقدام لازم چیست؟ * الف) کورتاژ اندوسرویکس با کورت,null,نمونه‌گیری اندوسرویکس با سیتوبراش,کولپوسکوپی و کورتاژ اندوسرویکس,فالواپ بعد از زایمان,
fellowship_maternal_fetal_1403.jsonl,OBGYN-1403-CAT-648,خانمی ۳۰ ساله با سابقه ۳ ساله نازایی و مبتلا به فنیل کتونوری (PKU) مراجعه کرده است. توصیه مناسب قبل از بارداری چیست؟ * الف) رژیم کم فنیل‌آلانین پس از بارداری,null,مصرف اسید فولیک با دوز بالا,رژیم کم فنیل‌آلانین ۲ ماه قبل از بارداری,استفاده از تخمک اهدایی,
fellowship_maternal_fetal_1403.jsonl,OBGYN-1403-CAT-650,خانمی به دنبال زایمان واژینال یک ماه قبل، با شکایت بی‌اختیاری مدفوع مراجعه کرده است. معاینه پرینه سالم به نظر می‌رسد. جهت ارزیابی از نظر فیستول و یا آسیب اسفنکتر، کدام روش ارجح است؟ * الف) MRI,null,دفکوگرافی,دفکوگرافی با کنتراست,معاینه زیر بی‌هوشی,
fellowship_infertility_1403.jsonl,OBGYN-1403-FELLOWSHIP-INFERTILITY-001,آزمون فلوشیپ خرداد ۱۴۰۳ زنان - ناباروری (فایل ۱) نوع استخراج: متن لایهٔ متنی PDF؛ فقط نرمال‌سازی نویسه‌های فارسی و ترتیب دیداری RTL انجام شده و هیچ محتوای تازه‌ای افزوده نشده است. مدت:زمان ۱۲۰ دقیقه پاسخ غلط نمره عدم پاسخگوی خانم ۳۵ ساله با نازایی ۱۰ ساله خواهان adoption می‌باشد که با ایشان موافقت شده و قرار است ۴ ماه بعد نوزاد به او تحویل داده.شود جهت شیردهی به نوزاد خود مراجعه کرده.است مناسب ترین اقدام کدام است؟,تجویز کلروپرومازپین همراه با تحریک شدید Nipple,شروع درمان می بایست از سه ماه قبل از گرفتن نوزاد شروع شود,در تمام مدت شیردهی درمان ادامه یابد,در صورت برقرار شدن شیر متوکلروپروماید شروع شود,
fellowship_infertility_1403.jsonl,OBGYN-1403-FELLOWSHIP-INFERTILITY-002,خانم ۳۰ ساله مبتلا به ندول سرد تیروئید می.باشد برای بیمار FNA انجام شده و جواب بیوپسی Suspicious cells گزارش شده.است اقدام مناسب کدام است؟,تکرار مجدد FNA,شروع درمان با هورمون تیروئید,سونوگرافی تیروئید,تیروئیدکتومی ساب توتال,
fellowship_infertility_1403.jsonl,OBGYN-1403-FELLOWSHIP-INFERTILITY-003,خانم ۲۵ ساله G۱P۱L۱ که ۶ ماه قبل زایمان کرده و شیردهی کامل دارد به علت خشکی واژن و دیس پارونی مراجعه کرده.است مناسب ترین اقدام کدام است؟,تجویز استروژن موضعی,استفاده از ژل لوبریکانت,با تجویز OCP و ایجاد قاعدگی بهبود می یابد,معاینه بیمار و در صورت نرمال بودن درمان خاصی نیاز ندارد,
fellowship_infertility_1403.jsonl,OBGYN-1403-FELLOWSHIP-INFERTILITY-004,خانم ۳۰ ساله با جواب پاتولوژی پستان دال بر Adenosis مراجعه کرده و نگران سرطان پستان در آینده به دلیل پاتولوی فوق.است مناسب ترین پیشنهاد کدام است؟,با توجه به خطر جدی سرطان سونوگرافی هر ۶ ماه انجام شود,نیاز به پیگیری خاصی ندارد,معاینه هر ۶ ماه توسط یک فرد Expert,انجام ماموگرافی سالانه,
fellowship_infertility_1403.jsonl,OBGYN-1403-FELLOWSHIP-INFERTILITY-005,پاسخ غلط نمره عدم پاسخگوی حین انجام هیستروسکوپی جهت رزکسیون پولیپ با الکترود تک،قطبی دیواره رحم در قسمت قدامی مشکوک به سوراخ شدن می‌باشد و دید مختل شده است. مناسب ترین اقدام بعدی کدام است؟,لاپاراتومی و بررسی محل آسیب,لاپاراسکوپی تشخیصی,تعبیه سوند سوپراپوبیک مثانه و کنترل وضعیت بیمار,سیستوسکوپی و تعبیه سوند,
fellowship_infertility_1403.jsonl,OBGYN-1403-FELLOWSHIP-INFERTILITY-006,خانم ۲۵ ساله نولی پار به دلیل سرطان تخمدان و پستان و پروستات در اقوام درجه یک بررسی ژنتیک انجام داده که BRCA۱ مثبت می.باشد جهت مشاروه و پیشگیری از سرطان مراجعه کرده.است مناسب ترین پیشنهاد کدام است؟,معاینه هر ۶ تا ۱۲ ماه یک مرتبه همراه با MRI با کنتراست سالانه از پستان,انجام بیوپسی آندومتر سالانه,سالپنگواافرکتومی دو طرفه بعد از حفظ باروری,تجویز تاموکسی فن جهت پیشگیری سرطان پستان,
fellowship_infertility_1403.jsonl,OBGYN-1403-FELLOWSHIP-INFERTILITY-007,تجویز تاموکسی فن در بیماران با کانسر پستان بر روی رحم باعث تغییرات lucent Sono در ناحیه ساب اپی تلیال در حضور اپی تلیوم آتروفیک می.شود برای افتراق این مسئله از هیپرپلازی مناسب ترین اقدام کدام است؟,انجام سونوگرافی ۳D,بیوپسی آندومتر,هیستروسکوپی,سالین سونوگرافی,
fellowship_infertility_1403.jsonl,OBGYN-1403-FELLOWSHIP-INFERTILITY-008,خانم ۳۲ ساله به علت کیست ۲×۲ cm در پستان دو ماه قبل تحت Needle آسپیراسیون قرار گرفته است که مایع شفاف بوده و بعد از آن کیست از بین رفته.است در حال حاضر جهت معاینه مجدد برگشته.است در معاینه کیست به همان اندازه لمس می.شود مناسب ترین اقدام کدام است؟,آسپیراسیون مجدد,برداشتن کامل کیست,ماموگرافی و بیوپسی,MRI با کنتراست,
fellowship_infertility_1403.jsonl,OBGYN-1403-FELLOWSHIP-INFERTILITY-009,پاسخ غلط نمره عدم پاسخگوی خانم ۳۲ ساله با سابقه ۳ نوبت سقط که هفته های آن را نمی داند بررسی کروموزومی انجام داده که نتیجه آن ترانس لوکاسیون Robertsonian Blanced در هر دو کروموزوم ۱۵ بوده.است مناسب ترین اقدام بعدی کدام است؟,انجام IVF همراه با PGD,استفاده از تخمک اهدایی,I/O همراه با IUI,اجازه حاملگی و انجام CVS,
fellowship_infertility_1403.jsonl,OBGYN-1403-FELLOWSHIP-INFERTILITY-010,در زوجی با سقط مکرر)سه بار سقط در هفته های مختلف از ۶ تا ۹ (هفته بررسی کروموزومی انجام داده اند که گزارش بررسی کروموزومی خانم inversion Pericentric کروموزوم ۹ می.باشد مناسب ترین اقدام بعدی کدام است؟,Oocyte donation,IVF همراه با PGS,اجازه حاملگی و انجام CVS,اقدام خاصی نیار ندارد,
fellowship_infertility_1403.jsonl,OBGYN-1403-FELLOWSHIP-INFERTILITY-011,خانم ۲۵ ساله با سابقه سقط مکرر با فرمول کروموزومی ترانس لوکاسیون Reciprocal حامله ۱۰ هفته به درمانگاه مراجعه کرده.است در سونوگرافی جنین ۱۰ هفته و سالم می.باشد مناسب ترین اقدام بعدی کدام است؟,انجام تست های تشخیصی پره ناتال,استراحت و تجویز شیاف پروژسترون,مانیتورینگ مداوم هر دو هفته,تجویز هپارین همراه با آسپرین,
fellowship_infertility_1403.jsonl,OBGYN-1403-FELLOWSHIP-INFERTILITY-012,خانم ۳۲ ساله با سابقه سقط مکرر تحت درمان IVF همراه با (aCGH) قرار گرفته و جنین سالم منتقل شده است که نتیجه آن حاملگی بوده که متأسفانه ۱۰ هفته Missed شده.است بیمار هنوز ۶ جنین.دارد مناسب ترین اقدام بعدی کدام است؟,انجام NGS روی جنین ها,استفاده از رحم کرایه,انتقال جنین های باقی مانده همراه با تجویز IVIG,انتقال جنین همراه با تجویز پردنیزولون و هپارین,
fellowship_infertility_1403.jsonl,OBGYN-1403-FELLOWSHIP-INFERTILITY-013,پاسخ غلط نمره عدم پاسخگوی خانم ۲۸ ساله با سابقه ۲ مرتبه سقط ۱۶ و ۱۸ هفته به درمانگاه مراجعه کرده.است بررسی همراه بیمار HSG مؤید رحم Bicornuate می.باشد سایر بررسی ها نرمال.است مناسب ترین پیشنهاد مشاوره ای کدام است؟,انجام جراحی استراسمن,هیستروسکوپی و یکی کردن رحم,اجازه حاملگی خودبخود و انجام سرکلاژ,در صورت حاملگی استراحت مطلق داشته باشد,
fellowship_infertility_1403.jsonl,OBGYN-1403-FELLOWSHIP-INFERTILITY-014,خانم ۲۵ ساله G۱ حامله ۱۰ هفته که به طور تصادفی متوجه رحم یونی کورن خود شده به درمانگاه مراجعه کرده است و نگران سقط می.باشد مناسب ترین اقدام کدام است؟,بعد از انجام غربالگری سرکلاژ انجام شود,به طور سریالی طول سرویکس بررسی شود,محدودیت فعالیت همراه با تجویز پروژسترون داشته باشد,نیاز به اقدام خاصی ندارد,
fellowship_infertility_1403.jsonl,OBGYN-1403-FELLOWSHIP-INFERTILITY-015,خانم ۲۸ ساله با سابقه ۲ بار سقط در حد βhCG مثبت در سیکل Natural مانیتور شده از زمان LH Surge تا پریود بعدی ۱۲ روز می‌باشد و حامله نشده.است مناسب ترین اقدام بعدی کدام است؟,تجویز پروژسترون از زمان surge LH,شروع کلومیفن در سیکل بعدی,"اندازه گیری سطح TSH Prolactin,",انجام IUI روز بعد از LH Surge,
fellowship_infertility_1403.jsonl,OBGYN-1403-FELLOWSHIP-INFERTILITY-016,حین عمل هیستروسکوپی میومکتومی (Morcellator) دچار خونریزی شده و دید کامل مختل می.باشد برای اینکه بتوان داخل حفره رحم را دید و خونریزی را کنترل کرد مناسب ترین اقدام کدام است؟,عوض کردن مدیا,افزایش فشار تا ۱۵۰ میلی متر جیوه,جریان منوپولار جایگزین شود,می توان از Shaver استفاده کرد,
fellowship_infertility_1403.jsonl,OBGYN-1403-FELLOWSHIP-INFERTILITY-017,پاسخ غلط نمره عدم پاسخگوی حین جراحی هیستروسکوپی جهت رزکسیون میوم ساب موکوزال با استفاده از سوربیتول ۳٪ مایع جذب شده حدود ۱/۵ لیتر تخمین زده شده.است اقدام مناسب بعدی کدام است؟,اندازه گیری اوره و کراتی نین,تعویض مدیای مصرفی با نرمال سالین,ادامه جراحی تا زمانی که مایع جذب شده به ۲ لیتر برسد,اندازه گیری الکترولیت ها و خاتمه جراحی,
fellowship_infertility_1403.jsonl,OBGYN-1403-FELLOWSHIP-INFERTILITY-018,حین جراحی هیستروسکوپی سپتوپلاستی خانم ۲۸ ساله جراح اعلام می کند که دید ندارد و بعد از چند دقیقه بی هوشی متوجه افت فشار خون می.شود مناسب ترین اقدام کدام است؟,لاپاراتومی,خاتمه عمل و مانیتور بیمار,مشاوره قلب فوری و اکوکاردیوگرافی,قرار دادن بیمار در وضعیت ترندلنبرگ,
fellowship_infertility_1403.jsonl,OBGYN-1403-FELLOWSHIP-INFERTILITY-019,خانم ۳۲ ساله با میوم ۵cm و همراه پدیکول پهن داخل آندومتر کاندید میومکتومی هیستروسکوپی I Type می.باشد بعد از جراحی می پرسد چه مدت پس از عمل می تواند اقدام به باروری،کند پاسخ مناسب کدام است؟,۳ ماه,از سیکل بعد اقدام کند,در صورت نرمال بودن کاویته رحم با سونوگرافی اقدام به بارداری کند,می بایست مجدد ۴ هفته بعد هیستروسکوپی شود و بعد از آن تصمیم گیری شود,
fellowship_infertility_1403.jsonl,OBGYN-1403-FELLOWSHIP-INFERTILITY-020,کدامیک از آیتم های زیر جزء index fertility Endometriosis نمی باشد؟,سن,رزرو تخمدان,مدت زمان ناباروری,بارداری قبلی,
fellowship_infertility_1403.jsonl,OBGYN-1403-FELLOWSHIP-INFERTILITY-021,پاسخ غلط نمره عدم پاسخگوی کدام گزینه در مورد آمپول progesterone Medroxy Depo)به عنوان روش (پیشگیری صحیح می‌باشد؟,باعث سرکوب LH و مهار تخمک گذاری می شود,به علت سرکوب FSH باعث آتروفی واژن و کاهش اندازه پستان می شود,تاخیر ۶ هفته در تزریق دوز بعدی میزان اثربخشی آن را کم نمی کند,در زنانی که اضافه وزن دارند اثربخشی آن کمتر است,
fellowship_infertility_1403.jsonl,OBGYN-1403-FELLOWSHIP-INFERTILITY-022,خانم ۲۸ ساله G۲L۲ که سال قبل جهت پیشگیری از بارداری IUD گذاشته به علت درد مراجعه کرده.است در معاینه درد و تندرنس روی رحم.دارد مناسب ترین اقدام کدام است؟,شروع داکسی سیکلین به مدت ۱۴ روز بدون نیاز به خارج کردن IUD,"بررسی ESR CRP, و تصمیم گیری بر اساس آن",بررسی از نظر آکتینومایسیس و در صورت مثبت بودن IUD خارج شود,بستری و شروع آنتی بیوتیک تزریقی و در صورت عدم بهبودی IUD خارج شود,
fellowship_infertility_1403.jsonl,OBGYN-1403-FELLOWSHIP-INFERTILITY-023,در طی فرآیند ظرفیت یابی اسپرم (Capacitation) کدامیک از تغییرات زیر صورت می گیرد؟,افزایش تحرک گیرنده ها,چسبیدن پروتئین دفنسین (Beta-Defensin۱۲۶) به سر اسپرم,تغییرات بار سطح اسپرم,افزایش تحرک اسپرم,
fellowship_infertility_1403.jsonl,OBGYN-1403-FELLOWSHIP-INFERTILITY-024,در لانه گزینی زمانی که به اندازه کافی remodeling artery Spiral اتفـاق نیفتد بیمار در طی حاملگی دچار پره اکلامپسی می.شود این مسئله ناشی از کدامیک از شرایط زیر می‌باشد؟,افزایش سطح آزاد TGFB,افزایش سطح آنتی آنژیوژنیک فاکتور sFLT-Y,کاهش سطح فاکتور andoglin Soluble,افزایش سطح آزاد VEGF,
fellowship_infertility_1403.jsonl,OBGYN-1403-FELLOWSHIP-INFERTILITY-025,پاسخ غلط نمره عدم پاسخگوی خانم ۳۰ ساله با درد،شکم تب بالا و تهوع مراجعه کرده.است در سونوگرافی آبسه بزرگ ۱۲cm در آدنکس سمت چپ مشاهده می.شود مناسب ترین اقدام بعدی کدام است؟,آنتی بیوتیک وریدی ۷۲ ساعت و در صورت پاسخ به درمان شروع آنتی بیوتیک خوراکی,آنتی بیوتیک وریدی ۴۸ ساعت و سپس درمان جراحی,درناژ پرکوتانئوس زیر گاید CT,جراحی اورژانسی,
fellowship_infertility_1403.jsonl,OBGYN-1403-FELLOWSHIP-INFERTILITY-026,خانم ۳۲ ساله کاندید IVF که به علت آبسه لگنی و PID تحت درمان آنتی بیوتیک قرارگرفته بعد از ۷۲ ساعت علائم بیمار رو به بهبودی.است هیدروسالپنکس در سونوگرافی قابل مشاهده می.باشد مناسب ترین اقدام کدام است؟,لاپاراسکوپی اورژانسی و سالپنژکتومی,سالپنژکتومی ۳-۲ ماه بعد از درمان آنتی بیوتیک,انجام IVF به همراه آنتی بیوتیک تراپی در سیکل بعد,تخلیه هیدروسالپنکس حین OPU,
fellowship_infertility_1403.jsonl,OBGYN-1403-FELLOWSHIP-INFERTILITY-027,در بررسی های به عمل آمده از دختری با بلوغ زودرس)بزرگی پستان همراه با موهای پوبیک و سن استخوانی (نرمال در تست تحریکی،GnRH سطح پایه و تحریک شده LH بالا بوده.است در ادامه بررسی ها کدامیک از موارد زیر ضرورتی ندارد؟,اندازه گیری ۱۷OHP ۱۷) هیدروکسی (پروژسترون,انجام MRI مغز,"درخواست T۴ Free TSH,",سونوگرافی رحم و ضمائم,
fellowship_infertility_1403.jsonl,OBGYN-1403-FELLOWSHIP-INFERTILITY-028,دختری ۷ ساله با شروع علائم،تلارک رشد قدی و موهای پوبیک مراجعه کرده.است در بررسی های انجام گرفته علت بلوغ زودرس او ایدیوپاتیک.است سن استخوانی او ۸ سال.است کدامیک از درمان های زیر صحیح می‌باشد؟,تزریق ۳.۷۵ Triptorelin هر ماه تا ۲ سال و سپس ویزیت مجدد بیمار,تزریق ۳.۷۵ Leuprolide ماهانه با کنترل LH و ویزیت هر ۶-۳ ماه بیمار,تزریق ۹.۸mg،Goserelin هر ۳ ماه با ویزیت ۶-۳ ماه یک بار و بررسی تراکم استخوانی ۳ ماه بعد,تزریق ۳.۷۵mg Leuprolide ماهانه با هورمون رشد و ویزیت هر ۶ ماه بعد,
fellowship_infertility_1403.jsonl,OBGYN-1403-FELLOWSHIP-INFERTILITY-029,پاسخ غلط نمره عدم پاسخگوی زوجی جهت درمان ناباروری مراجعه کرده.اند خانم مشکلی.ندارد آقا واریکوسل متوسط.دارد شمارش اسپرموگرام یک میلیون.است بیضه ها آتروفیک و FSH=۲۲MLU/ML.است اقدام درمانی مناسب کدام است؟,Varicocelectomy,FSH therapy,ICSI,اندازه گیری سطح تستوسترون و LH,
fellowship_infertility_1403.jsonl,OBGYN-1403-FELLOWSHIP-INFERTILITY-030,در یک مرد نابارور شمارش اسپرم ۴ میلیون در میلی،لیتر سطح گنادوتروپین ها،نرمال Testosteron=۱۱۰mg/dl و نسبت تستوسترون به استرادیول ۸ می.باشد بیمار از کدام درمان سود می برد؟,Clomid + HCG,HCG + HMG,FSH + LH,Letrozol + Testosterone,
fellowship_infertility_1403.jsonl,OBGYN-1403-FELLOWSHIP-INFERTILITY-031,خانمی ۴۲ ساله که ۳ سال پیش تحت هیسترکتومی اووفورکتومی یک طرفه قرار گرفته با درد شدید لگنی مراجعه کرده.است در سونوگرافی در سمت راست و ناحیه رتروپریتوئن توده کیستیک دیده می.شود مناسب ترین اقدام کدام است؟,دادن آنالوگ GnRH به مدت طولانی,جراحی و خارج کردن توده کیستیک,تخلیه زیر گاید سونوگرافی,تجویز لتروزول,
fellowship_infertility_1403.jsonl,OBGYN-1403-FELLOWSHIP-INFERTILITY-032,در جراحی اندومتریوما کدامیک از کارهای زیر باعث صدمه بیشتری به ذخایر تخمدانی می شود؟,هموستاز با الکتروکواگولاسیون,تزریق وازوپرسین در محل تخمدان قبل از جراحی,سوچور کردن محل کیست اندومتریوما,پاره شدن اندومتریوما و ریختن متریال قهوه ای داخل شکم,
fellowship_infertility_1403.jsonl,OBGYN-1403-FELLOWSHIP-INFERTILITY-033,پاسخ غلط نمره عدم پاسخگوی خانمی با دیس پارونی عمقی مراجعه کرده.است در تخمدان های بیمار در سونوگرافی واژینال دو توده اندومتریوما دیده شده.است برای بررسی ابتلای سپتوم رکتوواژینال به عنوان علت دیس پارونی عمقی کدام روش بهتر است؟,MRI,سونوگرافی سه بعدی واژینال,سونوگرافی واژینال با تزریق ژل داخل رکتوم,Scan CT با مصرف خوراکی ماده حاجب,
fellowship_infertility_1403.jsonl,OBGYN-1403-FELLOWSHIP-INFERTILITY-034,خانمی در سیکل IVF با پروتکل agonist Long در طی استفاده از Agonist GhRH یک کیست ۳×۲ cm تشکیل داده.است بهترین اقدام در این مورد کدام است؟,تخلیه کیست قبل از استیمولیشن,کنسل کردن سیکل و تجویز OCP,طولانی کردن و ادامه ساپرشن با استفاده از آگونیست قبل از تحریک تخمدان ها,ادامه سیکل و شروع دارو جهت استیمولیشن تخمدان ها با توجه به چک سطح استرادیول,
fellowship_infertility_1403.jsonl,OBGYN-1403-FELLOWSHIP-INFERTILITY-035,خانم ۳۵ ساله که مدت ۳ ماه آمنوره داشته در حال حاضر با لکه بینی مراجعه نموده.است βhCG منفی و در سونوگرافی آندومتر ۸mm.است در مطب پایپل انجام شده که پاتولوژی نمونه کافی نداشته.است اقدام بعدی کدام است؟,D&C,هیستروسکوپی,تجویز پروژسترون,"بررسی سطح FSH LH,",
fellowship_infertility_1403.jsonl,OBGYN-1403-FELLOWSHIP-INFERTILITY-036,کدام گزینه در مورد Elagolix صحیح می‌باشد؟,یک آنتاگونیست GnRH تزریقی است,در IVF جهت تریگر اوولاسیون استفاده می شود,در درمان دیسمنوره و آندومتریوز مؤثر می‌باشد,در مورد آدنومیوزیس و میوم کاربردی ندارد,
fellowship_infertility_1403.jsonl,OBGYN-1403-FELLOWSHIP-INFERTILITY-037,پاسخ غلط نمره عدم پاسخگوی در خانمی با سابقه سقط مکرر که همه در سه ماهه اول بوده است تمام بررسی ها انجام شده و هیچ علتی پیدا نشده.است کدام یک از توصیه های زیر برای بیمار صحیح است؟,۷۵٪ امکان سقط در حاملگی بعدی دارد,تجویز پروژسترون شیاف شانس حاملگی موفقیت آمیز را افزایش می دهد,تجوز توامان آسپرین و پروژسترون شانس LBR را افزایش می دهد,مانیتور دقیق در سه ماهه اول همراه با support emotional باعث بهبود سرانجام حاملگی می شود,
fellowship_infertility_1403.jsonl,OBGYN-1403-FELLOWSHIP-INFERTILITY-038,کدامیک از گزینه ها در مورد pain Referred صحیح می‌باشد؟,درد شدید ناگهانی مانند پرفوراسیون یا پارگی و ایسکمی می‌باشد,احساس درد درتمام شکم که ثانویه به تحریک پریتوان می‌باشد,درد لوکالیزه شده در ناحیه ای از دیواره شکم,دیسمنوره شاخص درد Referred می‌باشد,
fellowship_infertility_1403.jsonl,OBGYN-1403-FELLOWSHIP-INFERTILITY-039,خانم بارداری که به طور ناگهانی دچار درد شدید همراه با استفراغ شده است که ابتدا درد مداوم بوده در حال حاضر کولیکی.است بیمار با ART حامله شده و ۶ هفته می.باشد در سونوگرافی دو روز قبل ۵ هفته و ۵ روز و یک توده آدنکسال ۵cm داشته.است در سونوگرافی ۶جدید هفته و توده ۷cm آدنکسال دیده می.شود داپلر عروق تخمدان و جریان خون نرمال را نشان می.دهد اقدام بعدی کدام است؟,تحت نظر گرفتن همراه با CBC روزانه و سونوگرافی,انجام CT اسکن بدون تزریق,لاپاراسکپی جهت تشخیص و درمان,لاپاراتومی به دنبال افت هموگلوبین,
fellowship_infertility_1403.jsonl,OBGYN-1403-FELLOWSHIP-INFERTILITY-040,خانم ۳۶ ساله با سابقه نازایی ۵ ساله مراجعه کرده.است در بررسی های انجام شده پروژسترون در فاز میانی لوتئال ۱۸ نانوگرم در میلی لیتر آنالیز اسپرم و HSG نرمال.دارد اقدام تشخیصی بعدی کدام است؟,بیوپسی آندومتر,لاپاراسکوپی تشخیصی,انجام PCT,بررسی ذخایر تخمدان,
fellowship_infertility_1403.jsonl,OBGYN-1403-FELLOWSHIP-INFERTILITY-041,پاسخ غلط نمره عدم پاسخگوی کدامیک از علل زیر باعث تشکیل رحم در مردان ۴۶XY با صفات ثانویه جنسی مردانه می شود؟,غیر فعال بودن ژن SRY,کمبود تستوسترون,کمبود ۵ آلفاردوکتاز,جهش گیرنده AMH,
fellowship_infertility_1403.jsonl,OBGYN-1403-FELLOWSHIP-INFERTILITY-042,نوزادی با ابهام تناسلی متولد شده.است در بررسی اولیه کاریوتیپ ۴۶XY و سطح ۱۷OHP و ۱۷ هیدروکسی پروگننولون طبیعی و در سونوگرافی بیضه مشاهده شده.است تست بعدی کدام است؟,AMH,تست تحریکی HCG,تست تستوسترون بر DHT,تست تحریکی با ACTH,
fellowship_infertility_1403.jsonl,OBGYN-1403-FELLOWSHIP-INFERTILITY-043,گزارش HSG خانم ۲۸ ساله با سابقه نازایی ۳ ساله ذکر شده که ناحیه فیمبریا هر ۲ لوله بسته می،باشد مناسب ترین اقدام کدام است؟,IVF,بستن لوله های رحمی از طریق هیستروسکوپی و سپس IVF,برداشتن ۲ طرفه لوله ها با لاپاراسکپی و بعد IVF,Fimbriplasty دو طرفه,
fellowship_infertility_1403.jsonl,OBGYN-1403-FELLOWSHIP-INFERTILITY-044,خانم ۳۷ ساله با تشخیص infertility Unexplaind به مدت ۴ سال مراجعه کرده و در تمام بررسی های انجام شده تنها یافته قابل ملاحظه سپتوم رحمی.است قرار است برای وی IVF انجام.شود روش صحیح برای سپتوم رحمی کدام است؟,ارتباطی با نازایی ندارد و نیاز به جراحی نیست,در صورت سقط یا زایمان زودرس جراحی انجام شود,قبل از هر اقدامی هیستروسکوپی متروپلاستی شود,در صورتی که اقدامات ART ناموفق بود جراحی انجام شود,
fellowship_infertility_1403.jsonl,OBGYN-1403-FELLOWSHIP-INFERTILITY-045,پاسخ غلط نمره عدم پاسخگوی دختر ۱۶ ساله با شکایت آمنوره،اولیه عدم نمو پستان ها و علائم هیپرآندروژنیسم و ویریلیزاسیون در موقع بلوغ مراجعه کرده.است آزمایشات همراه بیمار پرولاکتین و TSH،نرمال FSH بالا و استرادیول پایین می.باشد نمای تخمدان هادر سونوگرافی مولتی کیستیک.است مادر وی در شرح حال ذکر می کند که در نیمه دوم بارداری این فرزند دچار پر مویی شده که بعد از تولد بهبود یافته.است محتمل ترین تشخیص کمبود کدام آنزیم می‌باشد؟,Aromatase,hydroxylase-۲,P۴۵۰oxid reductase,۱۱B-Hydroxy steroid hydrogen,
fellowship_infertility_1403.jsonl,OBGYN-1403-FELLOWSHIP-INFERTILITY-046,عاملی که سبب می شود IUD پروژسترونی باعث آتروفی آندومتر شود کدام است؟,افزایش تولید پرولاکتین,تحریک تولید IGFBP-۱,افزایش تولید EGF,تولید متالوپروتئینازها,
fellowship_infertility_1403.jsonl,OBGYN-1403-FELLOWSHIP-INFERTILITY-047,کاهش سایز میوم های رحمی در اثر GnRH به چه دلیل می‌باشد؟,اثرات سیتوتوکسیک,افزایش آپوپتوزیس,از دست دادن آب و ماتریکسن سلولی,کاهش واسکولاریتی بافت میوماتوز,
fellowship_infertility_1403.jsonl,OBGYN-1403-FELLOWSHIP-INFERTILITY-048,بیماری مشکوک به چسبندگی قسمت های تحتانی شکم و کاندید لاپاراسکوپی می.باشد محل ورود سوزن Insufflation در کدام قسمت شکم مناسب تر است؟,Upper umbilicus,LLQ,LUQ,RUQ,
fellowship_infertility_1403.jsonl,OBGYN-1403-FELLOWSHIP-INFERTILITY-049,پاسخ غلط نمره عدم پاسخگوی خانم بارداری در هفته ۲۶ مراجعه نموده.است بیمار از پرمویی زیاد در هفته های اخیر شاکی.است موهای زبر و کلفت روی ناحیه،صورت سینه و شکم.دارد کدامیک از تغییرات ژنی ممکن است باعث این اتفاق شده باشد؟,جهش غیرفعال کننده ژن CYP۱۹A۱,جهش در ژن STAR,جهش ژنی CYP۲۱P,جهش ژن سیتوکرومی P۴۵۰,
fellowship_infertility_1403.jsonl,OBGYN-1403-FELLOWSHIP-INFERTILITY-050,خانمی ۳۹ ساله با سیکل قاعدگی منظم که هر ماه در روز نهم سیکل قاعدگی معاینه برست خود (BSE) را انجام می،دهد با شکایت لمس توده در کوادران فوقانی برست راست مراجعه نموده.است در معاینه انجام شده توسط پزشک توده ای لمس.نشد اقدام مناسب بعدی کدام است؟,درخواست سونوگرافی,تکرار معاینه یک ماه بعد توسط پزشک,درخواست ماموگرافی,اطمینان دادن به بیمار,
fellowship_infertility_1403.jsonl,OBGYN-1403-FELLOWSHIP-INFERTILITY-051,فعالیت آنتاگونیستی تاموکسی فن به علت کدام تغییرات زیر است؟,اتصال به گیرنده هسته ای و اعمال تغییرات در پردازش طبیعی گیرنده DNA,رقابت بر سر گیرنده هسته ای با استرادیول,کاهش گیرنده های استروژن در بافت های هدف,تغییرات پروتئین سرمی,
fellowship_infertility_1403.jsonl,OBGYN-1403-FELLOWSHIP-INFERTILITY-052,خانمی ۳۶ ساله G۲L۲ با شکایت رتراکسیون نیپل راست مراجعه کرده.است در معاینه به جز اینورژن نیپل راست نکته خاصی مشاهده نشد و هیچگونه توده ای در معاینه کامل پستان ها لمس.نشد اقدام مناسب بعدی کدام است؟,اطمینان دادن به بیمار,MRI هر دو برست,سونوگرافی هر دو برست و ماموگرافی,بیوپسی پستان,
fellowship_infertility_1403.jsonl,OBGYN-1403-FELLOWSHIP-INFERTILITY-053,پاسخ غلط نمره عدم پاسخگوی خانم ۴۰ ساله یک سال قبل تحت بیوپسی پستان قرار گرفته و فیبروآدنوم خوش خیم داشته.است با ضایعه اسکلروزه در محل بیوپسی مراجعه نموده است و در ماموگرافی انجام شده که به همراه دارد توده خوشه ای mass) (Speculated مشاهده می.شود در این بیمار اقدام مناسب کدام است؟,اطمینان دادن به بیمار,انجام بیوپسی مجدد,اکسیزیون جراحی,ماستکتومی,
fellowship_infertility_1403.jsonl,OBGYN-1403-FELLOWSHIP-INFERTILITY-054,مکانیسم کدامیک از داروهای کاهش وزن مورد تایید FDA از طریق تقویت فعالیت انتقال دهنده عصبی گاما آمینوبوتیرات و مهار گیرنده های تحریکی گلوتامات است؟,فنترمیـن,لیراگلوتایـد,توپیرامات,لوراکاسرین,
fellowship_infertility_1403.jsonl,OBGYN-1403-FELLOWSHIP-INFERTILITY-055,در خانمی که دیابت تیپ ۲ دارد و با BMI=۳۵ مراجعه نموده است در کنار رژیم غذایی کدامیک از داروهای کاهش وزن زیر توصیه می شود؟,لیراگلوتایـد,فنفلورامین,دکسفلورامین,فلوکستین,
fellowship_infertility_1403.jsonl,OBGYN-1403-FELLOWSHIP-INFERTILITY-056,در مواردی که می خواهیم ترانس پوزیشن تخمدان را برای رادیوتراپی لگنی انجام دهیم کدامیک از ساختارهای زیر همیشه باید قطع شود؟,یوترو اوارین لیگامان,پروگزیمال لوله فالوپ,پریتوئن قسمت تحتانی تخمدان,اینفاندیبولوپلویک لیگامان,
fellowship_infertility_1403.jsonl,OBGYN-1403-FELLOWSHIP-INFERTILITY-057,پاسخ غلط نمره عدم پاسخگوی حساس ترین روش تشخیص جاگذاری صحیح کاتتر ورس حین لاپاراسکوپی کدام است؟,Double click test,Hanging drop test,Aspiration test,Initial insufflation pressure,
fellowship_infertility_1403.jsonl,OBGYN-1403-FELLOWSHIP-INFERTILITY-058,کدامیک از موارد زیر از اصول پروتکل همگانی TM بوده و به افزایش ایمنی بیمار در اتاق عمل کمک می کند؟,مشخص کردن محل عمل توسط جراح در پرونده بیمار,تکرار دستورات پزشک توسط پرستار,تأیید هویت بیمار و آگاهی وی از عمل قبل از عمل,عدم تأخیر در شروع جراحی در اتاق عمل,
fellowship_infertility_1403.jsonl,OBGYN-1403-FELLOWSHIP-INFERTILITY-059,جهت مقابله با اتلاف هزینه های روند مراقبت های بهداشتی پیروی از کدام اصول زیر توصیه می شود؟,افزایش تنوعات بالینی در روندهای مراقبتی,هدایت مستقیم پزشک در انتخاب روش,درگیری مستقیم بیمار در رهبری روند مراقبت های بهداشتی,ارتقاء کارگروهی و ارتباط بین ارائه کنندگان خدمات از رشته های مختلف,
fellowship_infertility_1403.jsonl,OBGYN-1403-FELLOWSHIP-INFERTILITY-060,هنگام جایگذاری تروکار در لاپاراسکوپی احتمال آسیب به کدام عروق به راحتی وجود دارد؟,سیرکومفلکس عمقی,اپیگاستریک تحتانی,ابتوراتور,پودندال خارجی,
fellowship_infertility_1403.jsonl,OBGYN-1403-FELLOWSHIP-INFERTILITY-061,پاسخ غلط نمره عدم پاسخگوی در خانم ۲۸ ساله G۱P۱ با میوم های رحمی بزرگ تصمیم به استفاده از Ulipristal گرفته شده.است برای پیشگیری از تغییرات ناشی از استروژن Unopposed دارو لازم است چگونه تجویز شود؟,همراه با GnRH,بصورت مداوم,بصورت اینترمیتانت,همراه با استروژن,
fellowship_infertility_1403.jsonl,OBGYN-1403-FELLOWSHIP-INFERTILITY-062,زوجی به دنبال نازایی اولیه دوساله مراجعه نموده.اند در شرح حال،اولیه خانم ۲۳ ساله دچار انقباض غیرارادی و درد مداوم در هنگام تلاش برای دخول واژینال می.باشد زوجین تا کنون برای حل این مشکل مراجعه نداشته.اند در ارتباط با این مشکل کدام مورد صحیح است؟,ًلااحتما این خانم در گذشته سابقه ترومای جنسی داشته.است,این خانم آگاهی نادرستی نسبت به آناتومی ناحیه تناسلی و واژن.دارد,توصیه یه انجام IUI زیر بیهوشی اقدام اولیه برای این زوج.است,احتمال همراهی با سایر اختلالات روانپزشکی در این خانم نسبت به جمعیت عادی بالاتر.نیست,
fellowship_infertility_1403.jsonl,OBGYN-1403-FELLOWSHIP-INFERTILITY-063,خانم ۳۵،ساله PG به دنبال انتقال دو جنین بلاستوسیست فریز با تست بارداری ۷۰۰MLU/ML مراجعه می.کند ۴۸ ساعت بعد تیتراژ بتا به ۱۳۰۰ می.رسد ۹۶ ساعت پس از تست اولیه MLU/ML βhCG=۲۱۰۰ می.شود سونوگرافی ترانس واژینال بیمار در این زمان ضخامت آندومتر را ۱۴mm گزارش می.کند شواهدی از ساک بارداری داخل یا خارج رحم دیده نمی.شود مایع آزاد.ندارد اقدام ارجح در این بیمار کدام است؟,با توجه به عدم رویت،ساک داروهای IVF قطع و بیمار با تیتراژ بتا پیگیری شود,با تشخیص حاملگی با محل،نامشخص داروهای IVF قطع و بیمار کاندید درمان با متوتروکسات شود,با تشخیص حاملگی با محل نامشخص بیمار کاندید لاپاراسکوپی می شود,فالوآپ بیمار با تیتراژ بتا و سونوگرافی واژینال ۴۸ ساعت بعد ادامه یابد,
fellowship_infertility_1403.jsonl,OBGYN-1403-FELLOWSHIP-INFERTILITY-064,خانم ۲۵،ساله G۲Ab۱ به علت حاملگی لوله ای قلب دار تحت عمل جراحی لاپاراسکوپی و سالپنگوستومی قرار گرفته.است قبل از βhCG=۵۸۰۰MIU/MLعمل بود که ۲۴ ساعت پس از عمل به ۵۲۰۰.رسید مناسب ترین اقدام کدام است؟,تکرار ۴۸، βhCG ساعت بعد,لاپاراسکوپی مجدد و برداشتن لوله,تجویز یک دوز متوترکسات,انجام کورتاژ رحمی,
fellowship_infertility_1403.jsonl,OBGYN-1403-FELLOWSHIP-INFERTILITY-065,"پاسخ غلط نمره عدم پاسخگوی خانم ۳۰ ساله با هیرسوتیسم و اختلالات قاعدگی مراجعه کرده.است در Totalبررسی Testosterone=۱۳۰ng/dl اندازه گیری شده.است ۵۰۰ng/dl DHEA-S= ۱۷OHP=۱۵۰ng/dl, می.باشد تشخیص کدام است؟",تومور تخمدانی,سندرم تخمدان پلی کیستیک,هیپرپلازی مادرزادی آدرنال,تومور آدرنال,
fellowship_infertility_1403.jsonl,OBGYN-1403-FELLOWSHIP-INFERTILITY-066,بیمار خانم ۲۹ ساله با هیپرتکوزوهیرسوتیسم شدید ارجاع شده.است IU/L LH=۱۸ است و به درمان های معمولی پاسخ نمی.دهد درمان مناسب بعدی کدام است؟,گلوکوکورتیکوئید,افلونتین هیدروکلرید,GnRH آگونیست,متفورمین,
fellowship_infertility_1403.jsonl,OBGYN-1403-FELLOWSHIP-INFERTILITY-067,دختر بچه ۱۰ ساله Case شناخته شده بیماری نورولوژیک بدخیم کاندید Preservation Fertility.است در این بیمار منارک هنوز رخ نداده.است اقدام مناسب کدام است؟,Oocyte Cryopreservation,اندیکاسیون حفظ باروری ندارد,Ovarian tissue Cryopreservation (OTC),(In Vitro Maturation) IVM,
fellowship_infertility_1403.jsonl,OBGYN-1403-FELLOWSHIP-INFERTILITY-068,بیمار خانم ۳۵ ساله G۱P۱ کیس کنسر کولون می‌باشد که توسط جراح کولورکتال عمل شده و حین عمل OTT Transposition) Tissue (Ovarian برای بیمار انجام شده.است بعد از ۶ ماه از جراحی انکولوژیست تصمیم به کموتراپی گرفته.است بیمار تمایل به بارداری.دارد مناسب ترین اقدام کدام است؟,Embryo Cryopreservation,Oocyte Cryopreservation,(In Vitro Maturation) IVM,Ovarian tissue Cryopreservation (OTC),
fellowship_infertility_1403.jsonl,OBGYN-1403-FELLOWSHIP-INFERTILITY-069,"پاسخ غلط نمره عدم پاسخگوی پایان نامه یکی از فلوشیپ های نازایی ""بررسی مقایسه ای اثر لتروزول و antagonist GnRH در بیماران PCOS برای کاهش بروز OHSS به دنبال پونکسیون تخمدان ""ها می.باشد نوع مطالعه انجام شده کدام است؟",Case control study,Cohort study,Cross- Sectional study,Randomized control trial,
fellowship_infertility_1403.jsonl,OBGYN-1403-FELLOWSHIP-INFERTILITY-070,مطالعه ای که مصرف یا عدم مصرف سیگار را در ایجاد کانسر رحم در دو گروه بیماران سالم و افراد مبتلا به کانسر رحم بررسی می،کند چه نوع مطالعه ای است؟,کلینیکال ترایال,کیس کنترل,کوهورت,کراس سکشنال,
fellowship_infertility_1403.jsonl,OBGYN-1403-FELLOWSHIP-INFERTILITY-071,کدام گزینه در مورد فولیکول های پره آنترال صادق است؟,چند لایه ای شدن سلول های گرانولوزا مستقل از گنادوتروپین اتفاق می افتد,منطبق شدن سلول های گرانولوزا با افزایش تولید پروژسترون ارتباط دارد,گیرنده های FSH بر روی سلول های گرانولوزا در این مرحله قابل شناسایی هستند,سیستم آنزیمی آروماتاز فاکتور تسریع کننده تولید استروژن می‌باشد,
fellowship_infertility_1403.jsonl,OBGYN-1403-FELLOWSHIP-INFERTILITY-072,در رابطه با فولیکول های آنترال در فقدان FSH ماده اصلی در مایع فولیکولی کدام مورد زیر است؟,استروژن,آندروژن,پروژسترون,LH,
fellowship_infertility_1403.jsonl,OBGYN-1403-FELLOWSHIP-INFERTILITY-073,پاسخ غلط نمره عدم پاسخگوی کدام گزینه در رابطه با AMH صحیح نیست؟,سطوح AMH تحت تأثیر گنادوتروپین ها یا هورمون های جنسی قرار نمی گیرد,مصرف OCP بر سطح اندازه گیری شده AMH اثر می گذارد,تراکم AMH در سلول های پره انترال به اوج خود می رسد,AMH در پیدایش فولیکول های غالب تأثیر گذار است,
fellowship_infertility_1403.jsonl,OBGYN-1403-FELLOWSHIP-INFERTILITY-074,دختر ۲۰ ساله مجرد از دیسمنوره شکایت.دارد همه روش های تشخیصی،)رادیولوژی،سونوگرافی (MRI مشکلی را نشان نداده.اند مدت طولانی OCP تجویز شده که مؤثر نبوده.است بیمار لاپاراسکوپی شد و تعداد زیادی ضایعات سطحی آندومتریوز مشاهده.شد کدام مورد زیر توصیه می شود؟,خاتمه لاپاراسکوپی و تجویز Dinogest,Ablation of lesions,Laser vaporization,Excision of lesion,
fellowship_infertility_1403.jsonl,OBGYN-1403-FELLOWSHIP-INFERTILITY-075,خانم ۳۲ ساله به علت ناباروری،اولیه دیسمنوره و درد لگنی غیر قابل تحمل مراجعه کرده.است در بررسی های انجام شده DIE Rectovaginal تشخیص داده می.شود فیبروز ًلاکام عمقی بوده و تا سطوح پایین سرویکس ادامه پیدا کرده.است برای آزاد کردن چسبندگی و رسیدن به نقاط آندومتریوز کدام روش زیر توصیه می شود؟,ًاترجیح شروع باز کردن چسبندگی ها از بافت طبیعی و بدون چسبندگی باشد,برای رسیدن به کولدو ساک خلفی از طرفین و کنار لیگامان یوتروساکرال عبور شود,هنگام باز کردن فضای رکتوواژینال از رسیدن به plate Levator پرهیز شود,جهت حرکت و آزاد کردن بافت ها ًاحتم چسبندگی های ضخیم باز شود,
fellowship_infertility_1403.jsonl,OBGYN-1403-FELLOWSHIP-INFERTILITY-076,خانم ۳۵ ساله با ناباروری و دردشدید مزمن لگنی مراجعه کرده.است در بررسی های مختلف تشخیص DIE داده و تصمیم به جراحی گرفته.شد در حین لاپاراسکوپی برای آزاد کردن حالب ها کدام اقدام زیر توصیه می شود؟,در موارد شدید مسیر حالب ها پیدا می شود و بهتر است کاتتریزاسیون از طریق مثانه انجام شود,باید حالب را از محل دو شاخه شدن شریان ایلیاک پیدا و آزاد کرد,در این موارد مسیر حالب از روی ایلیاک داخلی است و باید انسزیون از آنجا انجام داده شود,محل انسزیون باید از لیگامان Utero-sacral شروع شود,
fellowship_infertility_1403.jsonl,OBGYN-1403-FELLOWSHIP-INFERTILITY-077,پاسخ غلط نمره عدم پاسخگوی کدام عبارت در مورد ریسک بروز ترومبوز وریدی با مصرف قرص های ضد بارداری صحیح است؟,قرص های مدرن ریسک کمتری دارند,مصرف سیگار ریسک ترومبوز شریانی بیشتری دارد,در حال حاضر در جمعیت نرمال ریسک بروز آن کاهش یافته است,با قرص های پروژستینی بیشتر از قرص های ترکیبی اتفاق می افتد,
fellowship_infertility_1403.jsonl,OBGYN-1403-FELLOWSHIP-INFERTILITY-078,خانم ۲۵ ساله با سابقه میگرن شدید بدون اورای قاعدگی که باعث اختلال در کیفیت زندگی او می شود و به دلیل عدم پاسخ به درمان ضد دردهای معمول مراجعه کرده.است کدام درمان هورمونی به بیمار توصیه می شود؟,قرص ضد بارداری خوراکی ترکیبی -استروژن پروژسترونی,قرص ضد بارداری پروژسترونی,درمان با هورمون استروئید,آگونیست GnRH,
fellowship_infertility_1403.jsonl,OBGYN-1403-FELLOWSHIP-INFERTILITY-079,بیمار ۳۰ ساله G۲P۲ با دیسمنوره شدید و پریودهایی با خونریزی زیاد مراجعه کرده.است در صورتی که بیمار تمایل به داشتن فرزند دیگر نداشته باشد کدام درمان زیر توصیه می شود؟,آمپول مدروکسی پروژسترون ۳ ماه یک بار,IUD مسی,IUD پروژسترونی,آگونیست GnRH,
fellowship_infertility_1403.jsonl,OBGYN-1403-FELLOWSHIP-INFERTILITY-080,خانم ۳۲ ساله G۳P۲Ab۱ که سال ها علائم سندرم قبل از قاعدگی داشته برای جلوگیری از بارداری از ۶ ماه قبل قرص ضد بارداری خوراکی شروع کرده و متوجه بهبود چشمگیر علائمش شده.است در صورت ادامه مصرف OCP کدام مورد زیر را باید مورد توجه قرار داد؟,مانیتورینگ سطح هورمون های استروژن و پروژسترون,اندازه گیری تراکم استخوان سالانه,سنجش پروفایل قند و لیپید هر ۶ ماه,ارزیابی ریسک حوادث ترومبوآمبولی,
fellowship_infertility_1403.jsonl,OBGYN-1403-FELLOWSHIP-INFERTILITY-081,پاسخ غلط نمره عدم پاسخگوی خانم ۲۱ ساله با تحریک پذیری و نفخ قبل از پریود از ۶ ماه قبل مراجعه کرده.است در صورتی که بیمار در فواصل پریودها بدون علامت باشد توصیه مناسب کدام است؟,ورزش منظم,تجویز داروهای هورمونی,استراحت در روزهای قبل از پریود و حین پریود,اصلاح الگوی خواب,
fellowship_infertility_1403.jsonl,OBGYN-1403-FELLOWSHIP-INFERTILITY-082,دختر بچه ۸ ساله بعلت برآمده بودن جوانه پستانی و بدون ظاهر شدن موهای اگزیلا و پوبیک توسط مادرش به درمانگاه آورده شده.است توصیه مناسب کدام است؟,ارزیابی محور -هیپوفیز تخمدان,سونوگرافی رحم و تخمدان ها,ارزیابی قسمت های عملکرد تیروئید و آدرنال,ویزیت با فواصل مکرر برای ارزیابی پیشرفت بلوغ,
fellowship_infertility_1403.jsonl,OBGYN-1403-FELLOWSHIP-INFERTILITY-083,کدامیک از داروهای زیر مهار کننده ی قوی و غیرقابل برگشت آنزیم COX۲ است؟,آسپرین,ناپروکسن,دیکلوفناک,کورتیکواستروئید,
fellowship_infertility_1403.jsonl,OBGYN-1403-FELLOWSHIP-INFERTILITY-084,خانمی با رتارد قاعدگی و IU/Lit βhCG=۱۴۵ بدون درد و خونریزی مراجعه کرده.است سونوگرافی واژینال نرمال و بدون ساک حاملگی.است دو بار تکرار بتا ۱۴۰ و ۱۵۰ گزارش شده.است در شرح حال همسر ایشان ًااخیر بیماری منونوکلئوز عفونی را ذکر می.کند مناسب ترین اقدام کدام است؟,لاپاراسکوپی تشخیصی,کورتاژ تشخیصی,بررسی آزمایش ادرار از نظر HCG,تکرار سونوگرافی واژینال و تیتراژ بتا,
fellowship_infertility_1403.jsonl,OBGYN-1403-FELLOWSHIP-INFERTILITY-085,پاسخ غلط نمره عدم پاسخگوی خانم نوجوانی با Bleeding Excessive مراجعه کرده.است در کدام شرایط زیر می توان معاینه لگن را به تأخیر انداخت؟,تست حاملگی مثبت باشد,خونریزی غیر طبیعی با هماتوکریت نرمال,درد شکمی داشته باشد,آنمی مشخص داشته باشد,
fellowship_infertility_1403.jsonl,OBGYN-1403-FELLOWSHIP-INFERTILITY-086,خانم ۲۰ ساله مبتلا به افسردگی به علت کبودی،پوست و افزایش فشار خون مراجعه کرده.است جهت افتراق علائم وی از سندرم کوشینگ کاذب ناشی از افسردگی کدام تست پیشنهاد می شود؟,تست دگزامتازون CRH-,جمع آوری ادرار ۲۴ ساعته از نظر دفع کورتیزول,اندازه گیری کورتیزول بزاق انتهای شب,آزمایش سرکوب شبانه دگزامتازون,
fellowship_infertility_1403.jsonl,OBGYN-1403-FELLOWSHIP-INFERTILITY-087,خانم ۲۸ ساله با تشخیص احتمالی سندرم کوشینگ مراجعه کرده.است سطح ACTH=۴pgr/ml.است اقدام بعدی کدام است؟,MRI هیپوفیز,آزمایش تحریک CRH,CT آدرنال,آزمایش سرکوب دگزامتازون با دوز بالا,
fellowship_infertility_1403.jsonl,OBGYN-1403-FELLOWSHIP-INFERTILITY-088,جهت کاهش سطح LH در یک بیمار PCO کدام درمان مناسب است؟,متفورمین,لتروزول,OCP,استروژن,
fellowship_infertility_1403.jsonl,OBGYN-1403-FELLOWSHIP-INFERTILITY-089,پاسخ غلط نمره عدم پاسخگوی ضمن هیستروسکوپی رزکتوسکوپی باید مواظب نازک ترین محل در رحم.بود این قسمت از رحم کدام است؟,ایسم,دیواره خلفی,فوندوس و نزدیک Ostia Tubal,دیواره قدامی در قسمت لاترال ما,
fellowship_infertility_1403.jsonl,OBGYN-1403-FELLOWSHIP-INFERTILITY-090,خانم ۴۷ ساله مدت ۶ ماه تحت درمان با GnRH-a ()آگونیست بوده و هیچ تغییری در سایز میوم رحمی ایجاد نشده.است مناسب ترین اقدام بعدی کدام است؟,امبولیزاسیون شریان رحمی,تجویز GnRH آنتاگونیست,هیسترکتومی ابدومینال توتال,داپلر اولترا سونوگرافی,
fellowship_infertility_1403.jsonl,OBGYN-1403-FELLOWSHIP-INFERTILITY-091,بیماری به علت اختلال در مقاربت مراجعه کرده.است شواهد واژینوسموس در معاینه مشاهده می.گردد در قدم اول انجام کدامیک از اقدامات زیر صحیح است؟,تجویز داروهای آرامبخش,اجرای روزانه touch Self ناحیه وستیبول,انجام بی حسی پودندال ۳۰ دقیقه قبل از مقاربت,گذاشتن دیلاتور واژینال با افزایش تدریجی قطر,
fellowship_infertility_1403.jsonl,OBGYN-1403-FELLOWSHIP-INFERTILITY-092,خانمی به علت دیسپارونی به درمانگاه مراجعه کرده.است در سابقه او عمل جراحی به علت سرطان پستان و شیمی درمانی وجود.دارد در معاینه علائم واژنیت اتروفیک مشهود.است کدام گزینه درمانی پیشنهاد می شود؟,مصرف اسید هیالورونیک قبل از نزدیکی,لیدوکائین ۱۰ دقیقه قبل از نزدیکی,تجویز Ospemifen,کورتیکواستروئید,
fellowship_infertility_1403.jsonl,OBGYN-1403-FELLOWSHIP-INFERTILITY-093,پاسخ غلط نمره عدم پاسخگوی کدامیک از فاکتورهای نورواندوکرین عامل ارتباطی بین تغذیه و عملکرد تولید مثلی است؟,نور اپی نفرین,سروتونین,نروپپتید Y,Kisspeptins,
fellowship_infertility_1403.jsonl,OBGYN-1403-FELLOWSHIP-INFERTILITY-094,سطح سرمی بالای پروژسترون از طریق چه مکانیسمی سبب کاهش ترشح گنادوتروپین ها می شود؟,تغییر نسبت ترشح گنادوتروپین از هیپوفیز,از طریق مهار پالس GnRH در هیپوتالاموس,افزایش پاسخ هیپوفیز به GnRH,تقویت عملکرد استروژن,
fellowship_infertility_1403.jsonl,OBGYN-1403-FELLOWSHIP-INFERTILITY-095,بیمار تحت عمل جراحی هیسترکتومی لاپاراسکوپیک قرار گرفته و در روز هفتم پس از عمل جهت کشیدن بخیه مراجعه کرده.است به علت شکایت از خروج ترشحات آبکی واژن تست تامپون واژن انجام می.شود پس از پر کردن مثانه با متیلن بلو رقیق شده تامپون رنگی نمی.شود اقدام بعدی چیست؟,تکرار تست تامپون واژینال روز بعد,تجویز فنازوپریدین خوراکی و تکرار تست,اندازه گیری کراتینین سرم,مطالعات تصویر برداری,
fellowship_infertility_1403.jsonl,OBGYN-1403-FELLOWSHIP-INFERTILITY-096,در حین انجام عمل هیسترکتومی جراح متوجه هماچوری و نشت ادرار در محیط عمل می.شود در بررسی انجام شده در پایه عروقی شریان رحمی قطع شده سمت،چپ قطع نسبی حالب مشاهده می.شود انجام کدامیک از گزینه های زیر صحیح است؟,ترمیم اولیه بر روی استنت حالب,یورترویورتروستومی,نفروستومی سمت چپ,Psoas hitch,
fellowship_infertility_1403.jsonl,OBGYN-1403-FELLOWSHIP-INFERTILITY-097,پاسخ غلط نمره عدم پاسخگوی خانم ۳۰ ساله نولی پار با شکایت آمنوره به دنبال انجام سقط القایی در هفته ۸ بارداری توسط ساکشن کورتاژ مراجعه کرده.است در معاینه ژنیکولوژی نرمال و آزمایش بارداری منفی.است در سونوگرافی اندازه رحم و تخمدان ها نرمال و تجمع خون داخل حفره رحم مشاهده می.شود کدام گزینه درمانی صحیح است؟,دیلاتاسیون سرویکس,کورتاژ تشخیصی,هیستروسکوپی,تزریق پروژسترون,
fellowship_infertility_1403.jsonl,OBGYN-1403-FELLOWSHIP-INFERTILITY-098,طبق گایدلاین ACOG معاینه سالیانه لگن به کدامیک از زنان زیر کمک بیشتری می کند؟,اختلالات قاعدگی,زنان با بی اختیاری ادرار,نازایی,بدون علامت,
fellowship_infertility_1403.jsonl,OBGYN-1403-FELLOWSHIP-INFERTILITY-099,دختر خانم ۱۶ ساله با آمنوره اولیه و بدون بروز صفات ثانویه جنسی مراجعه کرده.است در آزمایشات FSH=۳۵IU/L و کاریوتایپ ۴۵XO.دارد گزارش اکوکاردیوگرافی بیمار valve Aortic Bicusbid را نشان می.دهد توصیه مناسب کدام است؟,سونوگرافی کلیه و مجاری ادراری,انجام اکوکاردیوگرافی هر ۵ سال,هورمون تراپی ابتدا با استروژن به تنهایی و پس از ۲۴-۱۲ ماه اضافه نمودن پروژسترون به آن,Audiometry سالانه در صورت نرمال بودن شنوایی,
fellowship_infertility_1403.jsonl,OBGYN-1403-FELLOWSHIP-INFERTILITY-100,در مورد candidiasis vulvovaginal Recurrent کدام گزینه صحیح است؟,بارزترین علامت آن خارش است,مهمترین علت آن عفونت با انواع non-ablicans می‌باشد,در این افراد نیاز به انجام کشت قارچ نیست,بعد از اتمام درمان ساپرسیو نیمی از این بیماران دچار عود علائم می شوند,
fellowship_infertility_1403.jsonl,OBGYN-UNKNOWN-FELLOWSHIP-INFERTILITY-003,"خانم Fo ساله جهت Check up سالانه مراجعه کرده است. در معاینه نکته غیرطبیعی یافت نشد. سونوگرافی واژینال انجام شده؛ رحم نرمال در آدنکس راست کیست یونی لوکولار همراه با Incomplete Septation حدود ۶CM رویت شده, در بررسی دایلر ۶۵-۱ می‌باشد. مناسب ترین اقدام بعدی کدام است؟",TAH+BSO,بررسی بیشتر با MRI بدون تزریق و با تزریق,۷ تکرار سونوگرافی ۶ ماه بعد,انجام تومور مارکر,
fellowship_infertility_1403.jsonl,OBGYN-UNKNOWN-FELLOWSHIP-INFERTILITY-005,خانم ۱۸ ساله با BMI=۳۵ به علت درد شکم مراجعه کرده است. یافته های سونوگرافی آبدومینال قابل تفسیر نمی باشد بدین جهت MRI شکم و لگن انجام شده که گزارش آن به شرح زیر می‌باشد:,توده ۶۶۰۲۳ high سیگنال در ۷۱ و Low سیگنال در ۲۲ دارد و بعد از تزریق گادولینیم شواهدی از Enhancement در آن دیده,نمی شود. مناسب ترین اقدام بعدی PIS است؟,لاپاراتومی فوری,انجام ۰۷ و مشاوره جراحی,
fellowship_infertility_1403.jsonl,OBGYN-UNKNOWN-FELLOWSHIP-INFERTILITY-009,برای افتراق ow یک حاملگی داخل رحم ناموفق و EP کدامیک صحیح می‌باشد؟,اندازه گیری سریال پروژسترون,انجام لایاراسکیی تشخیصی,Vacuumed Aspiration v,Conservative Management,
fellowship_infertility_1403.jsonl,OBGYN-UNKNOWN-FELLOWSHIP-INFERTILITY-012,برای شروع لاپاراسکیی و گذاشتن اولین تروکارء جراح با بالا بردن قسمت پایینی شکم (بین ناف و پوبیس)» تروکار ۱۰ میلی متری را از انسریون زیر ناف وارد شکم می کند. به این روش چه می گویند؟,Hasson Technique,Open Technique,One stage direct inserction v,Two stage direct inserction,
fellowship_infertility_1403.jsonl,OBGYN-UNKNOWN-FELLOWSHIP-INFERTILITY-013,برای گذاشتن تروکارهای لترال در لاپاراسکیی می توان برای جلوگیری از ترومای عروقی از روش Transillumination استفاده کرد. این روش Gly دیدن کدام عروق بهتر است؟,Superficial inferior Epigastric v,Deep inferior Epigastric,Umbilical artery,Circumflex Epigastric,
fellowship_infertility_1403.jsonl,OBGYN-UNKNOWN-FELLOWSHIP-INFERTILITY-014,در یک نوزاد ۴۶۰ که ay علت ere حساسیت به اندرژون» ژنیتال خارجی دخترانه شده است. ژنیتال داخلی به چه شکل خواهد بود؟,رحم و لوله و واژن نرمال وجود دارد.,سیستم ولف رشد کامل می کند.,a>) v و لوله و قسمت بالایی واژن وجود ندارد,هم سیستم ولف و هم سیستم مولر رشد می کند.,
fellowship_infertility_1403.jsonl,OBGYN-UNKNOWN-FELLOWSHIP-INFERTILITY-017,لایاراتومی را می دهد کدام روش جهت درمان هیدروسالپنکس توصیه می شود؟ Salpingectomy,Tubal interruption,Aspiration of Hydrosalpinx,Sclerothrapy of Hydrosalpinx v,۱۹- بیمار ۳۵ ساله ای به دلیل فیبرو آدنوم ۳m تحت جراحی و برداشتن توده قرار می گیرد. جواب پاتولوژی borderline phyllodes,
fellowship_infertility_1403.jsonl,OBGYN-UNKNOWN-FELLOWSHIP-INFERTILITY-020,بالینی و سونوگرافی و ماموگرافی پستان نرمال است. اقدام مناسب بعدی کدام است؟,PPD TEST v,MRI پستان,بررسی سونوگرافی ۳ ماه بعد,معاینات دوره ای هر ۶ ماه,
fellowship_infertility_1403.jsonl,OBGYN-UNKNOWN-FELLOWSHIP-INFERTILITY-022,بیمار دختر ۱٩ ساله ای با خونریزی شدید به cde سیکل های عدم تخمک گذا اجعه کرده است. در سونوگرافی انجام شده,بیمار دختر ای با خونریزی شدید ب ِ ی عدم اری مراج ر سونوگرافی انجام,,,,
fellowship_infertility_1403.jsonl,OBGYN-UNKNOWN-FELLOWSHIP-INFERTILITY-024,اولین اولویت در بررسی کیفیت بخش مراقبت های بهداشتی بر طبق تعریف موسسه پزشکی (JOM) کدام است؟ کارآمدی,کارایی,عادلانه بودن,۴ ایمنی,فصل ۳ نواک-صفحه ۲٩ - جدول ۳۰۱,
fellowship_infertility_1403.jsonl,OBGYN-UNKNOWN-FELLOWSHIP-INFERTILITY-028,می‌باشد. مناسب ترین اقدام درمانی کدام است؟,کانولاسیون لوله ها,شروع درمان دارویی,تصحیح انسداد با لایاراسکوپی,IVF v,
fellowship_infertility_1403.jsonl,OBGYN-UNKNOWN-FELLOWSHIP-INFERTILITY-033,بیمار خانم ۳۴ ساله NG به علت خونریزی واژینال شدید و آنمی مراجعه کرده است. در سونوگرافی «slay میوم ۶ سانتی متری اینترامورال ساب موکوزال تیپ ۲ مشاهده شده است. بیمار رضایت به جراحی باز میوم ندارد. مناسب ترین اقدام درمانی کدام است؟,آمبولیزاسیون شریان رحمی,ابلیشن رادیوفریکونسی,۲ اولتراسوند با فرکانس YL زیر گاید MRI,هیستروسکوپی رزکتوسکوپی,
fellowship_infertility_1403.jsonl,OBGYN-UNKNOWN-FELLOWSHIP-INFERTILITY-035,قرار است خطر نسبی بروز سرطان تخمدان را تحت تاثیر گونادوتروپین ها در خانم های نابارور بین ۲۰ تا ۳۵ سال مورد مطالعه قرار بگیرد. alas مطالعه مناسب تر است؟,Cohort v,Blind clinical trial,Case series,Cross sectional,
fellowship_infertility_1403.jsonl,OBGYN-UNKNOWN-FELLOWSHIP-INFERTILITY-039,خانمی که dy علت پولیپ تحت هیستروسکوپی و بیویسی اندومتریال قرار گرفته است با جواب پاتولوژی مراجعه می کند. در گزارش پاتولوژی ادم استروماء شریان های اسپیرال پیچ خورده. Glos رنگ آمیزی ائوزینوفیلیک Cuffing در استرومای اطراف عروق دیده شده است. براساس این گزارش نمونه گیری اندومتردر چه فازی از سیکل قاعدگی انجام شده است؟,فاز فولیکولار,حوالی تخمک گذاری,شروع mense,م۲ فازلوتتال,
fellowship_infertility_1403.jsonl,OBGYN-UNKNOWN-FELLOWSHIP-INFERTILITY-044,دختر خانم ۱۶ ساله با سابقه ادرناک زودرس به علت هیرسوتیسم و اختلال قاعدگی مراجعه کرده است. در آزمایشات انجام شده سطح ۱۷۰H P= ۵۰۰ng/dl می‌باشد. مناسب ترین اقدام بعدی plas است؟ ActH stimulation test v,OGTT,سونوگرافی آدرنال,اندازه گیری کورتیزول بزاق,"-FO خانم PA ساله dy علت هیرسوتیسم پیش رونده در عرض چند ماه اخیر و ریزش موهای سر مراجعه کرده, در آزمایش سطح سرمی",
fellowship_infertility_1403.jsonl,OBGYN-UNKNOWN-FELLOWSHIP-INFERTILITY-045,"تستوسترون ۲۰۰Ng/dl و سطح سرمی DHEA-SO, نیز ۷۵۰۹/۰ گزارزش می شود. سونوگرافی واژینال نرمال است. کدامیک از",اقدامات زیر صحیح است؟,درخواست CT آدرنال,اندازه گیری مستقیم آندروژن آدرنال,,
fellowship_infertility_1403.jsonl,OBGYN-UNKNOWN-FELLOWSHIP-INFERTILITY-046,خانم ۲۵ ساله با درد ناحیه ولوو از ۶ ماه قبل مراجعه کرده است. درد با فشار تماسی تشدید می شود. روابط جنسی فرد مختل شده است. در معاینه با Glow پنبه ای درد شدید ناحیه وستیول همراه با اسپاسم عضلات کف لگن دارد. مناسب ترین اقدام درمانی PS است؟ تجویز آنتی بیوتیک وسیع الطیف,ULL v موضعی و فیزیوتراپی کف لگن و درمان شناختی,استروژن موضعی و درمان ضد G۵,"-FV خانم ۴۰ ساله با درد مزمن لگنی و سابقه هیسترکتومی به دلیل آندومتریوزیس از ۲ سال قبل, که همراه با Bas تخمدان ها بوده",مراجعه کرده است. در ارزیابی بیمار دارای علائم سندروم روده تحریک پذیر و دردهای میوفاشیال همراه با اختلال خواب دارد» در,
fellowship_infertility_1403.jsonl,OBGYN-UNKNOWN-FELLOWSHIP-INFERTILITY-053,در مورد Inhibin کدامیک از موارد زیر صحیح می‌باشد؟,GnRH و EGF باعث افزایش ترشح Inhibin تحث تاثیر تحریک FSH می شود.,۱۶۱۱ تولید Inhibin را مهار می کند.,الگوی ترشح InhibinB ضربانی است و در اواخر فاز فولیکولار به اوج می رسد.,FSH v ترشح Inhibin از سلول گرانولوزا را تحریک می US و خودش توسط ۱۳۳۰۱۰ سرکوب می شود.,
fellowship_infertility_1403.jsonl,OBGYN-UNKNOWN-FELLOWSHIP-INFERTILITY-059,خانم ۲۵ ساله با آمنوره اولیه جهت درمان ناباروری مراجعه کرده است. آزمایش زنتیک همراه ایشان کاریوتیپ ۴۶۷ می‌باشد و,موتاسیون در ژن SRY گزارزش شده است. در معاینه بالینی پستان ها در مرحله تانر ۳ و پوبارک در مرحله تانر ۵ می‌باشد. معاینه,,,,
fellowship_infertility_1403.jsonl,OBGYN-UNKNOWN-FELLOWSHIP-INFERTILITY-060,زنیتال نرمال است. مناسب ترین پیشنهاد درمانی plas است؟ v ۲ با تخمک اهدائی استفاده از رحم جایگزین هورمون درمانی و القاء تخمک گذاری,فرزند خواندگی,صفحه ۲۷۷ - ستون Jal -پاراگراف Jo!,"-Fo خانم ۳۴ ساله,۶,۳۸۵ با سابقه آندومتریوزیس و حاملگی خارج رحمی» پس از انتقال دو جنین در سیکل IVF در هفته ۶ بارداری با","درد شکم و خونریزی paride واژینال مراجعه ۰۹,۵. BHCG=۱۵۰۰۰miu/Ml و در سونوگرافی یک ساک داخل رحم و یک توده",
fellowship_infertility_1403.jsonl,OBGYN-UNKNOWN-FELLOWSHIP-INFERTILITY-062,در خانمی ۱۸ ساله با آمنوره اولیه همراه با پرولاکتین و TSH نرمال و «ual FSH اقدام مناسب بعدی کدام است؟ Karyotype,Brain MRI v,FMR۱,Anti_CYP۲۱,منبع:,
fellowship_infertility_1403.jsonl,OBGYN-UNKNOWN-FELLOWSHIP-INFERTILITY-063,بیمار آقای MO ساله با ناباروری ۵ ساله مراجعه کرده است. آزمایشات همسر طبیعی است. در آزمایش اسپرم ءتعداد اسپرم یک میلیون می‌باشد. به بیمار پیشنهاد ICSI شده است. اقدام تشخیصی تکمیلی کدام است؟,Brain MRI,Karyotype v,Endocrine evaluation,بررسی ۰۲۱ اسپرم,
fellowship_infertility_1403.jsonl,OBGYN-UNKNOWN-FELLOWSHIP-INFERTILITY-066,خانمی ۲۴ ساله با نازایی ۲ lw مورد شناخته شده ۰۳۶۰۵ مدت طولانی تحت درمان با کلومید بوده و حامله نشده»۲۱۶۵ و,آزمایش اسپرم مشکلی ندارد و آزمایش های هورمونی مطابق با «cus! PCO بیمار چاق می‌باشد. (BMI=۳۵) و هیرسوتیسم شدید,"دارد. برای ایشان کوتری تخمدان انجام شده ولی پس از گذشت یکسال شاخص های هورمونی بهبود نیافته, قاعدگی اصلاح نشده و",,,
fellowship_infertility_1403.jsonl,OBGYN-UNKNOWN-FELLOWSHIP-INFERTILITY-067,حاملگی اتفاق نیفتاده است. کدام یک از عوامل زیر می تواند علت pre پاسخ به کوتری تخمدان ها باشد؟,سن,طول مدت نازایی,BMI v بیمار,می بایست زمان بیشتری داده شود.,
fellowship_infertility_1403.jsonl,OBGYN-UNKNOWN-FELLOWSHIP-INFERTILITY-068,"خانمی ۲۶ ساله به علت آمنوره اولیه و ناباروری مراجعه کرده است, قاعدگی با مصرف استروژن و پروژسترون صورت می گیرد. LH=۴.۵, FSH=۳ می‌باشد و صفات ثانویه جنسی در حد تانر ۱۱-۱۱۱ stage می‌باشد. کدام یک از روش های زیر جهت تحریک تخمک گذاری توصیه می شود؟",Letrozole,Menotropin v,Recombinant FSH,Ovarian cauterization,
fellowship_infertility_1403.jsonl,OBGYN-UNKNOWN-FELLOWSHIP-INFERTILITY-069,"بررسی زوج نابارور آنالیز اسپرم اولیگواسپرمی شدید دیده می شودء آزمایشات هورمونی به شرح زیر می‌باشد: Testosterone=۱۵۰ng/dl, FSH=۶, LH=۸, Estradiol serum=۴۰pg/L اقدام درمانی مناسب کدام است؟",درمان با GNRH ضربانی اگزوژن,HCG+FSH,aw HCG ۲۰۰۰ بار در هفته,Letrozole v,
fellowship_infertility_1403.jsonl,OBGYN-UNKNOWN-FELLOWSHIP-INFERTILITY-070,"مرد ۳۵ ساله با نازایی ۴ ساله با تشخیص هیپوگنادیسم هیپوگنادوتروپیک پس از بلوغ برای درمان نازایی HCG با دوز ۲۰۰۰ واحد aw بار در هفته دریافت کرده است. پس از ۳ ماه سطح تستوسترون سرم هنوز کمتر از ۰ نانوگرم بر دسی لیتر است و شمارش اسپرم بهبودی را نشان نمی دهد. با توجه به پروتکل درمانی توصیه شده, مناسب ترین اقدام بعدی PIS است؟",ادامه درمان با همان دوز a HCG مدت سه ماه دیگر,Adjust v کردن دوز HCG,اضافه کردن HMG پا FSH به درمان,درمان با کلومفین ۲۵۳۰۹ روزانه تا ۳ ماه,
fellowship_infertility_1403.jsonl,OBGYN-UNKNOWN-FELLOWSHIP-INFERTILITY-076,مادری کودک ۴ ساله خود را با نگرانی از بلوغ زودرس به کلینیک آورده است. وی اظهار می دارد که یکی از سینه های وی اخیرا بزرگ شده است. در معاینه pile دیگری از بلوغ جنسی ندارد. مادر شدیدا نگران بلوغ زودرس می‌باشد. مناسب ترین اقدام جهت رد بلوغ زودرس کدام است؟ v سونوگرافی و اندازه گیری PAD رحم,سونوگرافی و بررسی تخمدان ها,اطمینان دادن به مادر که کار خاصی نیاز ندارد.,سونوگرافی پستان,فصل A نواک-صفحه JOM,
fellowship_infertility_1403.jsonl,OBGYN-UNKNOWN-FELLOWSHIP-INFERTILITY-082,غلظت کدام یک از متابولیت های POMC (پرواوپیوملانوکورتین) در مایع فولیکولی تخمدان انسان تغییرات قابل ملاحظه ای در,طی سیکل قاعدگی دارد و به بالاترین سطح قبل از تخمک گذاری می رسد؟,We v آندورفین,آنکفالین,آلفا آندروفین,
fellowship_infertility_1403.jsonl,OBGYN-UNKNOWN-FELLOWSHIP-INFERTILITY-083,"خانمی Fo ساله با سابقه DVT و مصرف ریواروکسابان, با خشکی ۹ سوزش شدید وان و دیسپارونی مراجعه نموده cus! در معاینه به جز خشکی و آتروفی واژن مشکل دیگری ندارد. درمان مناسب کدام است؟",کرم کلیندامایسین,کرم موضعی استروژن,sol ۴ هیالورونیک,استروژن سیستمیک با کرم کلوتریمازول,
fellowship_infertility_1403.jsonl,OBGYN-UNKNOWN-FELLOWSHIP-INFERTILITY-084,خانمی ۲۵ ساله با شکایت اختلال سکسوال مراجعه نموده است. Gly ارزیابی این بیمار انجام کدامیک از اقدامات زیر صحیح است؟,انجام معاینه لگنی,انجام سونوگرافی شکمی,پرسش با سوالات روشن و مشخص در مورد عملکرد سکسوال,۴ ارزیابی مفصل هر دو YL به تنهایی,
fellowship_infertility_1403.jsonl,OBGYN-UNKNOWN-FELLOWSHIP-INFERTILITY-085,در زنانی که کاهش میل جنسی دارند و از دیسپارونی شکایت دارند کدامیک از درمان های زیر بیشتر پذیرفته شده است؟,استفاده از لوبریکانت قبل از سکس,استفاده از SSRI,Cognitive Behavioral Therapy (CBT) v,استفاده از تستوسترون ترانس درمال,
fellowship_infertility_1403.jsonl,OBGYN-UNKNOWN-FELLOWSHIP-INFERTILITY-089,در خانمی که به علت سپتوم رحمی کاندید مترویلاستی هیستروسکوپیک می‌باشد و سرویکس دو شاخه دارد. Gly انجام ایمن تر عمل جراحی کدام اقدام توصیه می شود؟ انجام همزمان هیستروسکوپی با لاپاراسکوپی انجام MRI دقیق قبل از عمل جراحی v گذاشتن کاتتر فولی داخل یکی از سرویکس ها قبل از شروع عمل انجام عمل هیستروسکوپی در چند مرحله متوالی ۰ع- خانمی FF ساله به علت پولیپ رحمی کاندید هیستروسکوپی با مدیای گلی سین ۱/۵۶ است. در چه میزانی از Volum deficiti توصیه به خاتمه Joc می شود؟,ml v ۷۵۰,ml ۵۰۰,ml ۱۰۰۰,ml ۱۵۰۰,
fellowship_infertility_1403.jsonl,OBGYN-UNKNOWN-FELLOWSHIP-INFERTILITY-090,"خانمی ۶۰ ساله Postmenoposal با DUB مراجعه نموده, در سونوگرافی پولیپ MM ۸*۵ در آندومتر گزارش شده, وی سابقه ی",یک بار هیستروسکویی ناموفق dy علت استنوز شدید سرویکس را می دهد. پزشک قبلی از میزوپروستول ۰۲۰۰۷۰۱۶ A ساعت قبل از,,,,
fellowship_infertility_1403.jsonl,OBGYN-UNKNOWN-FELLOWSHIP-INFERTILITY-094,گزارش پاپ prowl خانم ۳۲ ساله:۶:۳ که Gly جلوگیری از بارداری از DMPA استفاده می ۳۳۵. Immature Cellular Pattern آمده است. کدامیک از گزینه های زیر در بیوپسی این خانم مورد انتظار است؟,Squamous intraepithelial premalignant,Adenocarcinoma,Epithelial atrophy v,Adenosquamous Carcinoma,
fellowship_infertility_1403.jsonl,OBGYN-1403-CAT-129,کدامیک از واکنش‌های زیر موجب جلوگیری از Polyspermia در تخمک در حال لقاح می‌شود؟ الف) zona reaction,null,cortical reaction,acrosomal reaction,capacitation اسپرم,
fellowship_infertility_1403.jsonl,OBGYN-1403-CAT-137,خانمی ۴۲ ساله به علت گرگرفتگی شدید مراجعه کرده است. بیمار سال گذشته به علت آندومتریوز پیشرفته تحت هیسترکتومی و اوفورکتومی دوطرفه قرار گرفته است. در صورت شروع هورمون درمانی، کدام رژیم ارجح می‌باشد؟ الف) کرم واژینال استروژن,null,پچ استروژن,قرص استروژن,ترکیب استروژن و پروژسترون,
fellowship_infertility_1403.jsonl,OBGYN-1403-CAT-191,خانم ۳۰ ساله به دلیل کانسر پستان تحت درمان می‌باشد. به دلیل خشکی واژن و دیس‌پارونیا مراجعه نموده است. در معاینه آتروفی شدید دارد. چه درمانی را توصیه می‌کنید؟ - الف) استروژن واژینال با دوز پایین,null,تستوسترون خوراکی,دوز پایین استروژن همراه با پروژسترون خوراکی,مجاز به استفاده از هورمون تراپی نیستیم,
fellowship_infertility_1403.jsonl,OBGYN-1403-CAT-198,مناسب‌ترین اقدام بعدی برای ناقل جابجایی متعادل کروموزومی - خانمی ۳۵ ساله G3Ab3 در بررسی‌های کروموزومی انجام داده دچار ترانس لوکاسیون Balanced: ۲ در هر دو کروموزوم ۱۴ بوده است. مناسب‌ترین اقدام بعدی کدام است؟ - الف) انجام IVE همراه با 3D,null,استفاده از تخمک اهدایی,UO همراه با انا[,اجازه حاملگی و انجام CVS,
fellowship_infertility_1403.jsonl,OBGYN-1403-CAT-208,در یک خانم با رحم میوماتوز جهت کاهش اندازه میوم می‌خواهیم از LNG-IUD استفاده کنیم. حداکثر اندازه رحم که ممکن است IUD LNG کاهش اندازه میوم کمک کند چند هفته است؟ الف) ۶,null,۸,۱۰,۱۲,
fellowship_infertility_1403.jsonl,OBGYN-1403-CAT-209,خانم ۲۰ ساله با BMI=35kg/m² اظهار دارد علیرغم اینکه فقط یک وعده غذا روزانه مصرف می‌کند، کاهش وزن ندارد. چه توضیحی به وی می‌دهید؟ الف) وی کالری مصرفی را کاهش دهد.,null,برای کاهش وزن وی وعده‌های غذایی متعدد و منقسم باشند.,مدت زمان بیشتری رژیم خود را ادامه دهد.,میزان کربوهیدرات را نسبت به پروتئین و چربی کاهش دهد.,
fellowship_infertility_1403.jsonl,OBGYN-1403-CAT-273,خانمی ۵۰ ساله به علت رحم میوماتوز و پرولاپس کاندید هیسترکتومی واژینال می‌باشد. پس از کلامپ شریان یوتراین، خروج فوندوس میسر نمی‌باشد. بهترین اقدام چیست؟ * الف) تبدیل عمل به جراحی شکمی,null,لاپاروسکوپی همزمان,برش شوچارت,روش bivalve,
fellowship_infertility_1403.jsonl,OBGYN-1403-CAT-274,در یک خانم ۴۰ ساله G3Ab3 که اقدامات تشخیصی سقط راجعه طبیعی بوده، کدام اقدام پیامد بارداری بعدی را بهبود می‌بخشد؟ * الف) پروژسترون + هپارین,null,آسپرین + پروژسترون,حمایت عاطفی و مونیتورینگ دقیق در اوایل بارداری بعدی,PGD-PGS,
fellowship_infertility_1403.jsonl,OBGYN-1403-CAT-279,خانمی با بارداری ۳۶ هفته، انقباض و خونریزی واژینال خفیف مراجعه کرده است. معاینه واژینال: باز شدن دهانه رحم ۲ سانتی‌متر، ۵۰٪ افاسمان، سر جنین در موقعیت سفالیک و کیسه آب سالم است. علائم حیاتی مادر نرمال ولی صدای قلب جنین شنیده نمی‌شود. اقدام مناسب کدام است؟ * الف) سزارین اورژانس,null,القاء لیبر با اکسی‌توسین,تجویز میزوپروستول,آمنیوتومی زودهنگام,
fellowship_infertility_1403.jsonl,OBGYN-1403-CAT-280,خانم ۵۳ ساله منوپوز کاندید دریافت دارو جهت محافظت استخوان‌ها همراه با کاهش خطر بروز کانسر پستان است. در شرح حال، ریسک فاکتور ترومبو آمبولی ندارد. کدام دارو پیشنهاد می‌شود؟ * الف) رالوکسیفن,null,اسپمیفن,تیبولون,استروژن,
fellowship_infertility_1403.jsonl,OBGYN-1403-CAT-289,خانم 45 ساله با BMI 45 جهت مشاوره پیش از بارداری مراجعه کرده است. در بررسی‌های اولیه، دور کمر 100 سانتی‌متر و فشارخون اولیه 140/90 mmHg می‌باشد. در آزمایشات درخواستی، FBS=110 mg/dL و TG=130 mg/dL می‌باشد. کدام تشخیص مطرح است؟ * الف) فشارخون اسنشیال,null,دیابت تیپ 1,چاقی تیپ آ,سندرم متابولیک,
fellowship_infertility_1403.jsonl,OBGYN-1403-CAT-304,"دختری ۱۴ ساله با اختلال قاعدگی و هیرسوتیسم مراجعه نموده است. وی اظهار می‌کند که از ۱۰ سالگی منس شده و موهای زائد صورت و شکم را از یک سال قبل دارد که رشد پیشرونده‌ای داشته است. سونوگرافی نرمال است و آزمایشاتی که به همراه دارد به شرح زیر است: TSH=3ng/dL, PRL=18ng/dL, Testosterone=250 ng/mL, DHEAS=100pg/dL, 17-OHP=600ng/mL. در این بیمار برای رسیدن به تشخیص قطعی انجام کدامیک از اقدامات زیر صحیح است؟ - الف) تست تحریک آدرنال",null,CT-scan آدرنال,تست سرکوب دگزامتازون,اندازه‌گیری کورتیزول سرم,
fellowship_infertility_1403.jsonl,OBGYN-1403-CAT-312,کدام فاکتور در دوره جنینی، سطح گنادوتروپین‌ها را در جنین‌های مذکر پایین نگه می‌دارد؟ * الف) سطح LH,null,سطح inhibin,پالس GnRH,سطح FSH,
fellowship_infertility_1403.jsonl,OBGYN-1403-CAT-322,B-HCG خارج رحمی است؟ * الف) ضخامت آندومتر,null,تیتراژ اولیه B-HCG,فعالیت قلب جنین,سایز حاملگی خارج رحمی,
fellowship_infertility_1403.jsonl,OBGYN-1403-CAT-324,خانم 32 ساله مولتی پار با شکایت از حساسیت شدید پستان، احساس خستگی و نفخ شکم که از چند روز قبل از پریود شروع و تا چند روز بعد از آن ادامه دارد مراجعه کرده است. اظهار می‌دارد که هر ماه به دلیل این مشکلات قادر به حضور در محل کار نیست. درمان مناسب کدام است؟ - الف) آلپرازولام,null,فلوکستین,ضد بارداری حاوی دروسپیرنون,لوپرولید استات,
fellowship_infertility_1403.jsonl,OBGYN-1403-CAT-352,خانم ۳۲ ساله با شکایت از آکنه و هیرسوتیسم از یکسال قبل و تشدید آن طی ماه اخیر مراجعه کرده است. در بررسی Testostrone: 135 و سونوگرافی واژینال نرمال است. قدم بعدی کدام است؟ - الف) چک سریال آزمایشات,null,CT scan آدرنال,سونوگرافی شکم و لگن,بررسی کورتیزول ادرار,
fellowship_infertility_1403.jsonl,OBGYN-1403-CAT-356,خانم ۲۲ ساله با سابقه نازایی ثانویه تحت HSG قرار گرفته و انسداد پروگزیمال لوله گزارش شده است. اقدام بعدی کدام است؟ - الف) تکرار HSG یک ماه بعد,null,کانولاسیون لوله با فلوروسکوپی,جراحی اصلاحی,IVF,
fellowship_infertility_1403.jsonl,OBGYN-1403-CAT-357,خانم PCOS به علت الیگواسپرمی شدید همسر، کاندید IVF می‌باشد. کدامیک از پروتکل‌های زیر برای وی مناسب‌تر است؟ - الف) long,null,GnRH آنتاگونیست,Antagonist,short,
fellowship_infertility_1403.jsonl,OBGYN-1403-CAT-358,خانم PCO تحت درمان با روزی ۲ عدد متفورمین در حال مصرف است. دچار گزگز اندام، اختلال رفتاری و کاهش حافظه می‌شود. بررسی کدام مورد زیر توصیه می‌شود؟ - الف) اسیدوز لاکتیک,null,کراتینین خون,سطح B12 سرم,AST و ALT,
fellowship_infertility_1403.jsonl,OBGYN-1403-CAT-381,کدام روش زیر برای تجویز دوز اول آنالوگ GnRH در بیمار ۴۵ ساله مبتلا به اندومتریوز با درد لگنی مقاوم به درمان، می‌تواند سبب کاهش Flare effect شود؟ - الف) تجویز یک هفته قبل از پریود,null,همراهی با یک داروی دیگر در دو هفته اول پس از تجویز,تجویز در زمان پریود,تجویز داروی ۲ ماهه بجای ۲۸ روزه,
fellowship_infertility_1403.jsonl,OBGYN-1403-CAT-406,غلظت اینهیبین B در چه زمانی از سیکل قاعدگی به حداکثر می‌رسد؟ - الف) اواسط فاز فولیکولر,null,اواخر فاز لوتئال,اواخر فاز فولیکولر,نیمه فاز لوتئال,
fellowship_infertility_1403.jsonl,OBGYN-1403-CAT-407,در اسپرموگرام یک آقای ۶۰ ساله، تعداد Round cell = 7 million/cc گزارش شده است. اقدام مناسب چیست؟ - الف) اقدام خاصی لازم نیست.,null,تمایز آزمایشگاهی اسپرم نارس از لکوسیتواسپرمی.,تکرار اسپرموگرام ۳ ماه بعد.,تجویز آنتی‌بیوتیک و آزمایش مجدد.,
fellowship_infertility_1403.jsonl,OBGYN-1403-CAT-408,اقدام به کدامیک از رفتارهای زیر توسط پزشک، همواره جزو مصادیق سوء رفتار حرفه‌ای است؟ - الف) عدم افشای تعارض منافع,null,نقض محرمانگی و اسرار,پذیرش هدیه از بیماران,نقض مرزهای حرفه‌ای,
fellowship_infertility_1403.jsonl,OBGYN-1403-CAT-410,بیمار با دیسمنوره و دیسپارونی شدید، کاندید درمان اندومتریوز است. انتخاب ارجح اولیه چیست؟ - الف) OCP,null,آنالوگ GnRH,دانازول,مهارکننده آروماتاز,
fellowship_infertility_1403.jsonl,OBGYN-1403-CAT-439,خانم ۳۵ ساله با شکایت ۱۰ سال نازایی اولیه و دیس‌منوره مراجعه کرده است. در سونوگرافی، اندومتریوما ۵ سانتی‌متر در تخمدان راست و ۴ سانتی‌متر در تخمدان چپ با درگیری متوسط کولدوساک خلفی گزارش شده است. AMH=0.5 و بیمار کاندید IVF می‌باشد. در برخورد با این بیمار کدام روش ارجح است؟ * الف) جراحی توسط فرد expert و سپس IVF,null,فریز امبریو و سپس جراحی لاپاراسکوپیک اندومتریوز,تخلیه اندومتریوما تحت گاید سونوگرافی قبل از انجام IVF,درمان با آگونیست GnRH به مدت ۳ ماه و سپس IVF,
fellowship_infertility_1403.jsonl,OBGYN-1403-CAT-442,در بررسی آزمایشگاهی یک مرد نابارور ۵۰ ساله، تعداد اسپرم کمتر از ۵ میلیون در میلی‌لیتر، سطح تستوسترون ng/mL 200، نسبت تستوسترون به استرادیول کمتر از ۰.۱، و FSH و LH نرمال می‌باشد. چه دارویی را پیشنهاد می‌کنید؟ * الف) تجویز متیل تستوسترون خوراکی,null,آناستروزول,آمپول HMG,کلومیفن,
fellowship_infertility_1403.jsonl,OBGYN-1403-CAT-449,خانم ۲۴ ساله با سابقه لوپوس و شکایت ناباروری مراجعه کرده است. در بررسی انجام شده تخمک‌گذاری مناسب است ولی با توجه به اسپرموگرام مختل، کاندید IUI شده است. بهترین روش درمانی چیست؟ الف) IUI در سیکل طبیعی ۲۴ ساعت پس از مثبت شدن کیت LH ادراری,null,تحریک تخمک‌گذاری با دوز Yb و انجام IUI سی و شش ساعت بعد از تزریق hCG,IUI در سیکل طبیعی ۷۲ ساعت پس از مثبت شدن کیت LH ادراری,تحریک تخمک‌گذاری با دو نوبت IUI در ۲۴ و ۳۶ ساعت پس از تزریق hCG,
fellowship_infertility_1403.jsonl,OBGYN-1403-CAT-452,مکانیسم نفوذ اسپرم در زوناپلوسیدای تخمک کدام است؟ الف) رها شدن موادی از گرانول‌های قشری تخمک,null,تحرک اسپرم و فعال شدن پروتئینازهای آکروزومی,حرکت فیمبریای لوله فالوپ,وجود محیط شیمیایی مناسب لوله,
fellowship_infertility_1403.jsonl,OBGYN-1403-CAT-577,۹. مکانیزم از دست رفتن اووسیت‌ها پس از تولد در نوزاد دختر چیست؟ - الف) فرآیند رشد و آترزی فولیکول‌ها,null,دژنراسیون سلول‌های زایا,مهاجرت سلول‌های اولیه به سطح گنادها,ریزش اپیتلیوم سطحی تخمدان به حفره صفاق,
fellowship_infertility_1403.jsonl,OBGYN-1403-CAT-649,دختربچه‌ای ۵ ساله با تشنج و علائم بلوغ مراجعه کرده است. کدام اقدام تشخیصی جهت ارزیابی صحیح است؟ * الف) اندازه‌گیری سطح تستوسترون,null,تصویربرداری از مغز,سونوگرافی شکمی,اندازه‌گیری سطح استرادیول,
fellowship_oncology_1403.jsonl,OBGYN-UNKNOWN-FELLOWSHIP-ONCOLOGY-002,خانم Fo ساله بدلیل توده تخمدان کاندید جراحی لاپاراتومی می‌باشد. قبل از جراحی شیر نوشیده است. جهت حداقلزمان,Aساعت,ص‌ِ ۴تباعت,۴ساعت,۲ساعت,
fellowship_oncology_1403.jsonl,OBGYN-UNKNOWN-FELLOWSHIP-ONCOLOGY-003,خانم ۵۵ ساله به علت خونریزی شدید رحمی تحت عمل هیسترکتومی توتال + سالینگواوفورکتومی دو طرفه قرار گرفته استو پاتولوژی پرمننت نمونه Endometrial Stromal Sarcoma با ابعاد ۴ سانتیمتر گزارش شده است. اقدام مناسب برای بیمارکدام,است؟,لاپاراتومی مجدد وstaging,رادیوترایی,نواک,
fellowship_oncology_1403.jsonl,OBGYN-UNKNOWN-FELLOWSHIP-ONCOLOGY-004,عبارت صحیح کداماست؟ مصرف تراستوزوماب در دوران حاملگی تراتوژناست. الیگوهیدرآمنیوس ناشی از مصرف تراستوزوماب در دوران بارداری برگشت ناپذیراست. Y به تعویق انداختن ام آر آی تا بعد از aw ماهه اول ممکن است خطرهای بالقوه آن را کاهشدهد. استفاده از رادیوایزوتویها در دوران حاملگی کنتراندیکهاست. v شایعترین عارضه کرایوتراپی در طول انجام آن کرامپهای خفیف است.,استراحت لگنی به مدت یک هفته توصیه میشود.,تنگی سرویکس در ۱۰ درصد بیماران ایحاد میشود.,کرایوتراپی در پیامدهای حاملگی تاثیر نامطلوبدارد.,۶ خانم Fo ساله ای صاحب ۲ فرزند. به علت CINII تحت Conisation قرار گرفته است. جواب پاتولوژی اسکواموس سلکارسینوما,
fellowship_oncology_1403.jsonl,OBGYN-UNKNOWN-FELLOWSHIP-ONCOLOGY-005,با عمق تهاجم در Conisation ۲.۵مبلیمتر است. اقدام مناسب بعدی کدام است؟ در صورت مثبت بودن حاشیه ها Jub برش مجددا انجامشود.,رادیکال هیسترکتومی +لنفادنکتومی,ص‌ِ ۶ هفته پس از Conisation تحت هبسترکتومی قرارگیرد.,بلافاصله Quy از آماده شدن پاتولوژی Conisation تحت هیسترکتومی قرارگیرد.,-V خانم ۳۱ ساله ای نولی گراوید به دلیل دیسپلازی سرویکس تحت لیپ قرار گرفته است در پاتولوژی حاشیه های ضایعهمثبت,
fellowship_oncology_1403.jsonl,OBGYN-UNKNOWN-FELLOWSHIP-ONCOLOGY-006,گزارش شده است. اقدام درمانی بعدی چیست؟,reconization,ص‌ِ تکرار پاپ prowl و ECC ۶ ماهبعد,توتال هیسترکتومی + سالینژکتومی دوطرفه,,
fellowship_oncology_1403.jsonl,OBGYN-UNKNOWN-FELLOWSHIP-ONCOLOGY-007,خانم ۲۹ ساله ای» نولی گراوید با توده ۱ سانتی متری در سرویکس مراجعه کرده است. در بیویسی به عمل آمده از آن ناحیه.کنسر اسکواموس سرویکس گزارش شده است. درمان ارجح plas است؟,conization,تراکلکتومی,۷۴ رادیکالتراکلکتومی,۴- خانم ۳۵ ساله ای به دنبال سزارین فول ارست. دچار لاسراسیون و گسترش محل برش داشته و پس از ترمیم برش علیالرغم,
fellowship_oncology_1403.jsonl,OBGYN-UNKNOWN-FELLOWSHIP-ONCOLOGY-008,لیگاتور شریانهای رحمی دوطرف خونریزی کامل قطع نشده و همچنان ادامه دارد. اقدام صحیح بعدی کداماست؟,لیگاتور شرائین SLL!داخلی,-lo تمام موارد زیر در مورد لیگیشن Yh pd هایپوگاستریک در خونریزی های شدید زایمانی صحیح استبجز:,قرار دادن سوچور ۲ سانتیمتر دیستال dy محل دوشاخه شدنشریان,استفاده از نخ غیر قابل جذب سیلک دوصفر,
fellowship_oncology_1403.jsonl,OBGYN-UNKNOWN-FELLOWSHIP-ONCOLOGY-009,قرار دادن رایت انگل به آرامی از مدیال & لترالشریان jb کردن پریتوئن)۶۹ شریان SLI مشترک Gly دسترسی به شریانهایپوگاستریک “II پس از دایسکسیون رتروپریتونتال لگنی در جراحی آندومتریوز پیشرفته عمقی لگن؛ بیمار از اختلال در عملکرد روده ای وسکسوال آسیب عضلهپوبورکتالیس آسیب عصباوبتوراتور نواک plas -۳۲ ویژگی آناتومیک ساختاری لگن زیر با افرایش اختلالات کف لگن میتواند همراهباشد؟ Narrow Pelvic Inlet Small Pelvic Floor Area,Short Obstetrics Conjugate Y,Vertically Oriented Pelvic Inlet,نواک,۳- خانم Fo ساله ای با شکایت از ترشح یکطرفه از Jus مراجعه کرده است. در معاینه لوکالیزه کردن داکت درگیر امکانپذیر نیستو,
fellowship_oncology_1403.jsonl,OBGYN-UNKNOWN-FELLOWSHIP-ONCOLOGY-010,توده ای لمس نمی شود. در سونوگرافی و ماموگرافی ASL پاتولوژیک مشهود نیست. کدام اقدام مناسب نمیباشد؟ انجام معاینه هفتگی برای چندماه,ماموگرافی ضر ماهتکیار,Surgical exploration در صورت ترشحاتفراوان,a داکتوگرافی و بررسی سیتولوژیکترشحات,نواک,
fellowship_oncology_1403.jsonl,OBGYN-UNKNOWN-FELLOWSHIP-ONCOLOGY-011,خانم ۵۲ ساله ای مورد invasive ductal carcinoma پستان راست که تحت لامپکتومی به همراه رادیوتراپی قرار گرفته است.با Fat necrosis vY,Radial scars,Tumor recurrence,Inflammatory carcinoma,نواک,
fellowship_oncology_1403.jsonl,OBGYN-UNKNOWN-FELLOWSHIP-ONCOLOGY-012,کدام یک از عوامل زیر خطر عفونت محل جراحی (SSI) را پس از هیسترکتومی کاهش نمیدهد؟,تجویز پروفیلاکتیک ونکومایسین در بیماران با سابقه کلونیزاسیون استافیلوکوکوس اورئوس مقاوم به متی سیلین(MRSA),پانیکولکتومی در زمان هیسترکتومی در بیمارانچاق,ترک سیگار ay مدت حداقل ۴ هفته قبل ازجراحی,منبع:,
fellowship_oncology_1403.jsonl,OBGYN-UNKNOWN-FELLOWSHIP-ONCOLOGY-013,خانم OA ساله‌ای که ay دلیل سرطان آندومتر تحت هیسترکتومی ۹ سالینگو-اووفورکتومی دوطرفه به روش لاپاروسکوپیکقرار گرفته است. ۱۲ روز پس از جراحی با تب ۰۳۸۰۷ درد لگنی و ترشحات بد بو از وان مراجعه کرده است. در معاینه بااسیکولوم. ترشحات چرکی از IS ob واژینال مشاهده می‌شود. در معاینه دودستی» تندرنس لگنی و تورم در دیواره خلفی واژنلمس می‌شود. آزمایشاتاولیه: ۲ -۷/۸۶,CRP= ۹۸ mg/L,کالکشن ۶ سانتی‌متری در ناحیه کافواژن,عدم وجود هوای آزاد در حفرهصفاق,عدم شواهدfistulous connection,
fellowship_oncology_1403.jsonl,OBGYN-UNKNOWN-FELLOWSHIP-ONCOLOGY-015,خانم ۶۲ ساله‌ای با سابقه دیابت نوع ۲ کنترل‌نشده و هیپرتنشن جهت ارزیابی خونریزی غیرطبیعی رحمی پس از بائسگیکاندید,هیستروسکوپی تشخیصی شده است. بیمار سابقه کورتاژ تشخیصی دشوار در گذشته داشته و در معاینه سرویکس بهشدت,,,,
fellowship_oncology_1403.jsonl,OBGYN-UNKNOWN-FELLOWSHIP-ONCOLOGY-016,استنوتیک است. با توجه dy شرایط بیمارء کدامیک از اقدامات زیر جهت کاهش خطر پارگی رحم توصیه نمیشود؟,تجویز میزوپروستول Foo میکروگرم واژینال ۱۸۰۱۲ ساعت پیش ازعمل,تجویز استرادیول واژینال (۲۵ میکروگرم) به مدت ۲ هفته پیش ازعمل,کف انجام لایارزسکویی همزمان با هیستروسکوپی برای هدایت ورود ابزار به حفرهرحم,سونوگرافی ترنس ابدومینال با متانه پر yar دیلاتاسیون مکانیکالسرویکس,
fellowship_oncology_1403.jsonl,OBGYN-UNKNOWN-FELLOWSHIP-ONCOLOGY-017,مادر نوزاد ۵ روزه متوجه یک برآمدگی پشت هایمن شده است. در معاینه imperforate hymen تشخیص داده میشود.,سونوگرافی شکم ۹ لگن هیچ آنومالی دیگری را نشان نمی‌دهد و نوزاد دچار هیدرونفروز یا احتباس ادراری نیست. اقداممناسب,کداماست؟,آسپیراسیون فوری موکوس وان با خون ازimperforate hymen glo,انجام هایمنکتومی در صورت برطرق نشدن موکوکولیوس پس از دورهنوزادی,
fellowship_oncology_1403.jsonl,OBGYN-UNKNOWN-FELLOWSHIP-ONCOLOGY-018,انجام هایمنکتومی الکتیو بعد از تلارک و پیش از وقوعمنارک,تجویز GnRH agonist به مدت dw ماه و سپس انجام سونوگرافیفالوآپ,,,,
fellowship_oncology_1403.jsonl,OBGYN-UNKNOWN-FELLOWSHIP-ONCOLOGY-019,کدامیک از گزینه‌های زیر باید در کنترل درد پس از جراحی در کودکان اجتنابشود؟ انفیلتراسیون زخم با بی حس کننده موضعی طولانیاثر,نارکوتیک داخل وریدی باPCA,۴ نارکوتیک داخلعضلانی,گاباینتینخوراکی,منیچ:,
fellowship_oncology_1403.jsonl,OBGYN-UNKNOWN-FELLOWSHIP-ONCOLOGY-020,توصیه سازمان بهداشت جهانی(۷/۳۱۰) ء در رابطه با سن شروع. فواصل انجام و سن LL غربالگری کانسر سرویکس درکشورهای با منابع محدود کداماست؟ شروع از ۲۵ سالگی» هر ۳ تا ۵ سال. پایان غربالگری در ۶۰ سالگی در صورت دو تست منفیمتوالی شروع از ۲۵ سالگی» هر ۳ تا lw lo پایان غربالگری در ۵۰ سالگی در صورت دو تست منفیمتوالی,"=v شروع از ۳۰ سالگی, هر ۳ تا ۱۰ lw پایان غربالگری در ۵۰ سالگی در صورت دو تست منفیمتوالی",شروع از ۳۰ سالگی. هر ۳ نا ۵ سال. پایان غربالگری در ۶۰ سالگی در صورت دو تست منفیمتوالی,uptodate,"دانشنگاه علوم پزشگی اصقهان AM,۷/۳۱/۲۵",
fellowship_oncology_1403.jsonl,OBGYN-UNKNOWN-FELLOWSHIP-ONCOLOGY-021,بر اساس توصیه سازمان بهداشت جهانی(۱/۲!۰) « در رابطه با غربالگری سرطان سرویکس در بیماران مبتلا به HIV در کشورهایبا,منابع محدود. کدام گزینه صحیحاست؟,غربالگری باید سه سال پس از تشخیص ۲۱۷ یا از سن ۲۱ سالگی (هرکدام که زودتر بامد) آغازشود.,فواصل غربالگری سرطان سرویکس در این blow هر ۵ تا lo سال یک بار توصیهمی‌شود.,افزودن بزرگ‌نمایی (magnification) به VIA به منظور افزایش حساسیت و ویژگی توصیهمی‌شود.,
fellowship_oncology_1403.jsonl,OBGYN-UNKNOWN-FELLOWSHIP-ONCOLOGY-022,در مناطق با منابع محدود. مدیریت زنان بارداری که تحت غربالگری سرطان سرویکس قرار می‌گیرند. چگونه انجاممی‌شود؟ انجام غربالگری سرطان سرویکس در همه YL} باردار در مناطق با منابع محدود توصیه میشود.,در صورت مشاهده سیتولوژی مبنی بر ضایعات پیش «Slow تریاز با Genotyping ۱۱۳۷توصیهمی‌شود.,۴ بیوپسی سرویکس تنها در صورت وجود ضایعه High grade در کولپوسکویی توصیه میشود.,پیگیری پس از زایمان در صورت رد ضایعات High grade در کولپوسکوپی در موارد سیتولوژی Gino بر ضایعات پیش سرطانیضروری,j ۰۰ =۹,
fellowship_oncology_1403.jsonl,OBGYN-UNKNOWN-FELLOWSHIP-ONCOLOGY-024,"خانم۴۰ ساله ای ۳۲,۶/۵:۶۳ که dw نوبت جراحی شده. با حاملگی دوقلو ۲۹ هفته بدلیل درد و سونو مبنی بر تودهتخمدان",خارج شده و فروزن ارسال می شود که پاییلاری سروز کارسینوم گزارش می شود. علاوه بر ۸۵۰ چه اقدامی ارجحاست؟,ois بارداری» staging کامل. حفظ poy و تخمدانمقابل,ادامه بارداری و stagingکامل,ص‌ِ ادامه بارداری و به تعویق انداختنstaging,
fellowship_oncology_1403.jsonl,OBGYN-UNKNOWN-FELLOWSHIP-ONCOLOGY-025,خانم ۳۳ساله ۶۱۳۱۱۱۷۲۰ پاپ prowl انجام داده ASC-H گزارش شده است. اقدام مناسب بعدی کداماست؟ HPV DNA typing Colposcopy Y,Excisional Biopsy,Co test in ۱۲month,منبع:,نواک,
fellowship_oncology_1403.jsonl,OBGYN-UNKNOWN-FELLOWSHIP-ONCOLOGY-026,خانم۲۸ ساله ای. بدلیل HPV۱۶۹ ASC-H تحت کولیوسکویی و بیوپسی ساعت ۱۲ و ۰۰عقرار گرفت. گزارش هر دو نمونهHSIL (CIN۲/۳) می‌باشد. اقدام مناسب بعدی کداماست؟ Laser Ablation,Cryotherapy,LEEP Y,Cold Coagulation,نواک,
fellowship_oncology_1403.jsonl,OBGYN-UNKNOWN-FELLOWSHIP-ONCOLOGY-027,اقدام مناسب بعدی کداماست؟ کرایوترایی,Laser ablation,coniasation Y,نواک,شده است. سال بعد مجدداً Cotest غیرطبیعی و کولیوسکویی نرمال داشته است. واژن بررسی و ۷۸۱۱۱۲گزارش شدهءاقدام,
fellowship_oncology_1403.jsonl,OBGYN-UNKNOWN-FELLOWSHIP-ONCOLOGY-028,مناسب بعدی کداماست؟,Lasser ablation,استفاده از TCA درواژن,Y فقطمبا follow کافیاست.,نواک,
fellowship_oncology_1403.jsonl,OBGYN-UNKNOWN-FELLOWSHIP-ONCOLOGY-029,خانم»۶ ساله ای بدلیل یک زخم ۲.۳۰۷۰ درحاشیه خارجی لابیا ماژور مراجعه نموده و تحت ولووسکوپی و بیوپسی قرار گرفتهاست. گزارش پاتولوژی پاژه و در عمق نمونه کارسینوم تهاجمی می‌باشد. اقدام ضروری کداماست؟,برداشت لوکالضایعه,رادیکالولوکتومی,۷ رادیکال ولوکتومی و برداشتن غدد Gola اینگوئینال حداقل همانطرف,نواک,
fellowship_oncology_1403.jsonl,OBGYN-UNKNOWN-FELLOWSHIP-ONCOLOGY-030,کدامیک از موارد زیر ریسک فاکتور قویتری جهت ابتلا به کانسر اندومتر است؟,Unopposed Estrogen,مصرف تاموکسیفن,,,
fellowship_oncology_1403.jsonl,OBGYN-UNKNOWN-FELLOWSHIP-ONCOLOGY-032,خانم ۲۹۰۶۶۳۲ ساله حدود ۶ ماه قبل تحت Jos جراحی سرطان پستان قرار گرفته است و جهت مشاوره از نظر روش پیشگیریاز,بارداری مراجعه نموده ¢ کدامیک از روش های زیر Gly بیمار ارجحاست؟,شروعOCP,IUDلوونورژسترولی,آمپول دیومدروکسیپروژسترون,
fellowship_oncology_1403.jsonl,OBGYN-UNKNOWN-FELLOWSHIP-ONCOLOGY-033,"فرایند "" تبادل اطلاعات ما yyy بیمار و پزشک جهت رسیدن به درک متقابل و تصمیم گیری صحیح "" با کدامیک از مفاهیمزیر سازگاری بیشتریدارد؟ Autonomy",Informed consent Y,Confidentiality,Fiduciary relationship,نواک,
fellowship_oncology_1403.jsonl,OBGYN-UNKNOWN-FELLOWSHIP-ONCOLOGY-034,"خانم ۳۸ ساله ۶۳۳۰۳۱۳ با پاپ اسمیر HSIL تحت Conization قرار گرفته است. گزارشپاتولوژی (,oAdeno carcinoma insitu باشد. مارزین منفی است. درمان استاندارد کداماست؟",فالوآپ هر ۶ ماه باCO - test,کورتاز آندومتر و آندوسرویکس و تصمیم براساس ننایجآنها,تراکلکتومی,نواک,
fellowship_oncology_1403.jsonl,OBGYN-UNKNOWN-FELLOWSHIP-ONCOLOGY-035,در بیوپسی مخروطی خانم ۳۵ ساله UNG ضایعه ۱/۵ سانتی سرویکس Invasive s.c.c با تهاجم استرومال ۵ میلی متریگزارش شده است. مارژین منفی است. در MRI لنفادنوپاتی گزارش نشده است. Stage و درمان مناسب کداماست؟ v ۱ تراکلکتومیرادیکال,۵۲فالوآپ,۱فالوآپ,۲ هبسترکتومیرادیکال,نواک,
fellowship_oncology_1403.jsonl,OBGYN-UNKNOWN-FELLOWSHIP-ONCOLOGY-036,خانم Fo ساله ای ۶۲۳۲ با ۵.۰.۶ سرویکس و ۱۵۱ Stage تحت رادیکال هیسترکتومی قرار می گیرد. در ابتدایجراحی,لنفادنکتومی لگن انجام و جهت frozen section ارسال می شود که جواب آن involved by tumor گزارش می شود. اقداممناسب,کداماست؟,رادیکال هیسترکتومی را ادامه داده و کاندیدرادیوترایی,رادیکال هیسترکتومی را old کرده و کاندیدکمورادیاسیون,
fellowship_oncology_1403.jsonl,OBGYN-UNKNOWN-FELLOWSHIP-ONCOLOGY-037,جراحی را خاتمه داده و جهت کمورادیاسیون ارجاع میشود. رادیکال هیسترکتومی + لنفادنکتومی پاراآتورت علاوه بر لگن و سیسکمورادیاسیون تواک pl -۷ ۵ ساله « ۶۲۳۲ به علت کیست تخمدان کاندید جراحی است. موقع prep پوست متوجه umbilical piercing در بیمارشده. در صورت نیاز به سستفاده از اللتروسرجری در جراحی چه قدامیلازم است؟,¥Y بهتر است umbilical piercing قبل جراحی برداشتهشود.,با وجود UMbilical piercing در بدن استفاده از هر نوع الکتروسرجری مشکلی ایجاد نمیکند.,در صورت استفاده از دستگاه Monopolar « مشکلی ایجاد نخواهدشد.,در صورت بزرگ بودن سایز piercing « برداشتن آن بهتر است.,
fellowship_oncology_1403.jsonl,OBGYN-UNKNOWN-FELLOWSHIP-ONCOLOGY-038,خانمی PA ساله ای » ۶۱۳۱ بدلیل پولیپ رحمی cm ۲- ۱.۵ تحت پولییکتومی هیستروسکویی قرار گرفته است. خواهانبارداری,۳ماه بعد از جراحی میتواند اقدام به بارداری کند.,Y در چرخه قاعدگی بعدی میتواند اقدام به بارداری کند.,قبل از بارداری مجددا هیستروسکویی لازم است.,قبل از بارداری مجددا سونوهیستروگرافی لازماست.,
fellowship_oncology_1403.jsonl,OBGYN-UNKNOWN-FELLOWSHIP-ONCOLOGY-039,خانمی ۴۲ ساله ۶۲۳۲ بدلیل خونریزی غیر طبیعی و میوم ساب موکوزال کاندید هیستروسکوپی رزکتوسکوپی میوم شدهاست.,پس از رزکسیون خونریزی از محل رزکسیون مشاهده می شود. اقدام به تعبیه UML داخل (o>) با سوند فولی تا حدود CC۲.۵,,,,
fellowship_oncology_1403.jsonl,OBGYN-UNKNOWN-FELLOWSHIP-ONCOLOGY-043,کدام یک از گزینه های زیر در مورد ویژگی های ژنومی کانسرهای تخمدان درستاست؟ v موتاسیون ۲۳۵۳ در اکثر موارد کارسینوماهای سروزی درجه GUL تخمدان دیده میشود.,موتاسیون BRCAT و BRCA۲ در اکتر موارد کارسینوماهای سروزی درجه GUL تخمدان دیده میشود.,موتاسیون ۲۳۵۳ در اکثر موارد کارسینوماهای Clear-cell تخمدان دیده می شود.,موتاسیون ۲۳۵۳ در اکثر موارد کارسینوماهای آندومتریوئید تخمدان دیده می شود.,نواک,
fellowship_oncology_1403.jsonl,OBGYN-UNKNOWN-FELLOWSHIP-ONCOLOGY-044,کدامیک از گزینه های زیر در مورد درمان اندومتریومای تخمدان درستاست؟,درناز ساده اندومتریومای تخمدان بر EXciSION آن ارجح است چون با میزان بارداری خودبخودی SVL همراهاست.,ص‌ِ اند ومتریوما pS بیشتری در بهبود درد دارد و با میزان بارداری خودبخودی بالاتری همراهاست.,استفاده از الکتروسرجری بهترین oly برقراری هموستاز در EXCISION اندومتریوما است چون در این روش ضایعه اندومتریوتیک کاملتر,اندومتریوما ها جدار حقیقی دارند که gil Excision را در مقایسه با plo انواع کیست Glo تخمدان آسان تر میWS,
fellowship_oncology_1403.jsonl,OBGYN-UNKNOWN-FELLOWSHIP-ONCOLOGY-045,خانم ۳۲ ساله با درد دوره‌ای شکمی و یک توده حساس در نزدیکی اسکار سزارین مراجعه کرده است. در معاینه قطر توده راحدود,۳ سانتی متر و محل آن در LOU زیر جلد ارزیابی می کنید. در مورد مدیریت جراحی این وضعیت. کدام یک از استراتژی‌هایزیر,,,,
fellowship_oncology_1403.jsonl,OBGYN-UNKNOWN-FELLOWSHIP-ONCOLOGY-046,عمل جراحی در اوایل فاز فولیکولی چرخه قاعدگی برنامه‌ریزی شود تا اندازه توده کاهشبابد.,محل برش بر روی توده انتخابشود.,در صورت داشتن انسزیون قبلی محل برش روی ul انجامشود.,به منظور جدا کردن توده از بافت اطراف از ترکیب الکتروسرجری و traction استفادهشود.,"-FO یک خانم ۶ ساله نولی yb با تشخیص | ۴۵)epithelial ovarian cancer, stage بدنبال رزکسیون یک توده تخمدانی)مراجعه",
fellowship_oncology_1403.jsonl,OBGYN-UNKNOWN-FELLOWSHIP-ONCOLOGY-048,خانم FO ساله به علت درد و تورم ولو در ناحیه ساعت ۴ مراجعه کرده است. بیمار سابقه چنین مشکلی را داشته است. درمعاینه,توده موبایل حدودا ۳ سانتیمتر در ناحیه ساعت ۴ egg با تندرنس مختصرء بدون گرمی و قرمزی لمس می شود. درسونوگرافی,انجام شده که گزارش Ol به شرح زیر میباشد:,توده حاوی لکول های مایع و اجزای سالید با اندازه ۴-۳ میلی متر میباشد.,,
fellowship_oncology_1403.jsonl,OBGYN-UNKNOWN-FELLOWSHIP-ONCOLOGY-049,pyle حیاتی stable است. اقدام درمانی مناسب کداماست؟,لووفلوکساسینخوراکی,۷ رزکسیونتوده,,,
fellowship_oncology_1403.jsonl,OBGYN-UNKNOWN-FELLOWSHIP-ONCOLOGY-050,خانم Fo ساله « منوپوز از ۵ سال قبل به cde خونریزی مختصر واژینال از دو ماه Jud تحت بیوپسی با Sul قرار گرفتهاست. پاتولوژی نرمال و بدون بدخیمی گزارش شده است. بعد از یک ماه لکه بینی ادامه دارد. معاینه ژنیکولوژیک نرمالاست.در,هیسترکتومی و برداشتن تخمدانها,انجامoS MRI,vهیستروسکویی,نواک,
fellowship_oncology_1403.jsonl,OBGYN-UNKNOWN-FELLOWSHIP-ONCOLOGY-051,خانم Vo ساله. منویوز از ۱۵ سال قبل» به علت AS بینی از دو ماه قبل تحت بیویسی اندومتر قرارگرفته است. در پاتولوژیکانسر,بدون تهاجم به میومتر. همراه با Cowl و ندولاریته پریتوئن و چند AU نود مشکوک در لگن گزارش شده است. با توجه بهنوع,,,,
fellowship_oncology_1403.jsonl,OBGYN-UNKNOWN-FELLOWSHIP-ONCOLOGY-052,کانسر اندومتر که حدس زده می شود. اقدام درمانی صحیح کداماست؟ TAH+BSO+peritoneal cytology شیمی درمانینئوادجوانت,TAH+BSO+Lymphadenectomy+Omentectomy+ Peritoneal Cytology Y,۹۰۵رادیوترایی,نواک,گرفته است.پاتولوژی لیومیوسارکوم با سایز ۱۲ سانتی «sho با تهاجم به میومتر و سطح سروز رحم سالم و لوله ها نرمال گزارششده,
fellowship_oncology_1403.jsonl,OBGYN-UNKNOWN-FELLOWSHIP-ONCOLOGY-053,"است. در تصویر برداری و اکسپلور شکم در زمان جراحی نکته مثبت دیگری گزارش نشده است. اقدام مناسب بعدی کداماست؟ لایاروتومی مجدد و برداشتنتخمدانها انجامرادیوترایی v فالو آپبیمار نواک -do خانم VO ساله با ۸۱۱-۳۵ و سابقه ۰۰۷۲ مورد شناخته شده ۱ endometrial endometrioid carcinoma,G۲,Stage که dwسال شیمی درمانی بر پایهپلاتینیوم",تاموکسیفن ۲۰ میلیگرم دو بار درروز,af رادیوترایی اکسترنال و براکیتراپی,نواک,(۵- خانمی یک هفته پس از سزارین با برش فن اشتیل « با درد وسوزش در OU انسزیون که به Saul row ران ولابیا تیر میکشدبه,
fellowship_oncology_1403.jsonl,OBGYN-UNKNOWN-FELLOWSHIP-ONCOLOGY-054,درمانگاه مراجعه کرده است. درد بیمار با تزریق بی حس کننده در موضع تسکین می یابد. در اینصورت احتمال آسیب به کدامیکاز,جلدی رانیخارجی,ابتراتور,پودندال,,
fellowship_oncology_1403.jsonl,OBGYN-UNKNOWN-FELLOWSHIP-ONCOLOGY-055,بیماری روز دوم پس از عمل جراحی ورتهایم دچار اتساع شکم همراه با تهوع شده است. در معاینه صداهای روده کاهششدید,داشته است و شکم متسع و تمپان است. ۱۱۰ PR= و در عکس ساده شکم سطح مایع و هوا و قوسهای متسع روده و هوایزیر,,,,
fellowship_oncology_1403.jsonl,OBGYN-UNKNOWN-FELLOWSHIP-ONCOLOGY-056,دیافراگم دیده می شود محتمل ترین تشخیص کداماست؟,پارگیروده,انسدادکولون,هماتوملگن,,
fellowship_oncology_1403.jsonl,OBGYN-UNKNOWN-FELLOWSHIP-ONCOLOGY-057,خانمی Mo ساله. سیگاری؛ ۲۱۳۷۱۶ مثبت به علت بروز سه ضایعه پوستی بر روی ولو به درمانگاه مراجعه کرده. پاتولوژیبیویسی simple basaloid Y keratinizing differentiated نواک -OF خانم ۳۸ ساله ای با ضایعه ای در نزدیکی کلیتوریس در میدلاین ولو مراجعه کرده و از Ul بیوپسی بعمل آمده است.جواب پاتولوژی S.C.C است. plas درمان زیر برای ضایعه اولیه مناسباست؟ Radical Vulvectomy Wide Local Excision External Pelvic ۳۵۰۱۲۱۱۰۳۷۱۲,Small Field Radiation+ Chemotherapy vY,نواک,گذاشتن استنت حالب قبل از هیسترکتومی خطر تروما به حالب را کمتر میWS,احتمال jb شدن کاف درلاپاراتومی از لاپاراسکوپی بیشتراست.,
fellowship_oncology_1403.jsonl,OBGYN-UNKNOWN-FELLOWSHIP-ONCOLOGY-058,کدامیک از موارد زیر جذب لووتیروکسین را کاهش نمیدهد؟,فروسسولفات,صی شربت۱۸۰۱,تواک,۷- خانم Fo ساله Glo. به علت توده آدنکس تحت جراحی قرار میگیرد. در اکسپلوراسیون اولیه درگیری متعدد پریتونثال امنتالکیک,
fellowship_oncology_1403.jsonl,OBGYN-UNKNOWN-FELLOWSHIP-ONCOLOGY-059,وچسبندگی شدبد رحم به کف لگن مشهود است. فروزن بدخیمی توده را تایید می کند.کدام اقدام در مورد غدد لنفاویبیمار,نمونه برداری از غدد لنفاوی YN وپاراآئورت,لنفادنکتومی کامل لگن و پاراآئورت توصیه میشود.,‌ِ در صورت عدم وجود AU نود بزرگ. لنفادنکتومی حذفشود.,۸- خانم FO ساله چاق ودیابتی مورد کانسر سرویکس که ۳ سال قبل تحت رادیکال هیسترکتومی قرارگرفته.اکنون با عود در SISواژن,
fellowship_oncology_1403.jsonl,OBGYN-UNKNOWN-FELLOWSHIP-ONCOLOGY-062,مورد مدیریت عوارض ۹ آسیب های دستگاه گوارشیکدام گزینه صحیحاست؟,وسعت آسیب حرارتی به طور معمول کمتر از میزانی است که تصور میشود.,در بیمار با فیستول روده اولین اقدام جراحی و ترمیم برای جلوگیری از نشتاست.,خطرناک ترین عارضه ay دنبال اناستوموز احتمال خونریزیاست.,,
fellowship_oncology_1403.jsonl,OBGYN-UNKNOWN-FELLOWSHIP-ONCOLOGY-063,خانم FY ساله ماوق که با حاملگی مولار مراجعه کرده تحت هبسترکتومی قرار می گیرد درحین جراحی متوجه کیستتخمدانی,سالینگوافورکتومی دوطرفه,سیستکتومی دوطرفه,تواک,,
fellowship_oncology_1403.jsonl,OBGYN-UNKNOWN-FELLOWSHIP-ONCOLOGY-064,بیمار خانم OF ساله تحت عمل هیسترکتومی واژینال با کمک لاپاروسکوپی به AUB Jud قرار می گیرد. در حین عمل»متخصص,آسیب ایاتروژنیک بهGE,واکنش آنافیلاکتیک به دارویبیهوشی,آمبولی)۴۲,“i آمفیزم زیرجلدی,
fellowship_oncology_1403.jsonl,OBGYN-UNKNOWN-FELLOWSHIP-ONCOLOGY-065,بیمار مبتلا به locally invasive GTT که تمایل به حفظ باروری نداشته است کاندید هیسترکتومی می‌باشد. جهت درمانمتاستاز,های نهفته که در هنگام جراحی ممکن است وجود داشته باشد کدام گزینه صحیحاست؟,,,,
fellowship_oncology_1403.jsonl,OBGYN-UNKNOWN-FELLOWSHIP-ONCOLOGY-066,شیمی درمانی تک دارویی کمکی همزمان باهیسترکتومی,"به علت خطر خونریزی, انجام شیمی درمانی تک دارویی ۳ هفته بعد ازهیسترکتومی",نواک,-FV خانم ۳۰ ساله ای که حاملگی gl وی مول کامل بوده است و با تخلیه رحم و شیمی درمانی بهبود یافته است جهت مشاوره واقدام,,
fellowship_oncology_1403.jsonl,OBGYN-UNKNOWN-FELLOWSHIP-ONCOLOGY-067,به باروری مجدد. مراجعه کرده است. در این مورد کدام SY صحیح میباشد؟ cyl vY بیمار می تواند انتظار ۶۳۱[۱۰۷]طبیعی را داشتهباشد.,در حاملگی بعدی عوارض باروری افزایش خواهدداشت.,خطر ابتلا به حاملگی مولار در حاملگی بعدی ۱۰ درصداست.,شیوع ناهنجاری مادرزادی ۲ phy افزایش بیدا میکند.,نواک,
fellowship_oncology_1403.jsonl,OBGYN-UNKNOWN-FELLOWSHIP-ONCOLOGY-068,خانم ۶۳ ساله با ضایعه اولسره حدود ۲/۵ سانت در فورشت خلفی مراجعه کرده است. بیوپسی SCC ولو با عمق تهاجمی | میلیمتر,را گزارش کرده است. در معاینه کشاله ران هیچ گره لنفاوی قابل لمس وجود ندارد و در MRI گره لنفاوی مشکوک لگنی دیدهنمی,,,,
fellowship_oncology_1403.jsonl,OBGYN-UNKNOWN-FELLOWSHIP-ONCOLOGY-069,شود. بهترین درمان کداماست؟ ی اکسیزیون رادیکال موضعی همراه با لنفادنکتومی دو طرفه اینگوئینال-فمورال اکسیزیون رادیکال موضعی همراه با لنفادنکتومی اینگوئینال- فمورال ولگنی,استفاده از کمورادیوترایی اولیه و سپس برنامه ریزی جهتجراحی,اکسیزیون رادیکال موضعی بدون نیاز بهلنفادنکتومی,نواک,۴- خانم ۶۵ ساله ای با ضایعه بزرگ JS کلمی Crow چپ ولو مراجعه کرده است. بیوسی کارسینوم verrucous گزارش شده. jIFNAگره,
fellowship_oncology_1403.jsonl,OBGYN-UNKNOWN-FELLOWSHIP-ONCOLOGY-071,"خانم ۶۳ ساله که با بارتولنیت مکررمراجعه نموده, با درمان آنتی بیوتیک پاسخ نداده است. کدام اقدام ضروریاست؟",تخلیه کامل oreبارتولن,,,,
fellowship_oncology_1403.jsonl,OBGYN-UNKNOWN-FELLOWSHIP-ONCOLOGY-072,بیویسی همراه با بررسیهیستولوژیک,درناژ و تعبیه کانترword,نواک,,,
fellowship_oncology_1403.jsonl,OBGYN-UNKNOWN-FELLOWSHIP-ONCOLOGY-073,کدام یک از جملات زیر در مورد آسیب های یورتر هنگام هیسترکتومی صحیح میباشد؟ v شانس آسیب به یورتر در روش لایاراسکویی بیشتر از هیسترکتومی ابدومینالاست.,گذاشتن کاتتر یورتر قبل از عمل شانس آسیب به یورتر را کم میMS,استفاده از روباتیک هنگام لاپاراسکوپیک هیسترکتومی شانس آسیب به یورتر را کم میکند.,آسیب حرارتی یورتر در هنگام جراحی با تزریق وریدی ایندیگوکارمین قابل تشخیص میباشد.,توا,
fellowship_oncology_1403.jsonl,OBGYN-UNKNOWN-FELLOWSHIP-ONCOLOGY-074,بیمار خانم FO ساله بعد از هیستروسکوپیک میومکتومی دچار بی حسی قدام ساق پا و prc توانایی در foot dorsiflexionشده پودندال فمورال بیماران سوتغذیه با عملکرد طبیعی روده بیشترین سود را از TPN میگیرند. در حالت os! آل استومی دور از محدوده عضله رکتوس قرار داده میشود. v آماده سازی مکانیکی روده برای رزکسیون سمت چپ روده کاربرددارد. -VO بیمار خانم PO ساله با خونریزی واژینال مراجعه)۰۵۹۰ که در معاینه ضایعه زخمی روی سرویکس دیده می شود. پاتولوژیموید SCC است. در MRI انجام شده غدد لنفاوی پاراایلیاک بزرگ شده و در لمس سفتی پارامتر راست احساس می شود. بهتریندرمان elasاست؟ Conisation,Radical Hysterectomy,Brachy therapy + Chemoradiation v,EBRT+Brachytherapy,نواک,
fellowship_oncology_1403.jsonl,OBGYN-UNKNOWN-FELLOWSHIP-ONCOLOGY-075,در بیمار ۲۵ ساله مبتلا با سابقه سندروم سرطانی در خانواده ol am با رن BRCAT متبت» کدام یک از موارد زیر اندیکاسیونندارد؟,مصرفOCP,سالینگو اوفورکتومی پروفیلاکنیک در سن ۴۰-۳۵سالگی,ماستکتومیپروفیلاکسی,,
fellowship_oncology_1403.jsonl,OBGYN-UNKNOWN-FELLOWSHIP-ONCOLOGY-078,خانم ۴۲ ساله «NG ماه گذشته تحت عمل جراحی رزکسیون توده دهلیز چپ قلب قرارگرفته است که پاتولوژی تومور خوشخیم عضله Slo گزارش کرده است. CT اسکن انجام شده توده های متعدد در وریدهای ایلیاک و ورید اجوف بدون دست اندازیعروقی ضایعات داخل وریدی قرار گرفته است اما امکان رزکسیون کامل ضایعات داخل وریدی نبود. توصیه مناسب جهت ادامهدرمان,کدام است؟,رادیوترایی,نیاز به ادامه درمانندارد.,نواک,
fellowship_oncology_1403.jsonl,OBGYN-UNKNOWN-FELLOWSHIP-ONCOLOGY-079,دربیمار ۴۰ ساله با توده رحمی با انتشار ay لگن که بطور کامل تومور وی قابل برداشت نمی باشد در صورت کدام نوعسلول تومورال رادیوترایی لگنی توصیه میشود؟ low grade ESS v لیومیوماتوزمنتشرداخلوریدی,لیومیوسارکوماپیتلویید,لیومیوسارکوممیگزویید,نواک,۸۱- خانم OA ساله a علت خونریزی واژینال تحت عمل جراحی هیسترکتومی وبرداشتن تخمدانها قرار گرفته است یاتولوژیرحم»,
fellowship_oncology_1403.jsonl,OBGYN-UNKNOWN-FELLOWSHIP-ONCOLOGY-080,ادنوکارسینوم اندومتریوئید | grade بدون درگیری لنفوواسکولار و میومتر گزارش شده است. اقدام بعدی کداماست؟,رادیوترایی SSوازن,رادیوتراییاکسترنال,observation v,تواک,
fellowship_oncology_1403.jsonl,OBGYN-UNKNOWN-FELLOWSHIP-ONCOLOGY-081,خانم ۳۸ ساله. ۶ ماه بعداز سزارین به علت خونریزی تحت کورتاژ قرارگرفته است که بیویسیPlacental site,trophoblastic ۲ گزارش شده است. BHCG=۵۰۰ mIU/mlabw می‌باشد. بیمار تحت هیسترکتومی قرار گرفتهاست.,,,,
fellowship_oncology_1403.jsonl,OBGYN-UNKNOWN-FELLOWSHIP-ONCOLOGY-082,بیماری محدود به رحم high risk Lol می‌باشد. بهترین اقدام پس از جراحی کداماست؟,۷ کموترایی چنددارویی,کموترایی تکدارویی,رادیوترایی,اقدام خاصی لازمندارد.,
fellowship_oncology_1403.jsonl,OBGYN-UNKNOWN-FELLOWSHIP-ONCOLOGY-083,خانم Fo ساله با سابقه حاملگی مولارکه ۷ ماه قبل ساکشن کورتاژ شده است. پیگیری بعد کورتاژ نداشته است. در حالحاضر BHCG = ۱۰° mlu/li می‌باشد. در سونوگرافی رحم ضایعه واسکولار FCM در میومتر که تا سروز رحم کشیده شده گزارش شدهاست,در بررسی CT اسکن ریه. شکم و لگن فقط درگیری طحال گزارش شده است. بهترین درمان ALIS است؟,MTXهفتگی,اکتینومایسین,EMACO vY,
fellowship_oncology_1403.jsonl,OBGYN-UNKNOWN-FELLOWSHIP-ONCOLOGY-084,خانمی PA ساله مورد immature teratoma ۸۰۷۲۰۶۶۰ که تحت جراحی و کموتراپی قرار گرفته است بعد از اتمام کموتراپیدر ۹ توده هایی حدود ۵ و ۷ سانتی متر در لگن رویت می شود. اقدام مناسب کداماست؟,ادامهکموتراپی,فالوآپ با سونوگرافی ۱ ماهبعد,¥لایاراتومی,رادیوترایی,
fellowship_oncology_1403.jsonl,OBGYN-UNKNOWN-FELLOWSHIP-ONCOLOGY-085,خانمی ۲۸ ساله۶۱۱۱ با توده تخمدان و مایع آزاد متوسط تحت لاپاراتومی قرار گرفته است. در بررسی حین «Joe علاوه برتوده تخمدان سمت چپ که فروزن آن Dysgerminoma بوده» اسیت متوسط. درگیری امنتوم و توده ۲ سانتی متر در تخمدانسمت راست رویت شد. اقدام درمانی مناسب کداماست؟ TAH+BSO+Omentectomy+PLND,LSO+Omentectomy+right cystectomy+ PLND Y,BSO+Omentectomy+PLND,USO+PLND,نواک,
fellowship_oncology_1403.jsonl,OBGYN-UNKNOWN-FELLOWSHIP-ONCOLOGY-086,خانمی ۳۲ ساله NG به دلیل توده تخمدان AUBg تحت لاپاراتومی قرار گرفته است. فروزن yar جراحی»endometriod ۲ عنوان شده است. در بررسی Sd ۹ لگن. نکته پاتولوژیکی به جز توده تخمدان رویت نشد. اقدام مناسبکدام است؟ USO +D&C,TAH+BSO+omentectomy+peritoneal washing+ PLND,USO+omentectomy+peritoneal washing+ PLND+D&C Y,cystectomy+tomentectomy+ peritoneal washing,نواک,
fellowship_oncology_1403.jsonl,OBGYN-UNKNOWN-FELLOWSHIP-ONCOLOGY-087,در یک مطالعه کارآزمایی بالینی تصادفی‌سازی‌شده (Randomized Controlled Trial) که pS یک داروی پیشگیری‌کنندهاز,پره‌اکلامیپسی را بررسی می‌کند. محققان پس از مدتی مشاهده می‌کنند که تعدادی از بیماران گروه مداخله. استفاده از دارورا,,,,
fellowship_oncology_1403.jsonl,OBGYN-UNKNOWN-FELLOWSHIP-ONCOLOGY-088,متوقف کرده ۹ وارد گروه شاهد می‌شوند. برای تحلیل صحیح داده‌ها در این کارآزمایی» کدام روش بیشترین اطمینان را برایحفظ انجام آنالیز Gully گروه واقعی‌ای که بیمار در پایان مطالعه در آن قرارگرفت Y انجام آنالیز براساس گروهی که بیمار ابتدا به آن تصادفی‌سازی شدهبود. جایگزینی تصادفی بیماران جدید ۴ جای بیماران خارج شده برای حفظ تعادلگروه‌ها نواک شده است. معاینه فیزیکی نشان‌دهنده حساسیت در ناحیه پهلوی چپ است. تب ندارد. آزمایش ادرار Aol نشان‌دهندههماچوری سونوگرافی شکم و لگن + آزمایش کامل ادرار((U/A CT Urogram Y تصویربرداری «load میزنای و متانه KUB)),MRI شکم وOS,Slo,-AI خانم OF ساله با سابقه جراحی‌های قبلی ۰۵۵(تحت لاپاروتومی به دلیل ۰۳۹۵ تخمدانی مشکوک dy بدخیمی قرار گرفته است.در,حین جراحی» یک آسیب ۲ سانتی‌متری در لایه سروز و موسکولاریس ناحیه رکتوسیگموئید به وجود آمده است که وارد شدنآسیب,
fellowship_oncology_1403.jsonl,OBGYN-UNKNOWN-FELLOWSHIP-ONCOLOGY-089,به مخاط یا آلودگی محتویات روده مشاهده نمی‌شود. بهترین اقدام کداماست؟,رزکشن و آناستوموز مجدد Crowdآسیب‌دیده,,,,
fellowship_oncology_1403.jsonl,OBGYN-UNKNOWN-FELLOWSHIP-ONCOLOGY-091,خانم ۳۵ ساله با ۳ فرزند ay علت درد شدید آندومتریوز مراجعه کرده است که فرزند دیگری نمی خواهد و در سابقه او مصرفOCP و داینوزست وجود دارد. بیمار اظهار می کند درمان دارویی مفید نبوده است. اقدام مناسب کداماست؟ دانازول,لتروزول,GnRH antagonist Y,تواک,"دانشنگاه علوم پزشگی اصقهان AM,۷/۳۱/۲۵",
fellowship_oncology_1403.jsonl,OBGYN-UNKNOWN-FELLOWSHIP-ONCOLOGY-093,خانم ۶۵ ساله. مولتی پار با سابقه ابتلا به Cubs و آسم از ۲۰ سال قبل با شرح حال stress incontinence مراجعه کرده است.در,بررسی قبل از «hoe بیمار مبتلا به HTN می‌باشد. داروی مناسب جهت J US فشار خون کداماست؟,xوالزارتان,آتتولول,نواک,
fellowship_oncology_1403.jsonl,OBGYN-UNKNOWN-FELLOWSHIP-ONCOLOGY-094,خانمی ۶۲ lw به دلیل PMB و توده ۳ سانتی متری در کاویته اندومتریال با نمونه برداری مبنی بر کانسر اندومتر» جراحیکامل,"شده است. گزارش پاتولوژی, آدنوکارسینوم اندومتریوئید با الگوی رشد Solid در Fo درصد تومور LVSI منفی و تومور محدودبه",فک براکیتراپی,شیمیدرمانی,نواک,
fellowship_oncology_1403.jsonl,OBGYN-UNKNOWN-FELLOWSHIP-ONCOLOGY-095,خانم FV ساله با شکایت AUB و احساس توده در شکم مراجعه کرده است. بیویسی اندومتر نرمال است واحتمال سارکوم درMRI قبل از عمل مطرح بوده است. بیمار تحت جراحی ۲۸۱۲۱/۸۵۰ قرار گرفته است و گزارش پاتولوژیEndometrial Stromal Sarcoma,Low-grade با سایزه سانتی متر با تهاجم به میومتر کمتر از ۲۰۵۰ مراجعه می‌باشد. مناسب ترین اقدام بعدی کداماست؟,کموتراییادجوان,۷۲ فالوآپ بیمار کفایت میکند.,نواک,
fellowship_oncology_1403.jsonl,OBGYN-UNKNOWN-FELLOWSHIP-ONCOLOGY-099,بیمار خانم ۵۰ ساله با شکایت بزرگی شکم و سونوگرافی دال بر توده تخمدانی یک طرفه ۲۰ سانتی و آسیت. با فروزن سکشن مبنیبر احتمال موسینوس کارسینومای تخمدان» تحت Joc جراحی TAH/BSO +omentectomy قرار گرفته است و با جوابپاتولوژی نهایی مبنی بر موسینوس کارسینومای تخمدان با درگیری سطح تخمدان و سیتولوژی مثبت مراجعه کرده. بیمار سابقهآپاندکتومی,را ذکر می کند. بهترین اقدام کداماست؟,لایاراتومی مجدد ولنفادنکتومی,لاپاراسکویی ولنفادنکتومی,۷ شروعکموتراپی,
fellowship_oncology_1403.jsonl,OBGYN-1403-CAT-033,خانم ۴۰ ساله با سه فرزند به دلیل خونریزی غیر طبیعی رحم بدون بیوپسی اندومتر تحت هیسترکتومی واژینال قرار گرفته است. در پاتولوژی les کانسر اندومتریوئید اندومتر، گرید یک، سایز ۱.۵ سانتی‌متر با تهاجم کمتر از ۵۰ درصد و LVSI منفی گزارش شده است. در بررسی ژنتیک، سندرم لینچ مثبت می‌باشد. کدام گزینه در اداره صحیح است؟ (نواک) - الف) کاندید رادیوتراپی لگنی و براکیتراپی,null,کاندید جراحی مجدد برای لنفادنکتومی و بیوپسی اومنتوم,کاندید جراحی مجدد برای اوفورکتومی دوطرفه,توصیه فالوآپ بدون نیاز به درمان ادجوانت,
fellowship_oncology_1403.jsonl,OBGYN-1403-CAT-034,خانم ۴۲ ساله به دلیل اندومتریوز شدید تحت هیسترکتومی vale و اوفورکتومی دوطرفه قرار گرفته است. در پاتولوژی نهایی، آدنوکارسینوم سرویکس با درگیری یک سوم عمقی استرومای سرویکس، درگیری فضای لنفوواسکولر و مارژین مثبت جراحی گزارش شده است. اقدام مناسب بعدی کدام است؟ (نواک) - الف) جراحی مجدد برای انجام لنفادنکتومی,null,انجام CT شکم و لگن جهت تصمیم‌گیری برای لنفادنکتومی,جراحی مجدد برای اکسیزیون رادیکال پارامتر، لیگامان کاردینال و استامپ واژن,کمورادیوتراپی همزمان بر پایه سیسپلاتین,
fellowship_oncology_1403.jsonl,OBGYN-1403-CAT-036,خانم ۶۶ ساله به دنبال بررسی ترشحات واژینال چرکی مقاوم به درمان و توده سرویکس تحت بیوپسی قرار گرفته است. در MRI گزارش شده است که پیومترا و درگیری پارامتر دارد. تب‌دار نیست. لکوسیتوز ندارد. در SCC قرار گرفته که مارژین مثبت دارد. مناسب‌ترین اقدام کدام است؟ (نواک) - الف) دیلاتاسیون و درناژ آنتی‌بیوتیک و رادیوتراپی پس از بهبود پیومترا,null,جاگذاری کاتتر بلافاصله شروع رادیوتراپی,آنتی‌بیوتیک تراپی و سپس رادیکال هیسترکتومی,بلافاصله رادیوتراپی لگنی با توجه به فقدان تب و لکوسیتوز,
fellowship_oncology_1403.jsonl,OBGYN-1403-CAT-039,خانم ۶۶ ساله منوپوز با تشخیص کانسر پستان تحت لامپکتومی و سپس درمان ادجوانت با کموتراپی و رادیوتراپی قرار گرفته است. در پاتولوژی داکتال کارسینوما مهاجم و در بررسی ایمونوهیستوشیمی ER PR مثبت و HER2 منفی گزارش شده است. مناسب‌ترین درمان کدام است؟ (نواک) - الف) تاموکسی فن,null,لتروزول,تاموکسی فن + تراستوزوماب,لتروزول + تراستوزوماب,
fellowship_oncology_1403.jsonl,OBGYN-1403-CAT-047,در دختر ۱۷ ساله مورد تجاوز جنسی، کدام گزینه صحیح است؟ - تکرار تست HIV Ab شش هفته بعد - تکرار تست HCV Ab سه ماه بعد - تجویز ایمونوگلوبولین هپاتیت B - تکرار HBs Ab سه و شش ماه بعد,null,null,null,null,
fellowship_oncology_1403.jsonl,OBGYN-1403-CAT-090,خانمی ۲۸ ساله با شکایت زخم در ناحیه ولو مراجعه کرده است. در معاینه، زخم عمیق و خیلی دردناک است و در ناحیه اینگوینال نیز لنفادنوپاتی دردناک وجود دارد. درمان مناسب کدام است؟ (نواک) - الف) سیپروفلوکساسین (Ciprofloxacin),null,پنی‌سیلین (Penicillin),آسیکلوویر (Acyclovir),ایمی‌کیمود (Imiquimod),
fellowship_oncology_1403.jsonl,OBGYN-1403-CAT-094,خانمی ۴۰ ساله‌ای که چهار سال قبل به علت high grade papillary serous carcinoma تخمدان مرحله III تحت جراحی upfront و سپس کموتراپی ادجوانت قرار گرفته بود، اکنون با شواهد عود منفرد لگنی بر روی کاف واژن بدون آسیت با اندازه ۴ سانتی‌متر مراجعه کرده است. بهترین اقدام بعدی کدام است؟ (نواک) - الف) کموتراپی و سپس جراحی,null,رزکسیون تومور و سپس کموتراپی,رزکسیون تومور و سپس فالوآپ با تومور مارکر,رادیوتراپی خارجی لگنی (EBRT),
fellowship_oncology_1403.jsonl,OBGYN-1403-CAT-101,در کشش جانبی بیش از حد به عضله راست شکمی، کدام شریان در معرض خطر قرار می‌گیرد؟ (نواک) الف) شریان اپی‌گاستریک تحتانی,null,شریان اپی‌گاستریک فوقانی,شریان اینترنال توراسیک,شریان iliac مشترک,
fellowship_oncology_1403.jsonl,OBGYN-1403-CAT-104,بیمار خانم ۳۰ ساله با شرح حال درد لگنی دوطرفه در یکسال اخیر و دیس پارونی و دیس منوره ثانویه، که درد با ایستادن طولانی مدت تشدید می‌شود. آزمایشات درخواستی نرمال و در سونوگرافی تنها یافته مثبت واریکوزیته وریدهای رحمی و تخمدانی است. اولین خط درمان کدام است؟ (نواک) الف) هیسترکتومی,null,گاناپنتین,مدروکسی پروژسترون ۲۰ میلی‌گرم روزانه,NSAID قبل شروع عادتم ماهانه,
fellowship_oncology_1403.jsonl,OBGYN-1403-CAT-120,احتمال انتقال نوروپاتی Leber یک زوج جهت مشاوره قبل از حاملگی مراجعه نمودند. شوهر در سن ۲۰ سالگی دچار اختلال بینایی شده که تشخیص نوروپاتی چشمی Leber داده شده است. در بررسی‌های انجام شده در خانم موتاسیونی مربوط به این ژن وجود ندارد. احتمال ابتلا فرزندان این خانواده به نوروپاتی Leber چند درصد است؟ * الف) صفر,null,۲۵,۵۰,۱۰۰,
fellowship_oncology_1403.jsonl,OBGYN-1403-CAT-121,اقدام درمانی برای هایپرپلازی کمپلکس آندومتر خانم ۵۵ ساله با شکایت خونریزی بعد از یائسگی و افزایش ضخامت آندومتر ۱۱ میلی‌متر، تحت کورتاژ تشخیصی قرار می‌گیرد. گزارش پاتولوژی: غدد Crowded و سلول‌های با هسته بزرگ با شکلو سایزهای مختلف و افزایش N/C ratio و هستک برجسته می‌باشد. اقدام درمانی مناسب کدام است؟ * الف) TAH + BSO,null,Cavaterm ablation,IUD progesterone (Mirena),Uterine artery embolization,
fellowship_oncology_1403.jsonl,OBGYN-1403-CAT-122,کاهش نیاز به تزریق خون حین جراحی خانم ۴۵ ساله با تشخیص فیبروم رحمی کاندید جراحی میومکتومی شکمی است. آزمایشگاه اعلام می‌کند که آنتی‌بادی اسکرین وی مثبت است. کدام اقدام نیاز به تزریق خون حین جراحی را کاهش می‌دهد؟ * الف) تزریق وازوپرسین داخل میومتر,null,ترانگزامیک اسید وریدی,میزوپروستول واژینال,اکسی توسین وریدی,
fellowship_oncology_1403.jsonl,OBGYN-1403-CAT-123,اقدام غلط قبل از ترمیم مجدد پارگی در بیمار گراوید یک که پس از زایمان پارگی درجه ۳ داشته و ترمیم شده است، پس از ۱۰ روز دچار باز شدن بخیه شده است که همراه با ترشحات اگزودایی است. کدامیک از اقدامات زیر قبل از ترمیم مجدد غلط است؟ * الف) Siz Bath و مراقبت از پرینه,null,پک کردن با گاز یدوفروم دوبار در روز,درمان سرپایی برداشتن سوچور و بافتن نکروتیک,بستری در بیمارستان و آنتی‌بیوتیک وسیع‌الطیف وریدی,
fellowship_oncology_1403.jsonl,OBGYN-1403-CAT-124,پارامتر مناسب برای جراحی TVT خانم ۴۵ ساله به دلیل بی‌اختیاری استرسی ادراری کاندید جراحی TVT می‌باشد. در معاینه هایپرموبیلیته پیشابراه و در فلوچارت ادراری فوریت و بی‌اختیاری فورتی دارد و در نوار مثانه VLPP-40cmH2O می‌باشد. کدام پارامتر انتخاب این نوع جراحی را مناسب می‌سازد؟ * الف) هایپرموبیلیته پیشابراه,null,فوریت در فلوچارت ادراری,VLPP < 40 cmH2O,پرولاپس کمپارتمان قدامی,
fellowship_oncology_1403.jsonl,OBGYN-1403-CAT-125,اولین اقدام ارجح برای خونریزی پس از سزارین خانم ۲۹ ساله گراوید یک پارا یک، پس از سزارین شده، به دلیل لکه‌بینی مداوم از زمان سزارین مراجعه نموده است. در سونوگرافی کیست‌های دو طرفه لوتئین و رحم در حد ۱۲ هفته دارد. داخل حفره‌ی رحم نمای مشکوک به توده یا افزایش ضخامت مشهود است. اولین اقدام ارجح کدام است؟ * الف) کورتاژ تشخیصی,null,چک hCG,بررسی تومور مارکر‌های تخمدانی,MRI,
fellowship_oncology_1403.jsonl,OBGYN-1403-CAT-190,خانم ۳۴ ساله دارای دو فرزند که سه سال است IUD دارد. به علت تأخیر قاعدگی و سونوگرافی مبنی بر ساک حاملگی در فوندوس حاوی جنین زنده ۶ هفته مراجعه کرده است. در معاینه نخ IUD رانمی‌بینید. بیمار تمایل به حفظ بارداری دارد. کدام گزینه در کمک به ایشان ارجح است؟ - الف) ادامه بارداری با هشدارهای لازم,null,برداشتن IUD تحت گاید سونوگرافی,تجویز آنتی‌بیوتیک و انتظار برای دفع محصولات حاملگی,توصیه به سقط درمانی با توجه به خطرات تهدید کننده مادر,
fellowship_oncology_1403.jsonl,OBGYN-1403-CAT-194,بیمار خانم ۵۰ ساله از درد شدید سینه راست شکایت دارد. در معاینه اریتم شدید و تندرنس مشهود می‌باشد و در لمس توده نواری شکل همراه با تندرنس قابل لمس است. کدام اقدامات زیر جهت بیمار توصیه می‌کنید؟ - الف) استفاده از NSAID و کمپرس گرم,null,تجویز آنتی‌بیوتیک وریدی,انجام CNB جهت تشخیص,انجام MRI جهت تشخیص بهتر,
fellowship_oncology_1403.jsonl,OBGYN-1403-CAT-216,تبدیل برش فانشتیل در جراحی سیستکتومی خانمی ۴۰ ساله کاندید سیستکتومی با برش فانشتیل است. در حین عمل، دسترسی به فضای رتزیوس ضروری می‌شود. جراح بهتر است برش را به کدامیک از برش‌های زیر تبدیل کند؟ * الف) برش میلارد,null,برش [نامشخص],برش چرنی,برش کاستنر,
fellowship_oncology_1403.jsonl,OBGYN-1403-CAT-217,مدیریت کیست تخمدان در دختر نابالغ دختر ۱۰ ساله‌ای که هنوز به بلوغ نرسیده و قاعدگی نشده است، به دنبال درد شکم، سونوگرافی یک کیست ۶ سانتی‌متری مولتی‌لوکوله در تخمدان راست را نشان می‌دهد. اقدام بعدی چیست؟ * الف) سونوگرافی مجدد دو ماه بعد,null,OCP,جراحی,کاریوتایپ,
fellowship_oncology_1403.jsonl,OBGYN-1403-CAT-244,کدام یک از بیماران مبتلا به SCC سرویکس کاندید جراحی می‌توانند باشند؟ - الف) درگیری پارامتر چپ,null,درگیری ۱/۲ فوقانی واژن,هیدرونفروز سمت راست,درگیری غدد لنفاوی,
fellowship_oncology_1403.jsonl,OBGYN-1403-CAT-247,خانمی ۵۵ ساله با جواب پاپ unsatisfactory مراجعه کرده. نتیجه تست HPV نامشخص است. اقدام مناسب بعدی چیست؟ - الف) تکرار پاپ اسمیر سال بعد,null,انجام پاپ اسمیر دو ماه بعد,نیاز به اقدامی نیست,انجام پاپ اسمیر ۶ ماه بعد,
fellowship_oncology_1403.jsonl,OBGYN-1403-CAT-248,خانمی ۵۰ ساله با توده پستانی تحت Excision قرار می‌گیرد. جواب پاتولوژی داکتال کارسینومای درجا (DCIS) می‌باشد. اقدام مناسب بعدی چیست؟ - الف) نیاز به اقدام دیگری نیست,null,ماستکتومی و انجام پرتودرمانی,ماستکتومی سگمنتال و پرتودرمانی,ماستکتومی سگمنتال و کموتراپی,
fellowship_oncology_1403.jsonl,OBGYN-1403-CAT-250,خانمی ۵۵ ساله با ضایعه پاپول پیگمانه ۶ میلی‌متر در لابیا ماژور همراه با خارش مراجعه نموده است. اقدام مناسب کدام است؟ - الف) Hemivulvectomy,null,Wide local Excision,Excisional biopsy,Punch biopsy,
fellowship_oncology_1403.jsonl,OBGYN-1403-CAT-293,خانم FO ساله با سابقه سرطان پستان، تحت درمان با تاموکسیفن است. رسپتور استروژنی مثبت می‌باشد. احتمال بروز کدام یک از عوارض زیر بیشتر است؟ - الف) آتروفی واژن,null,سرطان اندومتر,پوکی استخوان,درد عضلانی,
fellowship_oncology_1403.jsonl,OBGYN-1403-CAT-294,خانمی ۴۰ ساله با بارداری ۳۲ هفته مبتلا به توده پستانی فیکس با حاشیه نامنظم می‌باشد. اقدامات زیر در این بیمار صحیح است، بجز؟ - الف) بیوپسی توده,null,سونوگرافی پستان,بررسی پس از زایمان,ماموگرافی,
fellowship_oncology_1403.jsonl,OBGYN-1403-CAT-295,خانمی ۳۱ ساله (زایمان‌های طبیعی) با بارداری ۳۷ هفته، به دلیل کاهش حرکت جنین به طور مداوم از دو روز قبل مراجعه کرده است. بیوفیزیکال پروفایل (BPP) و NST نرمال است. چه اقدامی انجام می‌دهید؟ - الف) بستری و انجام سریال تست‌های سلامت جنین,null,NST و BPP سرپایی هفته‌ای دو بار,القای زایمان,سزارین اورژانس,
fellowship_oncology_1403.jsonl,OBGYN-1403-CAT-296,خانمی ۵۰ ساله با شکایت درد، سوزش و ترشحات چرکی واژینال مراجعه کرده است. در معاینه واژینال، اریتم همراه با نقاط اکیموتیک مشهود و pH ترشحات واژینال ۵/۵ است. محتمل‌ترین تشخیص کدام نوع واژینیت است؟ - الف) تریکومونایی,null,واژینوز باکتریال,التهابی,آتروفیک,
fellowship_oncology_1403.jsonl,OBGYN-1403-CAT-302,دختری ۱۸ ساله توسط فردی ناشناس مورد تجاوز جنسی قرار گرفته است. تست HIV منفی است. در خصوص پیشگیری از HIV کدام یک از اقدامات زیر صحیح است؟ - الف) نیاز به اقدام خاصی نیست,null,تکرار تست شش هفته بعد,شروع داروی آنتی‌ویرال,واکسیناسیون,
fellowship_oncology_1403.jsonl,OBGYN-1403-CAT-303,دختری ۱۴ ساله با قد ۱۴۶ سانتی‌متر و تلارک در حد تانر ۲ به کلینیک آورده شده است. سن استخوانی وی ۸ سال و ۱۰ ماه است. در معاینه و آزمایشات نکته خاص دیگری ندارد. در این بیمار مناسب‌ترین اقدام کدام است؟ - الف) ویزیت ۳ ماه بعد,null,تزریق لوپرولید,تزریق هورمون رشد,تزریق بوسرلین,
fellowship_oncology_1403.jsonl,OBGYN-1403-CAT-320,۹- حین سزارین هیسترکتومی به دلیل پلاسنتا پره‌کرتا، متوجه انسداد حالب چپ در اثر سوچور می‌شوید. اقدام بعدی چیست؟ * الف) آزاد کردن سوچور و انجام سیستوگرام ۳ روز بعد,null,رزکسیون حالب و یورتوروتروستومی,برداشتن سوچور، بررسی سلامت حالب و جاگذاری استنت حالب,رزکسیون حالب و جاگذاری استنت و انجام یورترونتوسیستوستومی,
fellowship_oncology_1403.jsonl,OBGYN-1403-CAT-321,۱۰- حین لاپاراسکوپی تشخیصی خانم ۳۰ ساله با سابقه دوبار لاپاراتومی، تروکار در فضاهای لترال تحتانی شکم وارد شده است. پس از یک هفته بیمار از درد و ناتوانی در روتیشن ستون فقرات شاکی می‌باشد. آسیب کدام عضله مطرح است؟ * الف) Pyramidalis,null,Transversus abdominis,Internal oblique,External oblique,
fellowship_oncology_1403.jsonl,OBGYN-1403-CAT-325,خانم 25 ساله با حاملگی خارج رحمی 4 سانتی‌متری و β-hCG: 15200 IU/L تحت عمل لاپاروسکوپی و سالینگوستومی قرار گرفته است. روز سوم بعد از عمل β-hCG برابر 8500 IU/L می‌باشد. اقدام بعدی چیست؟ - الف) چک مجدد β-hCG همان روز,null,تزریق MTX 50 mg/m²,تکرار β-hCG یک هفته بعد,سونوگرافی ترانس‌واژینال,
fellowship_oncology_1403.jsonl,OBGYN-1403-CAT-326,خانم 25 ساله مبتلا به PCOS، بدنبال نزدیکی دچار درد شدید و ناگهانی در RLQ و تهوع و استفراغ شده است. در معاینه دو دستی، تندرنس و توده در آدنکس راست وجود دارد. کدامیک از اقدامات زیر توصیه نمی‌شود؟ - الف) سونوگرافی داپلر,null,CT اسکن,لاپاروتومی,لاپاراسکوپی,
fellowship_oncology_1403.jsonl,OBGYN-1403-CAT-327,خانم ۳۸ ساله با شکایت از احساس توده پستانی مراجعه کرده است. در ماموگرافی و سونوگرافی کیست کمپلکس ۲۱x۱۸ میلی‌متر در ربع فوقانی خارجی پستان راست گزارش شده است. اقدام بعدی چیست؟ * الف) Core Needle Biopsy,null,Incisional Biopsy,تکرار تصویربرداری ۶ ماه بعد,MRI پستان,
fellowship_oncology_1403.jsonl,OBGYN-1403-CAT-328,خانمی ۲۵ ساله به دلیل GTN محدود به رحم و مقاوم به شیمی‌درمانی تک‌دارویی تحت شیمی‌درمانی ترکیبی قرار گرفته اما به این درمان نیز پاسخ مناسبی نداده است. بیمار خواهان باروری است. قدم بعدی درمان چیست؟ * الف) هیسترکتومی,null,رزکسیون موضعی ضایعه رحمی,براکی‌تراپی,تکرار شیمی‌درمانی ترکیبی,
fellowship_oncology_1403.jsonl,OBGYN-1403-CAT-329,خانمی با تشخیص کانسر اندومتر تیپ ۱ (سروز آدنوکارسینوم) تحت عمل جراحی قرار گرفته است. امکان انجام نقشه‌برداری (SLN) وجود ندارد. اقدام ضروری کدام است؟ * الف) لنفادنکتومی کامل لگنی و پاراآئورت,null,فروزن سکشن رحم و تصمیم‌گیری بعدی,عدم لزوم لنفادنکتومی,حذف لنف نودهای حجیم,
fellowship_oncology_1403.jsonl,OBGYN-1403-CAT-342,بیمار خانم ۳۰ ساله در نمونه Punch بیوپسی سرویکس با انوازیون استرومال ۳ میلی‌متر و LVSI منفی گزارش شده است. اقدام بعدی کدام است؟ - الف) کونیزاسیون,null,تراکلکتومی و لنفادنکتومی,رادیکال هیسترکتومی تیپ I و سنتینل لنفادنکتومی,رادیوتراپی,
fellowship_oncology_1403.jsonl,OBGYN-1403-CAT-347,بیماری ۶۰ ساله با ضایعه SCC ولو به قطر ۳ سانتی‌متر و درگیری ۰.۵ میلی‌متر گزارش شده است. ضایعه در ناحیه لبیا ماژور راست بوده و سه سانتی‌متر از خط وسط فاصله دارد. در مورد برخورد با غدد لنفاوی کدام گزینه صحیح است؟ * الف) لنفادنکتومی اینگوئینوفمورال راست,null,دیسکسیون غدد لنفاوی لگن,عدم نیاز به دیسکسیون غدد لنفاوی,لنفادنکتومی اینگوئینوفمورال دوطرفه,
fellowship_oncology_1403.jsonl,OBGYN-1403-CAT-349,بیمار مبتلا به تومور پیشرفته اپیتلیال تخمدان که کاندید جراحی سایتوریداکتیو می‌باشد، کدامیک از مراحل زیر جزو این جراحی است؟ الف) حذف غدد لنفاوی بزرگ‌شده,null,هپاتکتومی پارشیل در صورت درگیری سگمان کبدی,اسپلنکتومی در صورت درگیری کپسول تومور یا پارانشیم طحال,امنتکتومی اینفراکولیک,
fellowship_oncology_1403.jsonl,OBGYN-1403-CAT-350,بیمار 30 ساله مبتلا به ضایعه مولتی‌سنتریک High grade در ناحیه سرویکس، ولو و واژن به طور همزمان مراجعه کرده است. بهترین آپشن درمانی کدام است؟ الف) لیزر CO2 Vaporization,null,کرایوتراپی,اکسیزیون ضایعات با Knife,Topical agent,
fellowship_oncology_1403.jsonl,OBGYN-1403-CAT-351,خانمی 60 ساله سه سال قبل با تشخیص کارسینوم insitu سرویکس هیسترکتومی شده است. بیمار اکنون با ضایعه دیسپلازیک VAIN در آپکس واژن مراجعه کرده است. درمان انتخابی کدام است؟ الف) کرایوتراپی,null,Thermal Ablation,واژینکتومی فوقانی,رادیوتراپی,
fellowship_oncology_1403.jsonl,OBGYN-1403-CAT-364,کدامیک از خصوصیات پزشک، ارتباط وی با بیمار را منفی می‌کند؟ - الف) آسان‌گیری,null,مکالمه بی‌پرده,استفاده زیاد از زبان بدن (body language),برخورد آمرانه,
fellowship_oncology_1403.jsonl,OBGYN-1403-CAT-368,خانمی یک ماه بعد از زایمان، با شکایت بی‌اختیاری مدفوع مراجعه کرده است. سابقه زایمان سخت و آسیب اسفنکتر نداشته و معاینه نرمال است. در حال حاضر شیردهی دارد. کدام دارو پیشنهاد می‌شود؟ - الف) آتروپین,null,دیفنوسیکلات,بیسموت سالیسیلات,لوپرامید,
fellowship_oncology_1403.jsonl,OBGYN-1403-CAT-383,خانم ۳۴ ساله و خواهان باروری، به دلیل آدنوکارسینومای درجا (AIS) سرویکس تحت کونیزاسیون سرویکس قرار گرفته و حاشیه‌های سرجیکال مثبت گزارش شده است. اقدام مناسب کدام است؟ - الف) هیسترکتومی ساده,null,کونیزاسیون مجدد,هیسترکتومی رادیکال,تراکلکتومی,
fellowship_oncology_1403.jsonl,OBGYN-1403-CAT-384,خانم ۳۰ ساله دارای یک فرزند، با پاپ اسمیر ASC-H و High Risk HPV test مثبت ارجاع شده است. در کلپوسکوپی و بیوپسی انجام شده، CIN1 گزارش شده است. اقدام مناسب بعدی کدام است؟ - الف) یک سال CO-testing,null,کرایوتراپی,کونیزاسیون با Cold knife,ادامه مراقبت روتین,
fellowship_oncology_1403.jsonl,OBGYN-1403-CAT-415,"خانم ۸ ساله با تشخیص CIN2,3 جراحی LEEP شده است. در جواب پاتولوژی، کارسینوم اسکواموس با تهاجم به ۱ میلی‌متر و پهنای ۲ میلی‌متر گزارش شده است. بهترین اقدام چیست؟ - الف) انجام پاپ اسمیر و ECC ماه بعد",null,Cold Knife Conization,انجام مجدد LEEP,هیسترکتومی با حفظ تخمدان‌ها,
fellowship_oncology_1403.jsonl,OBGYN-1403-CAT-429,خانمی ۶۵ ساله‌ای به دنبال خونریزی واژینال D&C شده که جواب کارسینوم سروز آندومتر است. یافته‌های معاینه و تصویربرداری در حدود نرمال است. مناسب‌ترین اقدام جراحی برای این بیمار چیست؟ - الف) رادیکال هیسترکتومی TIE کردن پارا و بخش فوقانی واژن,null,TIE کردن رحم و ضمائم، اومنتکتومی، لنفادنکتومی و بیوپسی پریتون,انجام هیسترکتومی و BSO به طریق واژینال,انجام هیسترکتومی و BSO به طریق لاپاراسکوپی,
fellowship_oncology_1403.jsonl,OBGYN-1403-CAT-430,خانمی ۳۹ ساله G1 هفته بعلت اولیگوهیدرامنیوس اینداکشن می‌شود. در دیلاتاسیون ۴ سانتی‌متر متوجه مکونیوم غلیظ شده‌ایم. آمنیواینفیوژن در کاهش کدام یک از موارد زیر مؤثر است؟ - الف) سندرم آسپیراسیون مکونیوم,null,مرگ و میر پریناتال,افت‌های متغیر ضربان قلب,میزان سزارین,
fellowship_oncology_1403.jsonl,OBGYN-1403-CAT-431,در زمان انجام لاپاراسکوپی خانم ۷۲ ساله با BMI 18، بعد از ورود سوزن Veress از GU و قبل از دمیدن CO2، خروج خون از نوک سوزن دیده می‌شود و بیمار دچار هایپوتنشن می‌شود. اقدام مناسب چیست؟ - الف) خروج سوزن و پک محل ورود سوزن,null,عدم خروج سوزن و ورود مجدد از LUQ,لاپاراتومی اورژانس بدون خروج سوزن,خروج سوزن و سونوگرافی اورژانس در اتاق عمل,
fellowship_oncology_1403.jsonl,OBGYN-1403-CAT-432,مادر باردار با دریچه فلزی (مکانیکال) میترال با سن حاملگی ۶ هفته مراجعه کرده است. میزان مصرف وارفارین ۰.۲۵ میلی‌گرم در روز بوده است. اکنون در بارداری چه اقدامی انجام شود؟ - الف) قطع وارفارین و شروع LMWH,null,شروع LMWH و قطع وارفارین,ادامه وارفارین با مانیتورینگ INR,تجویز ریواروکسابان,
fellowship_oncology_1403.jsonl,OBGYN-1403-CAT-436,برای بهبود عملکرد جنسی در سندرم ادراری تناسلی یائسگی، همه درمان‌های زیر مؤثر است به جز؟ * الف) DHEA واژینال,null,استروئید موضعی,هیالورونیک اسید,لیزر CO2 فراکسیونال,
fellowship_oncology_1403.jsonl,OBGYN-1403-CAT-453,خانمی ۳۰ ساله که از ۶ ماه قبل ازدواج کرده است به علت دیسپارونی و درد مزمن لگن مراجعه کرده است. با وجود سختی زیاد در معاینه لگن، نکته پاتولوژیک دیده نشد. سونوگرافی و آزمایشات نرمال است. کدامیک از موارد زیر در شرح حال مهم‌تر است؟ الف) سابقه جراحی لگن,null,سابقه سوء استفاده جنسی در کودکی,سابقه تجاوز جنسی اخیر,سابقه عفونت لگنی,
fellowship_oncology_1403.jsonl,OBGYN-1403-CAT-454,دختر خانم ۲۳ ساله‌ای با شکایت خونریزی مداوم واژینال مراجعه کرده است. در بررسی انجام شده توده خوشه‌انگوری از سرویکس آویزان است. بیوپسی توده انجام شده که جواب پاتولوژی botryoid rhabdomyosarcoma است. بهترین درمان برای این بیمار چیست؟ الف) رادیوتراپی کامل,null,هیسترکتومی رادیکال با برداشت تخمدان‌ها,کموتراپی و جراحی حفظ باروری,کموتراپی و جراحی حفظ باروری,
fellowship_oncology_1403.jsonl,OBGYN-1403-CAT-455,خانمی ۳۶ ساله متاهل و نولی پار، جراحی کونیزاسیون شده است که جواب پاتولوژی کارسینوم اسکواموس مهاجم سرویکس بدون تهاجم لنفی عروقی است. عمق تهاجم تومور ۲ میلی‌متر می‌باشد. حاشیه‌ها و کورتاژ اندوسرویس منفی است. اقدام مناسب بعدی چیست؟ الف) تحت نظرگیری و اجازه باروری,null,کونیزاسیون مجدد,رادیکال تراکلکتومی,رادیکال هیسترکتومی,
fellowship_oncology_1403.jsonl,OBGYN-1403-CAT-481,سوال: خانمی G1 دیابتیک با شروع دردهای زایمانی در ۳۷ هفته بستری می‌گردد و دیلاتاسیون ۳ سانتی‌متر دارد. قبل از بستری شدن انسولین ۷۳۲۲و رکولار دریافت کردند و 135-58 گزارش شد. وزن تخمینی در سونوگرافی ¥Y-- گرم می‌باشد. اقدام مناسب چیست؟ - الف) تجویز نرمال سالین همراه با انسولین و سزارین,null,تجویز سرم قندی ۸۵۰ و تحت نظر قرار دادن بیمار,تجویز نرمال سالین + انسولین و فرصت زایمان واژینال,شروع دکستروز ۵/ و اینداکشن,
fellowship_oncology_1403.jsonl,OBGYN-1403-CAT-482,سوال: خانمی ۸ ساله با ماموگرافی مبنی بر کلسیفیکاسیون‌های مشکوک در برست راست مراجعه کرده است. توده قابل لمس در معاینه یافت نمی‌شود. بیوپسی کارسینوم Ductal carcinoma in situ را نشان داد. مناسبترین اقدام درمانی برای این بیمار چیست؟ - الف) ماستکتومی سگمنتال و سپس پرتو درمانی,null,ماستکتومی توتال و سپس شیمی درمانی,ابتدا شیمی درمانی و سپس ماستکتومی توتال,ابتدا پرتو درمانی و سپس ماستکتومی سگمنتال,
fellowship_oncology_1403.jsonl,OBGYN-1403-CAT-483,سوال: خانمی بدنبال رابطه جنسی با همسر جدید دچار دیزوری مختصر و لکه بینی شده است. در معاینه سرویسیت موکوپرولانت مشاهده شد. درمان ترجیحی بیمار کدام یک از موارد زیر می‌باشد؟ - الف) سفیکسیم + آزیترومایسین,null,نیتروفورانتولین + آزیترومایسین,نیتروفورانتوئین + سفیکسیم,سیپروفلوکساسین + مترونیدازول,
fellowship_oncology_1403.jsonl,OBGYN-1403-CAT-513,بیماری رتینیت پیگمانتوزا به دنبال جهش در ۲۵ ژن مختلف بوجود می‌آید و احتمال دارد اتوزوم غالب، مغلوب یا وابسته به X باشد. این پدیده توسط چه مکانیسم ژنتیکی رخ می‌دهد؟ * ناهمگونی ژنتیکی * ناهمگونی جایگاه * ناهمگونی آللی * ناهمگونی فنوتیپی,null,null,null,null,
fellowship_oncology_1403.jsonl,OBGYN-1403-CAT-514,همه میکرواورگانیسم‌های زیر در تست سیتولوژی سرویکس قابل شناسایی است بجز؟ * اکتینومایکوزیس * هرپس سیمپلکس * واژینوز باکتریال * کلامیدیا,null,null,null,null,
fellowship_oncology_1403.jsonl,OBGYN-1403-CAT-526,بیمار خانمی ۲۷ ساله با سن حاملگی ۲۹ هفته که از یک هفته قبل دچار آبریزش بدون درد شده است. با تشخیص کوریوآمنیونیت ختم بارداری داده می‌شود. در بررسی به عمل آمده جفت دارای آبسه‌های متعدد می‌باشد. محتملترین تشخیص و درمان مناسب کدام است؟ الف) لایم - آمپی سیلین و کلیندامایسین,null,استرپتوکوک بتا همولیتیک - سفازولین,لیستریوزیس - آمپی سیلین و جنتامایسین,استافیلوکوک مقاوم به متی سیلین - کوآموکسی‌کلاو,
fellowship_oncology_1403.jsonl,OBGYN-1403-CAT-527,خانم ۳۸ ساله G3P1 با تشخیص CIN III (سرطان درجا) جراحی LEEP شده است. جواب پاتولوژیک، سرطان اسکواموس با تهاجم به عمق ۱ میلی‌متر و پهنای ۲ میلی‌متر گزارش شده است. بهترین اقدام چیست؟ الف) انجام پاپ اسمیر و ECC (Endocervical Curettage) ماه بعد,null,مخروط برداری با چاقوی سرد,Conization مجدد با LEEP,هیسترکتومی با حفظ تخمدان‌ها,
fellowship_oncology_1403.jsonl,OBGYN-1403-CAT-540,خانم ۱۱ ساله با ضایعه ناحیه کلیتوریس مراجعه کرده است. در طی بیوپسی SCC ولو گزارش شده است. چه درمانی برای بیمار انجام می‌دهید؟ - الف) Wide local excision + لنفادنکتومی آپنگوینال فمورال دوطرفه,null,Radical vulvectomy + لنفادنکتومی آپنگوینال فمورال دوطرفه,Small field Radiotherapy,Extended field Radiotherapy,
fellowship_oncology_1403.jsonl,OBGYN-1403-CAT-542,خانم ۵۴ ساله کاندید جراحی هیسترکتومی می‌باشد. بیمار علائم سرفه، تاکی‌پنه دارد. کدام یک از اقدامات تشخیصی قبل عمل صحیح‌تر است؟ - الف) CXR,null,نمونه‌برداری از ترشحات خلط,اسپیرومتری ریه,CT اسکن,
fellowship_oncology_1403.jsonl,OBGYN-1403-CAT-547,سوال ۱۰: خانم ۴۱ ساله با G3P1A0 با خونریزی نامرتب رحمی مراجعه کرده و نتیجه بیوپسی آندومتر Atypical complex hyperplasia گزارش شده است. بیمار تمایل به بارداری دارد. کدام اقدام درمانی را ترجیح می‌دهید؟ - تجویز مدروکسی‌پروژسترون مداوم به مدت ۲-۶ ماه - تجویز مژسترول استات mg ۴۰-۱۶۰ مداوم به مدت ۲-۶ ماه - تجویز مژسترول استات mg ۴۰-۱۶۰ سیکلیک از روز ۱۰ سیکل به مدت ۲ هفته - درمان با GnRH آگونیست به مدت ۲ ماه,null,null,null,null,
fellowship_oncology_1403.jsonl,OBGYN-1403-CAT-548,سوال ۱۱: خانم ۳۵ ساله و primi gravida با توده تخمدان. کاندید لاپاراتومی شده است. حین جراحی توده محدود به تخمدان بوده و فروزن توده را گرانولوزاسل تومور گزارش کرده است. کدام یک از اقدامات زیر صحیح است؟ - Cystectomy + Pelvic lymphadenectomy - Unilateral adnexectomy + Endometrial Biopsy - TAH + Unilateral adnexectomy - TAH + BSO + Staging,null,null,null,null,
fellowship_oncology_1403.jsonl,OBGYN-1403-CAT-550,سوال ۱۳: خانم ۲۰ ساله با یک توده Cyctic-Solid حدود ۸ سانتی‌متری در تخمدان راست تحت جراحی Cystectomy قرار گرفت و فروزن حین عمل توده را مشکوک برای بدخیمی گزارش کرده است. چه اقدامی جهت بیمار ارجح است؟ - برداشتن تخمدان راست - بیوپسی از تخمدان چپ - خاتمه جراحی و ادامه کار براساس پاتولوژی قطعی - انجام مرحله‌بندی کامل,null,null,null,null,
fellowship_oncology_1403.jsonl,OBGYN-1403-CAT-551,سوال ۱۴: خانم ۴۰ ساله با ۴ فرزند. به علت CIN III تحت جراحی Conization قرار گرفته است و در پاتولوژی علاوه بر CIN III آدنوکارسینوم Insitu سرویکس گزارش شده است. اقدام ارجح کدام است؟ - پیگیری دوره‌ای بیمار - هیسترکتومی ساده - رادیوتراپی اکسترنال - براکیتراپی,null,null,null,null,
fellowship_oncology_1403.jsonl,OBGYN-1403-CAT-570,۴۱. در بیوپسی ضایعه استئوئید سرویکس، کلپوسکوپی خانم ۳۵ ساله‌ای مولتی‌بار با SCC سرویکس با تهاجم استرومال ۲ میلی‌متر گزارش شده است. درمان صحیح کدام است؟ - الف) رادیوتراپی,null,هیسترکتومی ساده,هیسترکتومی رادیکال تایپ ۳,کمورادیوتراپی,
fellowship_oncology_1403.jsonl,OBGYN-1403-CAT-575,۷. خانم ۴۶ ساله دیابتی با درد ناحیه ولو مراجعه کرده است. بیمار تب‌دار و لکوسیتوز دارد. در معاینه پوست لابیا ماژور یک طرفه ادماتو تیره رنگ و به نظر نکروتیک می‌آید و علامت کریپیتوس مثبت است. اقدام صحیح کدام است؟ - الف) آنتی‌بیوتیک تراپی و بررسی مجدد,null,رادیوگرافی ناحیه و بررسی مجدد,استفاده از لیزر,دبریدمان جراحی,
fellowship_oncology_1403.jsonl,OBGYN-1403-CAT-576,۸. حین عمل هیسترکتومی قسمت انتهای حالب دچار Crush injury شده است. اقدام بعدی را بفرمایید؟ - الف) استنت حالب و پوشش با اپی‌لوم,null,یورترویورتروستومی + استنت حالب,رزکسیون ناحیه و یورترونفروستومی,یورترویورتروستومی با حرکت حالب به سمت مقابل با آناستوموز End-To-Side,
fellowship_oncology_1403.jsonl,OBGYN-1403-CAT-605,خانم ۴۰ ساله با سابقه مصرف قلیان به علت اندومتریوز لگن تحت جراحی لاپاروسکوپی قرار گرفت. بیمار روز دوم پس از عمل دچار سرفه و تب شده است. کدام یک از روش‌های تشخیصی زیر به عنوان اولین اقدام صحیح است؟ - Chest X ray - Pelvic CT Scan - Blood culture - Chest CT,null,null,null,null,
fellowship_endoscopy_1403.jsonl,OBGYN-UNKNOWN-FELLOWSHIP-ENDOSCOPY-001,کدام یک از نشانه‌های تصویربرداری برای تشخیص آپاندیسیت حاد. بیشترین حساسیت رادارد؟,ضخیم شدن دیوارهآپاندیس,وجود چربیپری‌آیاندیس,۷ افزایش اندازه GL SLT بیش از ۶میلی‌متر,افزایش جذب ماده Hele در دیوارهآپاندیس,
fellowship_endoscopy_1403.jsonl,OBGYN-UNKNOWN-FELLOWSHIP-ENDOSCOPY-002,دربیمار مبتلا به سرطان تخمدان با کارسینوماتوز گسترده و انسداد روده باریک. کدام گزینه برای مدیریت جراحی بهترینانتخاب,است؟,کولوستومی دائمی Gly جلوگیری از انسدادمجدد,شنت روده‌ای برای عبور مدفوع و جلوگیری از جراحیبزرگ,۷ رزکسیون روده‌ای همراه با آناستوموز اولیه در صورتامکان,
fellowship_endoscopy_1403.jsonl,OBGYN-UNKNOWN-FELLOWSHIP-ENDOSCOPY-003,در مدیریت اولیه بیمار مبتلا به فیستول روده کوچک. کدام گزینه نادرستاست؟,استراحت روده همراه با ساکشننازوگاستریک,احیای مایعات والکترولیت‌ها,کف تغذیه وریدی بلافاصله پس ازتشخیص,کنترل سیسیس و مراقبت ازپوست,
fellowship_endoscopy_1403.jsonl,OBGYN-UNKNOWN-FELLOWSHIP-ENDOSCOPY-005,در بیماری که با افت سطح هوشیاری» اسیدوز متابولیک با آنیون گپ بالاء و شکاف آسمولار افزایش‌یافته مراجعه کرده است.کدام,کتواسیدوزدیابتی,لاکتیک اسیدوز ناشی ازشوک,نارسایی کلیه با اسیدوزاورمیک,,
fellowship_endoscopy_1403.jsonl,OBGYN-UNKNOWN-FELLOWSHIP-ENDOSCOPY-007,مرد ۲۸ ساله‌ای با ناباروری و ژنوتیپ ۴۷۰۰۷ مراجعه می‌کند. آزمایش‌های هورمونی. کاهش تستوسترون و افزایش!۴۵۲ و LHرا تجویز مهارکننده‌هایآروماتاز تزریق گنادوترویین‌ها جهت افزایشباروری,فلودر وکورتیزون ۰.۱ میلی‌گرم روزانه)۱۰۵۹ در هفته PA بارداری با cer] فشار خون ۹۵/۱۴۵ mmHg و افزایش قند خونناشتا,۷-بالا,تستوسترون:نرمال,قند ناشتا:۱۱۵/۵۲۱۰۵,
fellowship_endoscopy_1403.jsonl,OBGYN-UNKNOWN-FELLOWSHIP-ENDOSCOPY-008,بهترین اقدام درمانی در این بیمارچیست؟ افزایش پردنیزون برای کاهش ۱۷ g-OHP جلوگیری از پیشرفتهیپرآندروژنیس v تبدیل پردنیزون به هیدروکورتیزون و کاهش دوز فلودروکورتیزون برای کنترل فشار خون و قندخون افزودن متفورمین برای کنترل قند خون و جلوگیری از دیابتبارداری قطع فلودروکورتیزون Gly کاهش فشار خون و ادم. بدون تغییر در درمانگلوکوکورتیکوئیدی JlosFSH و۲۱ ۱: کمیافزایش‌یافته YL: AMH کاریوتیپ:۴۶xy,گن Gly بررسی وجود بیضه‌های داخلی با بقایایرحمی,ی بررسی جهش در OF گیرنده آندروژن S۹۵ Gly ARتشخیص,لاپاروسکویی تشخیصی Gly بررسی ساختارهای تناسلیداخلی,تعیین سطح دی‌هیدروتستوسترون GIYDHT افتراق از نقصهآلفا-ردوکتاز,
fellowship_endoscopy_1403.jsonl,OBGYN-UNKNOWN-FELLOWSHIP-ENDOSCOPY-009,خانم ۲۸ lw ۶۲۳۱در هفته ۲۶ بارداری با هیرسوتیسم پیشرونده آکنه شدید و بم‌ شدن صدا مراجعه کرده است. دربررسی‌های,آزمایشگاهی:,تستوسترون۳۵۰ng/dl,تصویربرداری سونوگرافی: توده تخمدانی مولتی لوکوله» بدون افزایش واسکولاریتی دیده میشود.,آزمایش مهار دگزامتازون Gly افتراق از تومورآدرنال,
fellowship_endoscopy_1403.jsonl,OBGYN-UNKNOWN-FELLOWSHIP-ENDOSCOPY-010,تخمدان برای بررسی توده بدخیماحتمالی بیوپسی هدایت‌شده با سونوگرافی از تودهتخمدان “ مشاهده و پیگیری سونوگرافی تا زمانزایمان صفحه ۲۷۵ excess androgen production پارگراف دوم خط۱۱ ۱(- در طی جراحی رادیکال هیسترکتومی جراح تصمیم به استفاده از استیلر Gly بستن لیگامان اینفندیبلوپلویک میگیرد.چهنوع استیلری را انتخابکند؟ EEA GIA vY TA wa -۳ جراحی در GLAS رتروپریتوین در پارامتر لترال دچار خونریزی از شاخه Glo کوچک شریانی شده. بهترین کلامپ برایهموستاز elasاست؟ right angle Y Kelly Heany,Zeppelin,ماکسون,PDS v,Dex,
fellowship_endoscopy_1403.jsonl,OBGYN-UNKNOWN-FELLOWSHIP-ENDOSCOPY-012,متوجه آسیب به مثانه شده. اقدام مناسب بعدی کداماست؟,تعبیه دابل جی و بعد از ترمیم کاف» ترمیممتانه,با توجه به اینکه در بیشتر مواقع Cowl در سطح تریگون میباشد ترمیم مثانه توسط ارولوژیست انجامشود.,,,
fellowship_endoscopy_1403.jsonl,OBGYN-UNKNOWN-FELLOWSHIP-ENDOSCOPY-014,یکی از مزایای Lol هیسترکتومی واژینال نسبت به روش های لاپاروسکوییک و لاپاروتومیچیست؟,کاهش نیاز به آنتی بیوتیک پروفیلاکتیک قبلعمل,امکان برداشتن همزمان تخمدان ها بدون افزایش پیچیدگیجراحی,,,
fellowship_endoscopy_1403.jsonl,OBGYN-UNKNOWN-FELLOWSHIP-ENDOSCOPY-016,بیمار خانم ۳۲ ساله به علت AU بینی و درد مختصر در dob سویرایوبیک به مطب زنان مراجعه کرده است بیمار شرححال,خونریزی های نامرتب و طی انجام آزمایشات در حد ۳۵۰۰ دارد در سونوگرافی انجام شده در به درمانگاه سطح یک نشانهای,,,,
fellowship_endoscopy_1403.jsonl,OBGYN-UNKNOWN-FELLOWSHIP-ENDOSCOPY-017,از بارداری داخل رحمی نداشته است و در لگن نیز مایع آزاد و پاتولوژی خاصی مشاهده نشده است. اقدام صحیح کداماست؟,شروع درمان بامتوترکسایت,,,,
fellowship_endoscopy_1403.jsonl,OBGYN-UNKNOWN-FELLOWSHIP-ENDOSCOPY-018,بستری و تکرار سونوگرافی وتیترا[۸۰۰۶,انجام سونوگرافی هفتهبعد,نواک ۲۰۲۰ فصل ۳۲-سقط زودرس و حاملگیاکتوییک,,,
fellowship_endoscopy_1403.jsonl,OBGYN-UNKNOWN-FELLOWSHIP-ENDOSCOPY-019,خانم ۴۰ ساله باردار با جواب تیتراژهای ۴۸۵۶۶ ساعته طی هفته قبل در حال حاضر مراجعه کرده است برای بیمار با توجهبه,سونوگرافی prc مشاهده حاملگی داخل یا خارج رحمی و پلاتو بودن ۸۱۰۶در حد ۱۸۰۰ دیلاتاسیون و کورتاژ انجام شد وجهت,پاتولوژی ارسال شد و بیمار مرخص گردید. بیمار ۵ روز بعد با درد شکمی dy اورژانس مراجعه کرده و تحت جراحی و تزریق خونقرار,,,
fellowship_endoscopy_1403.jsonl,OBGYN-UNKNOWN-FELLOWSHIP-ENDOSCOPY-020,گرفت. کدام اقدام لازم بود برای بیمار طی بستری قبلی انجام شود؟ ۷ مشاهده چشمی ساک حامگی و پرزهای کوریونی توسط جراح برای ردحاملگی,بستری jlay تا زمان اماده شدن جوابپاتولوژی,تیتراژ ۴۸۵۵۵ ساعت بعد از کورتاژ به صورت سریایی و پی گیریآن,بستری و سونوگرافی ۲۴ ساعت بعد ازکورتاژ,نواک ۲۰۳۰ فصل۳۲ - سقط زودرس و حاملگیاکتوپیک,
fellowship_endoscopy_1403.jsonl,OBGYN-UNKNOWN-FELLOWSHIP-ENDOSCOPY-021,درموارد پاندمی کووید ۱۹ چه اقداماتی جهت انجام Joc الکتیو لاپارسکوپی توصیهمیشود؟,در صورت بستری دربخش مراقبتهای ویژه بعلت کووید توصیه میشود جراحی ۶ هفته بعد از ابتلا انجامشود.,در صورت آسیمیتوماتیک بودن فرد « توصیه می شود یک هفته قبل از جراحی قرنطینهباشد.,ی انجام تست کووید ۲-۱ روز قبل از جراحی لازماست.,,
fellowship_endoscopy_1403.jsonl,OBGYN-UNKNOWN-FELLOWSHIP-ENDOSCOPY-022,کدام پرسیجر نیاز به پروفیلاکسی آنتی بیوتیکیدارد؟,TOT v,LEEP,هیستروسالینگوگرافی,,
fellowship_endoscopy_1403.jsonl,OBGYN-UNKNOWN-FELLOWSHIP-ENDOSCOPY-024,pls -۴ ۶ ساله مبتلا به اندومتریوز جهت مشاوره قبل از بارداری مراجعه کرده است.کدامیک ازموارد زیر در مورد ایشانصحیح,است؟,احتمال رشد ضایعات در تریمستر اول و دوران شیردهی وجوددارد.,جراحی اندومتریوز شانس سقط خود به خود را کمتر میکند.,lol v روشهای کمک باروری شانس سقط را بیشتر میکند.,
fellowship_endoscopy_1403.jsonl,OBGYN-UNKNOWN-FELLOWSHIP-ENDOSCOPY-025,خانمی OA ساله با سابقه ۴ زایمان طبیعی بعلت خروج کامل قله واژن مراجعه کردهاست. بیمار IP سال قبل هیسترکتومی و ۴ سال بعد بعلت پرولایس کاف واژن تحت عمل جراحی لاپاروسکوییک ساکروکولیویکسیIS گرفته است او سابقه بیماری بجز هیپوتیروییدی کنترل شده نمی دهد در معاینه GIS ۹ دیوارهای واژن هنگام زور زدن کاملابیرون قرار می گیرد. کدام روش درمانی زیر را برای ایشان مناسب تر میدانید؟,لایاراتومی و فیکس کردن مثانه و رکتوم به جدارON,چون عمل مجدد بسیار پرمخاطره است بهترین پیشنهاد عمل Fort عامیباشد.,لایاراتومی و فیکس مش قبلی به جدارشکم,۷ لاپاروسکویی و خروج مش قبلی و عمل مجدد ساکروکولپویکسی با مشجدید,
fellowship_endoscopy_1403.jsonl,OBGYN-UNKNOWN-FELLOWSHIP-ENDOSCOPY-026,هنگام oc ساکروکولیوپکسی کدام یک از موارد زیر برای پیشگیری از عوارض احتمالی مهم تراست؟,Deep bowel prep,استفاده ازNatural Mesh,,,
fellowship_endoscopy_1403.jsonl,OBGYN-UNKNOWN-FELLOWSHIP-ENDOSCOPY-028,در هنگام Joc لایاروسکوپیک ساکروکولپوپکسی چنانچه خونریزی شدید از عروق پره ساکرال اتفاق افتاد کدام اقدام زیر Glyکنترل خونریزی مناسب تراست؟,presacral suturing with barbed threads,placement of stainless steel thumbtacks,یuse of fibrin containing gel matrix,wire suturing,
fellowship_endoscopy_1403.jsonl,OBGYN-UNKNOWN-FELLOWSHIP-ENDOSCOPY-030,"در خانم ۲۲ ساله با درد گهگاهی شکم که با تشخیص تخمدانهای نزول ۰۵,۵۵ (Undescended ovaries (مراجعه نمودهاست کدامیک از گزینه های زیر صحیح میباشد؟",به دلیل منشا جداگانه تخمدان از رحم. شیوع Yl در جمعیت عادی در مقایسه با جمعیت دارای انومالی مولرین تفاوتیندارد.,جراحی با لایاروسکوپی به منظور ORL آوردن تخمدان ها باید انجامگردد.,تخمدانهای این افراد در قیاس با افراد نرمال دارای خونرسانی کمتر وسایز کوچکتر میباشند.,‌‌ِ در افرادی که قصد بارداری را دارند « (yo بایست ART پیشنهادگردد.,
fellowship_endoscopy_1403.jsonl,OBGYN-UNKNOWN-FELLOWSHIP-ENDOSCOPY-032,کدامیک از گزینه های زیر درخانم ۳۰ ساله با ۲۳اینترستیشیال به منظور کاهش خونریزی حین جراحی غلط میباشد؟,استفاده از کوتر بای پولار به منظور هموستازتانویه,تزریق وازوپرسین رقیق شده ay میومتر مجاور محل EP و سپس شروعجراحی,ابتدا انجام سوچورهای purse حول قاعده EP و سپس شروعجراحی,,
fellowship_endoscopy_1403.jsonl,OBGYN-UNKNOWN-FELLOWSHIP-ENDOSCOPY-033,"بیمار ۵۵ ساله‌ای پس از عمل جراحی هیسترکتومی لاپاراسکوپیک به دلیل فیبروم رحمیء در بخش ریکاوری بستری است.جراح قصد دارد yj, غذایی بیمار را زودهنگام آغاز کند. با توجه به اصول تغذیه پس از جراحی کدام یک از گزینه‌های زیر در موردتغذیه زودهنگام (Early Oral Feeding) صحیحاست؟ v کاهش موربیدیته جراحی و بازگشت سریعتر فانکشنگوارشی افزایش نیاز به داروهای ضد تهوع و کاهش تحمل تغذیهدهانی افزایش خطر نشت آناستوموز و خونریزیگوارشی Vo slay ۴ ساله با سابقه فشار خون بالا وتومور مغزی و عمل جراحی هیسترکتومی واژینال « در روز پنجم پس از عمل با درد وتورم",ساق GL چپ مراجعه می‌کند. سونوگرافی ترومبوز ورید عمقی (DVT) را تأیید می‌کند. با توجه به خطر GUL ترومبوآمبولی)۴۳,elas (PE) یک از گزینه‌های زیر برای slaw مناسب‌تراست؟,"شروع درمان با هپارین با وزن مولکولی کم (LMWH) به صورت زیرجلدی, همراه با وارفارین تا زمان رسیدن INR به حددرمانی",شروع درمان با داروهای ضدانعقاد خوراکی مستقیم (DOACS) مانند ریواروکسابان به صورتتک‌درمانی,
fellowship_endoscopy_1403.jsonl,OBGYN-UNKNOWN-FELLOWSHIP-ENDOSCOPY-034,استفاده از فیلتر ورید اجوف تحتانی Gly (IVE) جلوگیری از آمبولیریه,شروع درمان با هپارین انفوزیونی تا زمان تثبیت وضعیت slay و سپس تغییر به درمانخوراکی,plas -۵ یک از اعصاب زیر فقط عصب دهی حرکتی دارد؟,ایلیوهایپوگاستریک,۶- بعد از Jos جراحی لایاراسکویی برداشتن رحم و تخمدان‌ها و لنفادنکتومی لگنی به علت کنسر آندومتر در یک خانم OP ساله.بیمار,
fellowship_endoscopy_1403.jsonl,OBGYN-UNKNOWN-FELLOWSHIP-ENDOSCOPY-035,دچار بی‌حسی در OL داخلی ران می‌شود. آسیب کدام عصب مطرح میباشد؟,فمورال جلدیخارجی,پودندال,vابتوراتور,,
fellowship_endoscopy_1403.jsonl,OBGYN-UNKNOWN-FELLOWSHIP-ENDOSCOPY-036,خانم FA ساله dy علت دیسمنوره شدید که به درمان دارویی جواب نداده cowl تحت Jos جراحی برداشتن رحم و تخمدان‌هاو,برداشتن ندول یوتروساکرال دو طرف و رزکشن آناستوموز روده قرار گرفته است. بعد از عمل دچار احتباس ادرار و یبوستمی‌شود.,پودندالداخلی,پودندالخارجی,ابتوراتور,
fellowship_endoscopy_1403.jsonl,OBGYN-UNKNOWN-FELLOWSHIP-ENDOSCOPY-037,کدامیک از موارد زیر برای کاهش خطر آسیب حالب Yar جراحی ژنیکولوژی کمک کنندهاست؟,خونریزی از بدیکل زاویه واژن را با سوچورهای سطحی صفر کنترلشود.,در هنگام جراحی Burch با موبیلیزه کردن وسیع لترال مثانه» از آسیب حالب پیشگیریشود.,Gly v پیشگیری از آسیب حالب در هنگام جراحی در GLAS رتزیوس. دایسکشن درست نزدیک سمفیز پوبیسباشد.,در هنگام ساسینشن یوتروساکرال» سوچورها را نزدیک و کمی پایین تر از سطح خار ایسکیال زدهشود.,
fellowship_endoscopy_1403.jsonl,OBGYN-UNKNOWN-FELLOWSHIP-ENDOSCOPY-038,"خانم ۳۸ساله, ۲۵ روز بعد از لاپاراسکوپی اندومتریوز پیشرفته لگنی با درگیری کلدوساک با درد شکم, تب غیرقابل توجیهو",احساس یک توده در Crow چپ شکم و لگن مراجعه کرده است. در آزمایشات لکوسیتوز دیده می شود. بهترین اقدامتشخیصی,,,,
fellowship_endoscopy_1403.jsonl,OBGYN-UNKNOWN-FELLOWSHIP-ENDOSCOPY-039,جهت نوع آسیب کداماست؟,بررسی کراتینینسرم,LCT Scan v کنتراست داخلوریدی,MRI,,
fellowship_endoscopy_1403.jsonl,OBGYN-UNKNOWN-FELLOWSHIP-ENDOSCOPY-040,خانمی Fo ساله با سابقه ۳ بار سزارین و هیسترکتومی حین سزارین سوم به علت پره US که تحت ترمیم وسیع متانه dyعلت کردن چسبندگی قرار میگیرد. بیمار سابقه سنگ AIS چپ را ذکر می کند. دو هفته بعد از عمل متوجه آسیب حرارتی شدید وپارگی حالب در ad GUL لگنی شده. بهترین روش ترمیم در این بیمار lasاست؟ یورترونئوسیستوستومی,Boari flap,ترانسیورترویورتروستومی,lleal interposition Y,صفحه ۶۹۰-ستون چپ-پاراگراف اول-سطر ol تاآخر,
fellowship_endoscopy_1403.jsonl,OBGYN-UNKNOWN-FELLOWSHIP-ENDOSCOPY-041,"(۴- بعد از انجام کولیوساسپنشن رتروپوبیک در حین سیستوسکوپی متوجه یک سوچور در دیواره مثانه شده, کدام یک ازاقدامات",ضروری نمیباشد؟,برداشتنسوچور,vY سونداژ Aili جهت درناز ۷۰۱۰روز,ترمیم مثانه در صورت لسراسیونمنانه,
fellowship_endoscopy_1403.jsonl,OBGYN-UNKNOWN-FELLOWSHIP-ENDOSCOPY-043,خانم ۸ ساله. دو روز قبل تحت جراحی اندومتریوز قرار گرفته واز درد شدید محل انسیزیون شاکی است. در معاینه اریتممختصرو,سفتازیدیم ومترونیدازول,جنتاایسین وکلیندامایسین,= پنی سیلین وکلیندامایسین,پی پراسیلینتازوباکتام,
fellowship_endoscopy_1403.jsonl,OBGYN-UNKNOWN-FELLOWSHIP-ENDOSCOPY-045,خانمی ۳۵ ساله که ۴ روز قبل ay علت آندومتریوز ۴ ۲۹۶]وتحت عمل لاپاراسکوپی قرار گرفته است. به علت تهوع و استفراغو,دیستانسیون شکمی به آورزانس مراجعه کرده است‌در معاینه شکم دیستانسیون وجود دارد و صداهای روده ای شنیده نمیشود.,,,,
fellowship_endoscopy_1403.jsonl,OBGYN-UNKNOWN-FELLOWSHIP-ENDOSCOPY-046,بهترین اقدام ag! کداماست؟,شروع درمان طبی و در صورت PAS بهبودی پس از ۴۸-۷۲ ساعت CT-scan با dvogiGl-contrast میشود.,,,,
fellowship_endoscopy_1403.jsonl,OBGYN-UNKNOWN-FELLOWSHIP-ENDOSCOPY-047,اکردن بیمار وتصحیح آبوالکترولیت,vY بلافاصله انجامCT-scan with Gl-contrast,گذاشتن gNG-tube تخلیه هوایمعده,۶- خانم OA ساله که به دلیل کانسر آندومتر کاندید ۲۲۲۸۵۰ می‌باشد. مبتلا به IHTN ۱ سال قبل می‌باشد که تحت درمانبا,,
fellowship_endoscopy_1403.jsonl,OBGYN-UNKNOWN-FELLOWSHIP-ENDOSCOPY-048,متورال ۵۰ میلی گرم صبح هایک عدد و لوزارتان ۵۰ میلی گرم روزانه یک عدد می‌باشد. در مورد بیمار فوق کدام اقداممناسب است؟,متورال slay صبح روز جراحی قطعشود.,لوزارتان بیمار صبح روز جراحی ادامهیابد.,متورال بیمار دوباره پس از عمل» پس از تابید عملکرد خوب ۴S و وضعیت یوولمی jlo شروعشود.,-FV بیمار خانم ۳۲ ساله که کاندید جراحی الکتیو میومکتومی لاپاراسکوپی می‌باشد. در آزمایشات قبل از TSH=۰.۰۲ Loc دارد کهبا,
fellowship_endoscopy_1403.jsonl,OBGYN-UNKNOWN-FELLOWSHIP-ENDOSCOPY-050,بیماری به دنبال سوچورینگ حفره ساکروایلیاک دچار هیپوستزی و پارستزی در قسمت پشتی ران و ساق پا به همراه ضعفدر,عصبفمورال,عصبپودندال,,,
fellowship_endoscopy_1403.jsonl,OBGYN-UNKNOWN-FELLOWSHIP-ENDOSCOPY-051,کدام جمله در مورد قرارگیری مناسب بیمار جهت جلوگیری از آسیب عصبی در حین جراحی صحیحنیست؟,وضعیت ۰۷الیتیوتومی برای جراحی لاپاراسکویی مناسباست.,وضعیت والیتوتومی برای جراحی واژینال مناسباست.,,,
fellowship_endoscopy_1403.jsonl,OBGYN-UNKNOWN-FELLOWSHIP-ENDOSCOPY-052,هیپ WL خم شود و در زاویه بین ٩۰ تا ۱۲۰ نسبت به تنهباشد.,رکاب egecandy can جراحی واژینال مناسب‌تراست.,,,,
fellowship_endoscopy_1403.jsonl,OBGYN-UNKNOWN-FELLOWSHIP-ENDOSCOPY-054,یدانکوله به داخل سرویکس گزارش کرده است. کدامیک از اقدامات زیر را در ابتدا توصیه نمیشود؟,بررسی Sho alle و معاینه بالینی جهت رد مسایلعفونی,بستریکردن,,,
fellowship_endoscopy_1403.jsonl,OBGYN-UNKNOWN-FELLOWSHIP-ENDOSCOPY-056,-OF حین میومکتومی لاپاراسکوپیک متوجه آسیب اندومتر شده؛ اقدام مناسب کداماست؟,ترجیحا لاپراتومی انجام شده و اندومتر ترمیمشود.,تزریق Jj ضد چسبندگی به داخل رحم جهت پیشگیری ازچسبندگی,ترمیم اندومتر و میومتر باهم در یک QU با نخ ویکریلصفر,ترمیم آندومتر بطور مجزا و بدون ورود به حفرهرحم,
fellowship_endoscopy_1403.jsonl,OBGYN-UNKNOWN-FELLOWSHIP-ENDOSCOPY-058,انتخاب اول کداماست؟,mirena,elagolix v,GnRH agonist,جراحی,
fellowship_endoscopy_1403.jsonl,OBGYN-UNKNOWN-FELLOWSHIP-ENDOSCOPY-059,در دختر ۱۹ ساله با اختلال ore تخمک گذاری و سطوح پایین ۲۵۲۱و ۲۱او استرادیول و سطح پایین ۱۳ «free کدامتشخیص محتملاست؟ Ovarian failure Psychological stress Eating disorder Y Thyroid dysfunction -O۴ در خانم ۳۵ ساله Lobese الیگومنوره و سندروم ۳۰۰۵همه ارزیابی‌های زیر توصیه می‌شود بهجز؟,vاکوکاردیوگرافی,Endometrial sampling,Lipid profile,Glucose tolerance test,
fellowship_endoscopy_1403.jsonl,OBGYN-UNKNOWN-FELLOWSHIP-ENDOSCOPY-060,در دختر ۱۴ ساله با سندروم متابولیک و plasPCO گزینه درمانی ارجحاست؟,Metformin + OCP,OCP + Antiandrogen,Metformin + Antiandrogen Y,Metformin + Progestron,
fellowship_endoscopy_1403.jsonl,OBGYN-UNKNOWN-FELLOWSHIP-ENDOSCOPY-061,حین سیستکتومی تخمدان جهت دستیابی dy هموستاز. بیشترین تأثیر مخرب بر ذخیره آینده تخمدان با کدام یک از روش هایزیر است؟,بخیهزدن,ژلاتین ماتریکسترومبین,W = بای پلارالکتروکواگولیشن,سلولز اکسیدهشده,
fellowship_endoscopy_1403.jsonl,OBGYN-UNKNOWN-FELLOWSHIP-ENDOSCOPY-062,در موارد انسداد پروگزیمال لوله جهت باز نمودن مجدد dg) کدام روش با موفقیت بیشتری همراهاست؟,کانولاسیونهیستروسکوییک,jb کردن تحت گایدفلوروسکوپی,جراحی اناستوموز ایسمکورنه,,
fellowship_endoscopy_1403.jsonl,OBGYN-UNKNOWN-FELLOWSHIP-ENDOSCOPY-063,جهت loys اندومتریومای تخمدانی کدام یک از روشهای زیر در کاهش درد و عود پس از عمل موثرتر و با افزایش میزانبارداری,خوبخود. همراهاست؟,درنازساده,یاکسزیون,,
fellowship_endoscopy_1403.jsonl,OBGYN-UNKNOWN-FELLOWSHIP-ENDOSCOPY-064,در مورد اندیکاسیون خارج سازی آپاندیس Yar جراحی الکتیو اندومتریوز PIS رویکرد صحیح تر به نظر میرسد؟,مشاهده ایمپلنت رویآن,کف انجام روتین در حین جراحیاندومتریوز,مشاهده علایم التهاباپاندیس,,
fellowship_endoscopy_1403.jsonl,OBGYN-UNKNOWN-FELLOWSHIP-ENDOSCOPY-065,در بیماری با سابقه اوفورکتومی دوطرفه قبلی و شکایت درد مزمن لگنی. شک به سندروم بقایای تخمدان شده. جهتتایید,تشخیص کدام روش صحیح تراست؟,عدم وجود علایموازوموتور,سطح استرادیولپایین,رویت توده سیستیک درسونوگرافی,
fellowship_endoscopy_1403.jsonl,OBGYN-UNKNOWN-FELLOWSHIP-ENDOSCOPY-066,تمام موارد زیر چالشهای انجام هیسترکتومی به روش لاپاراسکویی است بهجز؟,Reduced depth perception,Reduced intuitive movements,Reduced field of view,یIncreased range of motion,
fellowship_endoscopy_1403.jsonl,OBGYN-UNKNOWN-FELLOWSHIP-ENDOSCOPY-067,زمانی که slay در وضعیت ترندلنبرگ جهت لاپاراسکویی قرار می گیرد جهت جلوگیری از cephalad ۰۱۰۹نادبیمار» استفاده ازplas یک از موارد زیر مناسب و ارزاناست؟,Air mattresses,Bean bags,Egg-crate foam v,Foam pads with attached Velcro straps,
fellowship_endoscopy_1403.jsonl,OBGYN-UNKNOWN-FELLOWSHIP-ENDOSCOPY-069,خانمی ۳۰ ساله نولی گراوید با ناباروری به مدت ۴ سال. در up ۷۷۰۲تشخیص infertility ۵۵۱۲۱۳۰۶۰ لاداده شده. در ۲۷۵وMRI,انجام شده میوم ۶۶به سایز ۷در ۵ سانت» میوم ۶۲-۵به سایز ۴ در ۵ سانت در لترال راست رحم» میوم ۶۴به سایز ۴ در ۳سانت,,,,
fellowship_endoscopy_1403.jsonl,OBGYN-UNKNOWN-FELLOWSHIP-ENDOSCOPY-070,و میوم ۱۶۱ درا سانت گزارش می شود. در مورد اثرات این میوم ها بر روی باروری و جراحی آنها سوال می کند. کدام یک از مواردزیر,۷ برداشتن میوم های ۶۱و ۶۲-۵سبب افزایش باروری میشود.,برداشتن میوم ۵۶به دلیل بزرگی سایز آن توصیه میشود.,میوم ۹۶۴ میوم ۳۶ابه یک میزان» باروری را کاهش میدهند.,-Vo خانمی FP ساله با شکایت yyy LAUB ۱۱۵ابه مدت ۶ cole در Work up های انجام شده میوم ۶۳به سایز ۴ در ۵سانت,
fellowship_endoscopy_1403.jsonl,OBGYN-UNKNOWN-FELLOWSHIP-ENDOSCOPY-071,تشخیص داده شده. کدام درمان طبی مناسب این بیماراست؟,LNG-IUS Y,ganirelix,Ulipristal acetate,Decapeptyl,
fellowship_endoscopy_1403.jsonl,OBGYN-UNKNOWN-FELLOWSHIP-ENDOSCOPY-072,خانمی ۴۵ ساله ۶۲۱۲به دلیل g۹AUB میوم های اینترامورال و ساب سروزال تحت artery embolization ۱۶۲۱۴۶ لاقرارمیگیرد. تمام موارد زیر صحیح استبجز: درد بعد از «foc مستلزم بستری به مدت ۱ روز در بیمارستاناست. v بسیاری از خانم ها بعد از | ماه فعالیت عادی خود را از سر میگیرند. تب پابرجا و عدم پاسخ به آنتی بیوتیک ها نیاز به هیسترکتومیدارد. در cpl بیمار menopause ۶۲۲۱۷ممکن است اتفاقافتد.,ترمیم در دولایه و سوند فیکس ۵روز,#۴ اکسزیون و ترمیم چند لایه ای و سوند فیکس ۱۴روز,کاتتریزاسیون تا ۲۱روز,سوند فیکس ۲ هفته و سپسسیستوگرافی,
fellowship_endoscopy_1403.jsonl,OBGYN-UNKNOWN-FELLOWSHIP-ENDOSCOPY-075,آسیب ay اعصاب فضای پره ساکرال طی جراحی های رادیکال لگنی ممکن است با plas عارضه همراهی داشتهباشد؟,ve بی اختیاری ادرار و اختلال عملکرد رودهای,کاهش حس در ناحیه قدامیران,درد تیر کشنده همراه با کاهش حس در اندام(pss,فلج کامل عضلات کفلگن,
fellowship_endoscopy_1403.jsonl,OBGYN-UNKNOWN-FELLOWSHIP-ENDOSCOPY-076,کدام یک از گزینه‌های زیر در مورد تأثیر استروژن اگزوژن و بارداری بر آزمایش‌های عملکرد تیروئید صحیح است؟ استروژن اگزوژن با کاهش «Thyroid Hormone-binding Proteins منجر به کاهش GSI سطح ۲۴ آزادمی‌شود. v درافرادی که تحت هورمون درمانی پس از (Sub هستند بهتراست ۲۴ ۳۲۵۶و ۱۳ Free اندازه گیریشود.,گنادوتروپین جفتی انسان (۲۱۵۰)باعت سرکوب عملکرد تیروئید شده و در نتیجه در سه‌ماهه اول بارداری» سطح ۵۳۱آبه‌طورکاذب,در زنان سالم از زمان بلوغ به craw یائسگی» کاهش قابل توجهی در سطح هورمون‌های ازاد تیروئیدی رخ میدهد.,نواک ۲۲-صفحه:۱۲۱۹-۱۲۱۸,۰- درمان اولیه ۶ly(Empiric therapy) یک بیمار سریایی مبتلا به پنومونی بدون بیماری قلبی-ریوی همراه یافاکتورهای,
fellowship_endoscopy_1403.jsonl,OBGYN-UNKNOWN-FELLOWSHIP-ENDOSCOPY-078,"در ابزار الکتروسرجری بای پلار, کدام موج آزاد میشود؟ CUT Y COAG",BLEND,Radiofrequency,Eye,۲- طی Joc جراحی. کابل مونویلار را به دور دسته هموستات فیکس شده و dy شان بیمار متصل شده است. در انتهای عملمتوجه,
fellowship_endoscopy_1403.jsonl,OBGYN-UNKNOWN-FELLOWSHIP-ENDOSCOPY-079,شده که پوست بیمار در محل اتصال ay هموستات دچار سوختگی شده است. کدام عارضه الکتروسرجری ایجاد شدهاست؟,Open Activation,Direct Coupling,Insulation Failure,Capacitive Coupling v,
fellowship_endoscopy_1403.jsonl,OBGYN-UNKNOWN-FELLOWSHIP-ENDOSCOPY-080,در هنگام استفاده از لیگاشور برای کوتر یک رگ بزرگ مانند شریان رحمیء کدامیک از موارد زیر همراه با بهترین نتیجهالکتروسرجری میباشد؟,Y فعال کردن ابزار در یک محل برای یکنوبت,فعال کردن ابزار در یک محل Gly دونوبت,فعال کردن ابزار در دو محل کاملا نزدیک بههم,تمام موارد Vb نتیجه مشابهدارند.,
fellowship_endoscopy_1403.jsonl,OBGYN-UNKNOWN-FELLOWSHIP-ENDOSCOPY-081,کدامیک از موارد زیر کاندید مناسبی برای ابلیشن اندومتر به منظور درمان خونریزی غیر طبیعی رحم مقاوم به درمان میباشد؟,vY خانم dle FF با پایپل کورتاژ مبنی برSecretory endometrium,خانم ۴۲ ساله با سابقه لیگاتورلوله,خانم ۳۸ ساله مبتلا به ۴۵۰با منوراژی واولیگومنوره,خانم FA ساله با آدنومیوز همراه با کاویته بزرگرحم,
fellowship_endoscopy_1403.jsonl,OBGYN-UNKNOWN-FELLOWSHIP-ENDOSCOPY-084,در هیسترکتومی ابدومینال جهت دسترسی به فضای رتروپریتوان» قطع plas لیگامان ضروریاست؟ v لیگامانراند,لیگاماناینفاندیبولوپلویک,لیگامانیوترواوارین,لیگامانیوتروساکرال,"-AA خانمی Bo ساله با سابقه یک نوبت جراحی میومکتومی, cde dy ادامه خونریزی و هیپرپلازی آندومتر کاندیدهیسترکتومی",
fellowship_endoscopy_1403.jsonl,OBGYN-UNKNOWN-FELLOWSHIP-ENDOSCOPY-086,یک روز بعد از انجام لیگاتور شریان هیپوگاستریک Gly کنترل خونریزی لگنی در یک مادر مبتلا به خونریزی حاد بعد اززایمان»,متوجه کاهش حجم ادرار و افزایش کراتینین سرم بیمار شده. بیمار A واحد فراورده خونی گرفته است. محتمل ترین تشخیصو,,,,
fellowship_endoscopy_1403.jsonl,OBGYN-UNKNOWN-FELLOWSHIP-ENDOSCOPY-089,"خانم ۲۹ ساله با سابقه سزارین, به دلیل بارداری ناشی از جفت اکرتا تحت عمل سزارین قرار گرفته است. در yar جراحیءعلیرغم","استفاده از روش‌های متداول JUS خونریزی, بیمار دچار خونریزی مداوم از بستر جفت می‌شود که با فشار مستقیم وداروهای",منقیض‌کننده رحمی کنترل نمی‌شود. اقدامات اولیه شامل تجویز مایعات. فرآورده‌های خونی و Sy محل خونریزی جفت انجامو,,,
fellowship_endoscopy_1403.jsonl,OBGYN-UNKNOWN-FELLOWSHIP-ENDOSCOPY-090,بطور موقت شکم بسته می شود. مناسب‌ترین اقدام جهت Bao پایداری همودینامیک بیمارچیست؟,انجام مجدد لایاراتومی و کوتر کردن محلخونریزی,,,,
fellowship_endoscopy_1403.jsonl,OBGYN-UNKNOWN-FELLOWSHIP-ENDOSCOPY-091,انتقال بیمار به رادیولوژی مداخله‌ای جهت آمبولیزاسیونشریانی,تزریق دوز GUL اکسیتوسین و متبل‌ارگونووین جهت کاهشخونریزی,انجام هیسترکتومی به عنوان اولین اقدامدرمانی,,,
fellowship_endoscopy_1403.jsonl,OBGYN-UNKNOWN-FELLOWSHIP-ENDOSCOPY-092,خانمی ۲۵ ساله LGIL۱ دیسمنوره‌ی اولیه شدید که به NSAID ها پاسخ نداده است. مراجعه می‌کند. وی تمایل به پیشگیریاز بارداری دارد. سیکلهای قاعدگی منظم و خونریزی slay در حد limit ۰۶۲ لانرمال است که در بررسی های انجام شده.پاتولوژی خاصی گزارش نشده cowl بهترین درمان خط اول کداماست؟,آمپول ۳ ماهه دیومدروکسی پروژسترون(DMPA),۲ ابصورت مصرفسیکلیک,Y ۳ بصورت مصرف ۲ ماه قرصفعال,۰لالوونورژسترولی Siile(LNG-IUD)میرنا,
fellowship_endoscopy_1403.jsonl,OBGYN-UNKNOWN-FELLOWSHIP-ENDOSCOPY-093,"خانم ۴۲ ساله ۶۲با خونریزی واژینال شدید و حاد مراجعه کرده است. معاینه واژینال نرمال است و در سونوگرافی ترانسواژینال,",مدروکسی پروژسترون استاتخوراکی,۷ دپومدروکسی پروژسترون استاتتزریقی,مزسترول استاتخوراکی,نوراتیندرونخوراکی,
fellowship_endoscopy_1403.jsonl,OBGYN-UNKNOWN-FELLOWSHIP-ENDOSCOPY-094,خانم Fo ساله به دلیل ۸لا#۸مقاوم به درمان بدون پاتولوژی غیر طبیعی کاندید ۸۱۵۱:۰۰اندومتر است. وی سابقه یکبار میومکتومی لاپاروسکوپیک را ذکر می کند. در سونوگرافی سایز رحم A سانت و ضخامت میومتر در محل اسکار میومکتومی ghd۵,بالونگرمایی,هیدروترمال,vمیکروویو,الکتروسرجیکال,
fellowship_endoscopy_1403.jsonl,OBGYN-UNKNOWN-FELLOWSHIP-ENDOSCOPY-096,"خانم PF ساله ای با شکایت درد لگنی از ۳ روز قبل مراجعه نموده است. در معاینه. ۳۸.۵:]بوده و سایر علائم حیاتی نرمالهستند. متحرک در آدنکس چپ به دست می خورد. در آزمایشات» لکوسیتوز» ۵۱٩:۳۰,CRP:۵۰, B-hCG:neg گزارش شده است.در","سونوگرافی توده کیستیک با اکوی میکس ۵ سانتیمتری در آدنکس cul, همراه با مایع آزاد مختصر در لگن گزارش شدهاست.",اقدام مناسب درمانی کداماست؟,بستری آنتی بیوتیک تزریقی و درناژ کیست با گایدسونوگرافی,sping v آنتی بیوتیک تزریقی و ارزیابیمجدد,
fellowship_endoscopy_1403.jsonl,OBGYN-UNKNOWN-FELLOWSHIP-ENDOSCOPY-097,خانم PA ساله ای با سابقه درد لگنی و درد کمر از یکسال Jud مراجعه کرده است. درد بیمار با ایستادن طولانی تشدید شده وهمراه,با دیسمنوره و دیسیارونی می‌باشد. وی از خستگی مزمن و علائم IBS در این مدت شاکی است. سیکلهای قاعدگی منظم و ۲۸روزه,هستند. درد بیمار هر ماه از نیمه سیکل شروع شده و تا آخر منس ادامه دارد. در معاینه. لمس ory پارامترها ولیگامانهای,یوتروساکرال تندرنس دارد. و رحم و تخمدانها بزرگتر از نرمال لمس می شوند. در سونوگرافی ابدومینال» رحم بزرگتر از نرمال بودهو,,
fellowship_endoscopy_1403.jsonl,OBGYN-UNKNOWN-FELLOWSHIP-ENDOSCOPY-098,کیستهای فانکشنال و کوچک متعدد در تخمدان ها گزارش شده است. کدام اقدام پاراکلینیک به منظور تشخیص دقیق ترانتخابی است؟ یMRI,سونوگرافی واژینال داپلرلگنی,Ct scan,لایاراسکویی,۸- خانمی FV ساله به علت خونریزی مقاوم dy درمانء IVI هیسترکتومی ابدومینال است. اندازه رحم ۱۲ سانتیمتر وهموگلوبین,
fellowship_endoscopy_1403.jsonl,OBGYN-UNKNOWN-FELLOWSHIP-ENDOSCOPY-099,بیمار ۱۱۱۹/۰ می‌باشد. انجام کدام اقدام را قبل از عمل توصیه میشود؟,تجویزGNRH,Endometrial sampling v,Dilation& curettage,ترانسفیوژنPack cell,
fellowship_endoscopy_1403.jsonl,OBGYN-UNKNOWN-FELLOWSHIP-ENDOSCOPY-100,"در کدام بیمار زیر می توان هیسترکتومی سوپراسرویکال انجامداد؟ دیسپلازیسرویکس اندومتریوز ۴ میومرحمی هیپرپلازیاندومتر -loo خانمی FV ساله به علت منوراژی شدید و میوم. کاندید هیسترکتومی ابدومینال است. تمام موارد زیرPerioperative checklist,> ضروری هستند بهجز؟",Cervical cancer screening,#۴ پرپ و آمادگیروده,پروفیلاکسیVTE,نواک فصل ۲۷-صفحه ۰۶۵۸ ستون ۰۱ جدول۲۷-۴,
fellowship_endoscopy_1403.jsonl,OBGYN-1403-CAT-058,یک روز پس از عمل جراحی لاپاراسکوپی جهت برداشتن کیست آندومتریوما، بیمار دچار درد شارپ و سوزشی در ناحیه پورت لاترال شده است. درمان پیشنهادی اول کدامیک از موارد زیر است؟ - الف) تزریق لیدوکائین در محل,null,برداشتن سوچر فاشیا,فیزیوتراپی,تجویز گاباپنتین,
fellowship_endoscopy_1403.jsonl,OBGYN-1403-CAT-059,اختلال عملکرد جنسی پس از هیسترکتومی رادیکال ناشی از آسیب کدام عصب می‌باشد؟ - الف) عصب پودندال,null,عصب ژنیتوفمورال,شبکه هایپوگاستریک تحتانی,عصب رکتال تحتانی,
fellowship_endoscopy_1403.jsonl,OBGYN-1403-CAT-060,خانم ۳۵ ساله با سابقه زایمان طبیعی به علت نارضایتی از coitus به درمانگاه مراجعه کرده است. در معاینه دیفکت کمپارتمان خلفی Stage 2 و TVL=9 cm می‌باشد. در ترمیم جراحی کمپارتمان خلفی کدامیک از موارد زیر به طور معمول نباید انجام شود؟ - الف) پلیکاسیون عضله لواتور,null,ترمیم اپی‌تلیوم واژن به روش Running locked,نزدیک کردن عضلات بولبوکاورنوس به روش Interrupted,استفاده از نخ منوفیلامان غیرقابل جذب دو صفر در ترمیم پرینه,
fellowship_endoscopy_1403.jsonl,OBGYN-1403-CAT-096,خانم ۳۷ ساله‌ای G0P0 بعلت کانسر پستان ductal invasive شش ماه قبل درمانش اتمام رسیده و تاموکسیفن دریافت می‌کند. جهت مشاوره بارداری مراجعه کرده است. کدامیک از توصیه‌های زیر صحیح است؟ (تلینذ) - الف) در صورت حاملگی بقای درازمدت بیمار کاهش می‌یابد.,null,شیردهی در بیمار پس از زایمان کنتراندیکه است.,قطع مصرف تاموکسیفن ۲ هفته قبل از بارداری توصیه می‌شود.,حاملگی بهتر است تا ۲-۳ سال پس از خاتمه درمان به تعویق افتد.,
fellowship_endoscopy_1403.jsonl,OBGYN-1403-CAT-131,خانم ۳۰ ساله‌ای کاندید جراحی هیسترکتومی شده است. کدام داروی زیر باید ۲۴ ساعت قبل جراحی قطع شود؟ الف) beta blockers,null,ACE inhibitors,Alpha 2 agonists,NSAID,
fellowship_endoscopy_1403.jsonl,OBGYN-1403-CAT-132,خانم ۴۰ ساله در مورد پیامد درازمدت بعد از هیسترکتومی از شما می‌پرسد. کدام گزینه صحیح است؟ الف) عملکرد جنسی بعد از عمل کاهش می‌یابد.,null,بی اختیاری ادرار بعد از عمل معمولا افزایش می‌یابد.,اختلالات متابولیک و بیماری‌های قلبی و فشار خون افزایش می‌یابد.,علائم یائسگی در سنین بالاتر ظاهر می‌شود.,
fellowship_endoscopy_1403.jsonl,OBGYN-1403-CAT-135,در حین هیسترکتومی شکمی در بیماری که رحم بزرگ همراه میوم سرویکال بزرگ دارد، کدام یک از تکنیک‌های زیر در جلوگیری از آسیب به حالب مفید است؟ الف) گره‌گذاری Uterine artery قبل از عمل جراحی,null,کلامپ پدیکولهای مجاور میوم,انجام میومکتومی سرویکال و بعد کلامپ چسبیده به رحم و سرویکس,استفاده از Ligasure جهت کلامپ‌های مجاور فیبروم سرویکال,
fellowship_endoscopy_1403.jsonl,OBGYN-1403-CAT-136,در خانمی که کاندید جراحی Burch برای بی‌اختیاری ادراری است، کدام فضای آناتومیک زیر باید دایسکت شود؟ الف) paravesical space,null,retzius space,presacral space,obturator space,
fellowship_endoscopy_1403.jsonl,OBGYN-1403-CAT-138,در خانم چاق (obese) که قرار است سزارین شود، برای کاهش عفونت و ترمیم بهتر زخم کدام مورد توصیه می‌شود؟ الف) گذاشتن درن زیر جلدی,null,استفاده از نخ‌های permanent,اجتناب از tension روی سوچورها,استفاده از سوچورهای separate به جای continuous,
fellowship_endoscopy_1403.jsonl,OBGYN-1403-CAT-187,خانم ۴۲ ساله با تشخیص کوریوکارسینوم شش ماه پس از یک زایمان طبیعی ترم مراجعه کرده. تیتر β-hCG بیمار 1480000 mIU/ml است. در کبد یک ضایعه ۲ سانتی دیده می‌شود و سایر اعضا مشکل ندارند. گزینه صحیح کدام است؟ - الف) Stage I,null,Stage II,Stage III,Stage IV,
fellowship_endoscopy_1403.jsonl,OBGYN-1403-CAT-291,خانم G4L4، ۳ هفته قبل زایمان واژینال با واکیوم بدون پارگی داشته و Gab گفته بیمار نوزاد وزن بالایی داشته است. وی از بی‌اختیاری مدفوع بصورت متناوب شاکی و بسیار نگران است. معاینه با اسپکولوم نرمال است. توصیه صحیح کدام است؟ - الف) درمان انتظاری,null,تجویز دیفنوکسیلات,کلپورافی,نورولیز,
fellowship_endoscopy_1403.jsonl,OBGYN-1403-CAT-292,خانمی با وزن ۱۳۰ کیلوگرم، کاندید جراحی هیسترکتومی شکمی می‌باشد. آنتی‌بیوتیک پروفیلاکسی سفازولین را با چه دوزی تجویز می‌کنید؟ - الف) ۲ گرم,null,۲ گرم,۱ گرم,دوز با وزن بیمار ارتباط ندارد,
fellowship_endoscopy_1403.jsonl,OBGYN-1403-CAT-317,خانمی ۵۸ ساله که هفته قبل تحت جراحی هیسترکتومی واژینال قرار گرفته، به علت از دست دادن حس در قسمت داخل ساق پا و دشواری در خم کردن ران و راست کردن زانو مراجعه کرده است. در معاینه رفلکس پاتلا از بین رفته است. آسیب وارده به کدام عصب می‌باشد؟ * الف) عصب ابتوراتور,null,عصب فمورال,عصب ایلیوهیپوگاستریک,عصب ایلیواینگوینال,
fellowship_endoscopy_1403.jsonl,OBGYN-1403-CAT-318,۷- جهت تعیین myometrial free margin (فاصله میوم از سروز) قبل از انجام هیستروسکوپیک میومکتومی، کدام روش زیر دقیق‌تر است؟ * الف) HSG,null,Saline infusion sonography,داپلر رنگی رحم,سونوگرافی واژینال,
fellowship_endoscopy_1403.jsonl,OBGYN-1403-CAT-319,۸- خانم ۴۵ ساله G4 به دلیل منوراژی تحت هیستروسکوپی کورتاژ قرار گرفته و با جواب پاتولوژی هایپرپلازی آتیپیکال اندومتر مراجعه کرده است. بیمار قبلاً توبکتومی شده است. در MRI یافته پاتولوژیک ندارد. بهترین اقدام درمانی کدام است؟ * الف) مدروکسی پروژسترون استات ۲۰ میلی‌گرم روزانه,null,مژسترول استات 40mg روزانه,هیسترکتومی توتال,هیستروسکوپی و ابلیشن اندومتر,
fellowship_endoscopy_1403.jsonl,OBGYN-1403-CAT-330,خانم ۵۰ ساله به علت نازایی اولیه کاندید لاپاراسکوپی تشخیصی شده است. در مورد آنتی‌بیوتیک پروفیلاکسی پیش از عمل، کدامیک از گزینه‌های زیر صحیح است؟ * الف) نیاز به آنتی‌بیوتیک ندارد.,null,سفازولین وریدی یک ساعت قبل,مترونیدازول وریدی یک ساعت قبل,داکسی‌سایکلین خوراکی دو ساعت قبل,
fellowship_endoscopy_1403.jsonl,OBGYN-1403-CAT-348,بیمار 60 ساله با کانسر تخمدان اپیتلیال پیشرفته کاندید اسپلنکتومی احتمالی حین عمل، بهترین زمان تجویز واکسن پنوموکوک چه زمانی است؟ الف) یک ماه قبل جراحی,null,یک ماه پس از جراحی,حداکثر تا 14 روز پس از عمل,زمان تجویز اهمیت ندارد,
fellowship_endoscopy_1403.jsonl,OBGYN-1403-CAT-367,خانمی ۷۰ ساله به علت پرولاپس Stage 4 کاندید عمل کولپوکلایزیس می‌باشد. کدامیک از علائم زیر بعد از عمل شایع‌تر است؟ - الف) بی‌اختیاری استرسی ادرار,null,احتباس ادرار,Urgency,فرکونسی,
fellowship_endoscopy_1403.jsonl,OBGYN-1403-CAT-378,کدام روش بستن زخم برای بیمار دیابتیک ۵۰ ساله با هیسترکتومی به دلیل کانسر اندومتر و بیرون‌زدگی روده‌ها مناسب‌تر است؟ - الف) Layered closure,null,Running mass closure,Through and through,Smeed Jones,
fellowship_endoscopy_1403.jsonl,OBGYN-1403-CAT-380,در طی سزارین هیسترکتومی اورژانس به علت جفت آکرتا، متوجه چسبندگی شدید مثانه به رحم می‌شویم. ایمن‌ترین روش جهت دایسکشن فضای وزیکواژینال و تعیین حاشیه مثانه کدام است؟ - الف) شروع دایسکشن به صورت شارپ از محل رفلکشن مثانه,null,پر کردن مثانه قبل از دایسکشن,دایسکشن با هدایت سیستوسکوپی و ترانس‌ایلومیناسیون,دایسکشن با باز کردن مثانه و تعیین رفلکشن از داخل مثانه (بدلیل جفت آکرتا),
fellowship_endoscopy_1403.jsonl,OBGYN-1403-CAT-468,خانمی ۳۵ ساله با شکایت درد حاد لگنی، تب و ترشحات چرکی واژینال مراجعه کرده است. در معاینه دو دستی، توده سفت همراه با تندرنس و فیکس احساس می‌شود. در سونوگرافی احتمال آبسه لوله‌ای تخمدانی مطرح شده است. بیمار بستری و تحت درمان با آنتی‌بیوتیک وسیع‌الطیف قرار گرفته و پس از سه روز، علائم بالینی بهبود نیافته است. بهترین اقدام بعدی کدام است؟ - الف) لاپاراسکوپی تشخیصی,null,ادامه AB تزریقی تا یک هفته,تغییر نوع آنتی‌بیوتیک‌های تزریقی,انجام لاپاراتومی,
fellowship_endoscopy_1403.jsonl,OBGYN-1403-CAT-469,بیمار دختر ۱۹ ساله‌ای با شکایت درد شدید شکم در L.Q.D به دنبال فعالیت ورزشی سنگین، همراه با تهوع و استفراغ مراجعه کرده است. در معاینه تاکی‌کاردی، حساسیت و ریباند تندرنس در معاینه ربع تحتانی راست شکم دارد. روش انتخابی کدام است؟ - الف) سونوگرافی کامل شکم و لگن,null,CT اسکن با و بدون کنتراست لگن,لاپاراسکوپی,لاپاراتومی,
fellowship_endoscopy_1403.jsonl,OBGYN-1403-CAT-470,خانمی ۵۰ ساله به دنبال جراحی رادیکال توده لگنی با شکایت دشواری و ناتوانی در نزدیک کردن ران‌ها (adduction) و از دست دادن حس قسمت داخلی ران مراجعه کرده است. احتمال آسیب کدام عصب مطرح است؟ الف) ژنیتوفمورال,null,ابتراتور,فمورال,لترال کوتانتوس ران,
fellowship_endoscopy_1403.jsonl,OBGYN-1403-CAT-471,خانمی ۶۵ ساله مبتلا به دیابت، ۷ روز قبل تحت جراحی هیسترکتومی به علت آدنوکارسینوم رحم قرار گرفته است. در حال حاضر با شکایت ادم و اریتم بافت نرم در ناحیه جراحی، درد بسیار شدید و تندرنس موضعی، افت فشارخون و تب مراجعه کرده است. آنتی‌بیوتیک وسیع‌الطیف شروع می‌شود. بهترین اقدام درمانی بعدی کدام است؟ الف) شستشوی روزانه زخم,null,اکسپلور جراحی,درمان با اکسیژن هایپرباریک (HBO),انفوزیون وریدی ایمونوگلوبولین (IVIG),
fellowship_endoscopy_1403.jsonl,OBGYN-1403-CAT-606,خانم ۶۰ ساله که تحت جراحی لاپاروسکوپی و میومکتومی قرار گرفته، یک ساعت پس از جراحی دچار تپش قلب، تعریق و درد شکم شده است. در معاینه اولیه BP=90/60mmHg، HR=130/min دارد. تزریق سرم رینگر یک لیتر IV انجام شد که وضعیت بیمار بدتر شده است. اولین اقدام اورژانس جهت مدیریت کدام است؟ - سونوگرافی شکم - انفوزیون دو واحد خون - لاپاروسکوپی مجدد - انتقال به ICU,null,null,null,null,
fellowship_endoscopy_1403.jsonl,OBGYN-1403-CAT-608,خانم ۸۰ ساله به علت پرولاپس رحمی تحت عمل هیسترکتومی واژینال قرار می‌گیرد. در شروع عمل متوجه بلند بودن سرویکس می‌شود. جهت ورود امن به حفره پریتوئن کدام اقدام صحیح است؟ - برش شکل ۷ در قدام سرویکس - کولپوتومی خلفی و لیگاتور لیگامان‌های یوتروساکرال - قبل از لیگاتور لیگامان‌های کاردینال، کولدوساک قدامی باز شود. - قبل از گرفتن عروق رحمی باید کولدوساک قدامی باز شود.,null,null,null,null,
